from_port,to_port,month,distance_nm,from_busy,to_busy,port_delay_days
SINGAPORE,NEWCASTLE,8,10515.278159069516,0.6973680290593639,0.09417734788764953,1.9879828591025757
SANTOS,DALRYMPLE BAY,6,5393.379254442103,0.9267649888486018,0.6438651200806645,4.26182566336785
DALRYMPLE BAY,SINGAPORE,11,8132.476190781681,0.7580877400853738,0.35452596812986836,3.5208677614391806
NEWCASTLE,ROTTERDAM,6,1959.9395407659022,0.15428949206754783,0.6830489532424546,3.0293329080064844
SINGAPORE,SANTOS,10,2864.1758060224524,0.47570492622593374,0.2269093490508841,2.2086744559846387
QINGDAO,SANTOS,10,5568.522979816832,0.2883281039302441,0.6824955039749755,2.7095115843111537
NEWCASTLE,SANTOS,6,9697.654825730662,0.45891577553833995,0.5687411959528937,2.8301397837783275
RICHARDS BAY,DALRYMPLE BAY,7,9532.48800286827,0.6347183200005908,0.5535794006579958,3.537710473377729
DALRYMPLE BAY,QINGDAO,4,10460.732269315744,0.23393948586534075,0.05830274168906602,1.7063853661961064
ROTTERDAM,RICHARDS BAY,10,8475.292173437569,0.4063868614400705,0.8140203846660347,2.9998087244574285
RICHARDS BAY,ROTTERDAM,9,6760.970138585317,0.15231210271316842,0.696320375077736,2.701467506100189
QINGDAO,RICHARDS BAY,5,2420.3241528190606,0.11800590212051532,0.9618976645495145,2.8407330316703874
QINGDAO,NEWCASTLE,4,6218.295772509781,0.272241561845159,0.0963909621534993,1.3125666062625805
NEWCASTLE,RICHARDS BAY,7,3356.114220861933,0.8566142840923755,0.7585195298352101,3.586276255272747
SINGAPORE,RICHARDS BAY,8,5865.977722791401,0.04161417386189248,0.49399081924451893,2.0985533707182245
SINGAPORE,NEWCASTLE,3,11213.76124295637,0.581061139700395,0.34686980453483707,3.0706103293440448
SANTOS,NEWCASTLE,1,6609.912473800684,0.4907069943545209,0.9378264549749828,3.1917472743362962
SINGAPORE,RICHARDS BAY,7,6108.57033320299,0.021612079880330426,0.8262919241943578,2.464055951787664
RICHARDS BAY,NEWCASTLE,2,8423.937664264968,0.7269946142868826,0.768647491917657,4.205576900031551
QINGDAO,SINGAPORE,7,5394.6839805556065,0.8297897431324132,0.8082514720643018,3.5846457581864
DALRYMPLE BAY,QINGDAO,12,3228.3820846111907,0.04491061939232899,0.43509706000303794,1.0102594332934456
DALRYMPLE BAY,QINGDAO,11,6948.012784057715,0.315929051830793,0.772012432110988,2.758912714752953
ROTTERDAM,QINGDAO,1,4030.19103755969,0.12275793241148603,0.8311126721249061,2.4374430756377286
DALRYMPLE BAY,QINGDAO,4,9662.750801532364,0.9718264260609674,0.5007411862023423,3.7628956051934326
SINGAPORE,NEWCASTLE,12,6816.464282016646,0.6942624356428865,0.5811166092209024,2.94032035705691
SINGAPORE,NEWCASTLE,2,2799.4149383286185,0.9275625510065076,0.39757819382494064,3.0591829988345434
SANTOS,QINGDAO,12,1761.0246595556914,0.5551980423268247,0.6339751116810851,2.432642312100258
DALRYMPLE BAY,SINGAPORE,8,11296.743826802218,0.8043609156129707,0.4673816015552915,3.272039420091241
QINGDAO,NEWCASTLE,6,7073.080701290061,0.6060158207000109,0.8677389537760112,4.585580368253416
QINGDAO,DALRYMPLE BAY,11,6265.917261801147,0.24783956295135812,0.23666236299758114,1.24358548360608
SANTOS,RICHARDS BAY,5,10158.973999791584,0.31033467392407443,0.14387193297114265,2.127296944204711
QINGDAO,SANTOS,2,1722.0541715326203,0.05539540916426011,0.1746414709358527,0.7240455812492502
NEWCASTLE,QINGDAO,12,10687.55189346339,0.851131626822206,0.04347506201279194,2.6846763329777694
SANTOS,QINGDAO,1,5422.948453825502,0.5237529487176372,0.10167190290371597,2.3984543071695277
NEWCASTLE,DALRYMPLE BAY,10,11785.492146159224,0.8020258802735936,0.7794775407713289,4.173268168740303
DALRYMPLE BAY,QINGDAO,7,10504.507513286855,0.46279936559351587,0.3850894961003535,2.69160806760106
QINGDAO,SANTOS,8,5358.874006208845,0.3663924498262474,0.32749556441254546,2.031189990456489
QINGDAO,NEWCASTLE,11,6549.559497150825,0.3283612050046888,0.5354347898300031,3.152643774994042
NEWCASTLE,SANTOS,1,9216.378204258053,0.20240459312571835,0.6947981288184982,2.5789639310992722
ROTTERDAM,RICHARDS BAY,2,11327.368138356573,0.13740793003780216,0.9588802459090804,2.9516328218650836
DALRYMPLE BAY,NEWCASTLE,2,7695.796901262246,0.09504919756440122,0.6161657000241213,1.9462942436735193
QINGDAO,NEWCASTLE,7,9521.195595069174,0.7992447165120666,0.4921532155754291,2.6335603332065527
NEWCASTLE,SINGAPORE,6,5895.387158298984,0.7743214161418432,0.6712314133085926,4.013263639211436
RICHARDS BAY,NEWCASTLE,5,4801.61979214476,0.15761164862499966,0.14778337254219165,1.6508007307057386
QINGDAO,RICHARDS BAY,12,9693.165686048618,0.47936956412454035,0.3763594734808262,3.1277005956879598
DALRYMPLE BAY,QINGDAO,11,8189.27578190768,0.12192167833511258,0.5882579999692207,2.04674337332132
SANTOS,QINGDAO,12,6144.298334212878,0.3019273914424916,0.9184418955155542,3.258463162358157
SANTOS,NEWCASTLE,4,10287.41408643985,0.10641953187138287,0.9991047304742386,2.860469245377934
DALRYMPLE BAY,SINGAPORE,3,3001.7296892496674,0.7767679406922186,0.19820422721289788,2.3425343513828873
QINGDAO,SINGAPORE,1,7862.214365301141,0.8014818108594153,0.23855282062738847,1.9397335332993428
SINGAPORE,NEWCASTLE,11,10298.792295881522,0.04015129954706642,0.20178211071905539,1.9402407911540789
RICHARDS BAY,NEWCASTLE,9,3526.935654123493,0.27075875131780025,0.7099046972813039,3.2259816123707763
SINGAPORE,QINGDAO,3,8950.571993556518,0.17312784642250323,0.09172100582419807,1.1636662088218066
DALRYMPLE BAY,QINGDAO,8,7510.338074565692,0.1451302546650497,0.9460244535580951,2.820711859828822
SANTOS,DALRYMPLE BAY,2,6837.703753692892,0.40403439074076597,0.4741687294826181,3.329083639752914
QINGDAO,RICHARDS BAY,6,7915.3692438845965,0.634629117418263,0.41181089658557024,2.555300967822134
DALRYMPLE BAY,SINGAPORE,4,6478.393088446788,0.22559286820421098,0.5724579331221157,2.4591046380553756
ROTTERDAM,RICHARDS BAY,4,9768.038330852516,0.5491443835996794,0.4314181951798901,2.852062699046672
SANTOS,DALRYMPLE BAY,2,6788.1457144225415,0.5202751147405691,0.7998704107638365,3.55181888031296
DALRYMPLE BAY,RICHARDS BAY,1,4446.420079403387,0.3341300405015458,0.1729944451915938,2.0107888255425084
RICHARDS BAY,DALRYMPLE BAY,5,3112.9354401366654,0.6008404079450809,0.11967255586489434,0.8108611644901231
ROTTERDAM,SANTOS,4,8720.483016243972,0.7054063654840127,0.38784169516364975,3.0623112613138193
SANTOS,SINGAPORE,9,10281.195050777498,0.9891330026836055,0.5559694280284484,3.6491863516771588
QINGDAO,DALRYMPLE BAY,5,2340.5174782849426,0.7553301727947445,0.433779027322593,3.521131482816884
DALRYMPLE BAY,SINGAPORE,8,4566.622968302548,0.4901975424015864,0.5864451730147959,1.8239124572877037
QINGDAO,DALRYMPLE BAY,8,8316.06502640988,0.6702032553513549,0.7629030190395291,3.7633710963502396
DALRYMPLE BAY,NEWCASTLE,4,9570.58968932348,0.852015516881169,0.5047914829034981,3.469310196701678
SANTOS,RICHARDS BAY,6,7079.815930548066,0.10497971589607058,0.39855250670154063,1.8947732931217116
ROTTERDAM,QINGDAO,4,11238.33481429228,0.4482073282568715,0.30753507242078615,1.8941506383039104
SINGAPORE,RICHARDS BAY,8,11808.962449196622,0.620357709658044,0.4775058736277328,3.085168355310199
RICHARDS BAY,NEWCASTLE,6,2698.0927474281907,0.7324135029937877,0.4400886995273686,2.544923680779645
DALRYMPLE BAY,SINGAPORE,4,9204.41172309812,0.7499835379352686,0.3464928613130488,2.3924697253798337
DALRYMPLE BAY,NEWCASTLE,11,11768.128280275323,0.4115760021940599,0.7936821505599726,3.908701606298327
SANTOS,ROTTERDAM,10,1888.1926356123295,0.3727023413067342,0.04869847231385127,0.9234880383520279
SINGAPORE,DALRYMPLE BAY,9,9909.151717119637,0.048963709823279244,0.23453515044129858,2.0429268459935632
NEWCASTLE,QINGDAO,9,1810.8765358504388,0.4013555575533879,0.8956348813836968,3.6295817605880276
NEWCASTLE,DALRYMPLE BAY,11,7698.362634273064,0.3969400677478341,0.274825050755067,2.0524788323105527
ROTTERDAM,SANTOS,9,9978.031862750959,0.9987433700667648,0.2963620570111649,3.3541823824660053
SINGAPORE,SANTOS,6,6717.624259368669,0.1343669133130615,0.3653784631991335,1.2938756868800205
DALRYMPLE BAY,NEWCASTLE,8,5104.570854978531,0.4203817715052771,0.9592092728445759,3.4073855008576537
ROTTERDAM,QINGDAO,7,11045.180551440959,0.5295420552850724,0.7423179494179767,3.8099166516214003
ROTTERDAM,QINGDAO,4,3132.1364228759358,0.8743143652908074,0.2832469332501141,3.0398048577156147
DALRYMPLE BAY,ROTTERDAM,12,8583.273508279754,0.8146384431178827,0.9025539692192319,4.089385510910632
DALRYMPLE BAY,ROTTERDAM,8,11531.168995972015,0.5127320643001113,0.4329724928677672,3.2487890253903142
SINGAPORE,ROTTERDAM,7,6278.737345323505,0.5160878012571124,0.3125699490285839,2.2732281073612866
SINGAPORE,DALRYMPLE BAY,9,3673.7156860105256,0.3020715687836385,0.3941257771780975,2.2350743525077883
QINGDAO,SINGAPORE,2,6639.771068325685,0.3330941610106378,0.43132702014644964,2.120449962843268
SANTOS,RICHARDS BAY,3,6538.565705786184,0.6832583576588129,0.22825287546342055,2.6629855447014945
DALRYMPLE BAY,RICHARDS BAY,3,1997.4272100575595,0.13820537163853075,0.9188231935306829,2.677176124803349
QINGDAO,NEWCASTLE,8,4037.2085417604007,0.5692120504306768,0.5901953827661262,2.176741130863374
SANTOS,SINGAPORE,11,10482.66118880115,0.2542634837541573,0.9187936809026809,2.864220226462207
NEWCASTLE,RICHARDS BAY,10,4843.190737198826,0.799213522241491,0.6007339188626425,3.941920525885719
DALRYMPLE BAY,SINGAPORE,9,1699.858552083609,0.16548775758177503,0.7251833208508688,2.939061732189798
ROTTERDAM,SINGAPORE,8,2823.2765883395787,0.14371866145553414,0.6930954269297015,2.3735885279869864
DALRYMPLE BAY,SINGAPORE,7,7638.707758408737,0.12690997551851313,0.8973021997540936,2.8480446897073297
DALRYMPLE BAY,RICHARDS BAY,1,7742.959893354076,0.294755193202763,0.6636210466603519,1.9892174698467027
NEWCASTLE,DALRYMPLE BAY,11,7913.086398971892,0.5535408400896115,0.3961665000592489,2.8467810139923806
QINGDAO,NEWCASTLE,12,5902.360072958454,0.5145830518855309,0.012469877941213237,1.5180662200703487
NEWCASTLE,DALRYMPLE BAY,8,8667.106781196813,0.14937415636815077,0.9615496295410325,2.8627064613320425
ROTTERDAM,DALRYMPLE BAY,9,10722.840205013417,0.3790526950373052,0.5170194868494292,3.2139623055955404
SANTOS,SINGAPORE,10,10588.511662870796,0.798097435818333,0.09986247716072949,3.296339522575467
DALRYMPLE BAY,NEWCASTLE,5,9052.781603753649,0.8875710884880433,0.39462988815008226,3.5632308225210676
SINGAPORE,RICHARDS BAY,7,6410.222694579263,0.19674218075063132,0.3772059828830039,1.9798378278009559
DALRYMPLE BAY,SINGAPORE,5,11526.43311448598,0.24359674535860742,0.09892450510482231,1.6379996591076855
DALRYMPLE BAY,QINGDAO,6,6418.374733091095,0.2594398398545342,0.04517311698942639,0.926987470493058
SANTOS,DALRYMPLE BAY,2,4150.5810507706665,0.2947739495745427,0.7648035526072343,2.71549107429
ROTTERDAM,DALRYMPLE BAY,8,2946.8321272419544,0.3044665264760329,0.5528982540644615,1.2613912297792245
SINGAPORE,RICHARDS BAY,2,4159.182481202072,0.16031202498225805,0.8519331577947986,2.3620425673416694
NEWCASTLE,ROTTERDAM,2,9609.706370582964,0.2068135275140317,0.941538856738099,4.001309355243041
NEWCASTLE,QINGDAO,11,3384.666759633918,0.4135679313099698,0.4498592999441262,2.0472207203881845
SANTOS,RICHARDS BAY,9,4070.363266276527,0.16125406285192412,0.9400190108075147,2.853754655083661
QINGDAO,SANTOS,7,7133.964142559437,0.43456308469769034,0.13175483289206746,1.8917407144819163
QINGDAO,SINGAPORE,5,3681.031160191162,0.25318460612660154,0.030054578761178785,1.4969173831519802
SANTOS,SINGAPORE,6,5704.738075075422,0.5318860913460681,0.18723894461534152,0.9512492253354801
NEWCASTLE,SINGAPORE,10,5084.5642075081405,0.05010668969693377,0.34240367681062867,1.2456368907614612
DALRYMPLE BAY,RICHARDS BAY,3,11199.724818978391,0.4379896029203726,0.6390136492641646,3.099748450841958
ROTTERDAM,SANTOS,10,3099.4304566545447,0.6322828130302102,0.39292739157023326,2.852117611909526
SINGAPORE,ROTTERDAM,8,7796.801245517899,0.4727839727589982,0.9500610946244371,3.023244094140083
RICHARDS BAY,SINGAPORE,12,10871.120741716926,0.7496186189228675,0.9918077164976282,4.305360804138659
SANTOS,NEWCASTLE,5,9254.362483209601,0.4031402041190819,0.5618189300629993,3.0993655412383396
QINGDAO,RICHARDS BAY,5,5785.645016425637,0.4400501082335524,0.12580701831228525,1.9570804946602922
ROTTERDAM,QINGDAO,1,4928.741848053689,0.19780984725919692,0.7781514225440124,1.9363214947350296
DALRYMPLE BAY,QINGDAO,10,4476.968049291907,0.6747365473492779,0.9103269101852525,3.957906700465133
SINGAPORE,RICHARDS BAY,8,4178.622775787498,0.6254781569139363,0.32049116167801617,2.975923533061728
SANTOS,ROTTERDAM,9,7907.388166549082,0.44394288639597634,0.9359374994357259,3.8260907274677796
DALRYMPLE BAY,ROTTERDAM,8,5008.168303066934,0.24420500076588825,0.9126718352555361,3.181199872512979
DALRYMPLE BAY,RICHARDS BAY,3,6546.380124894218,0.45645219451427166,0.24022627614900316,2.1806129131661725
NEWCASTLE,ROTTERDAM,5,3797.994392343638,0.8160560167528311,0.860569919294376,3.685404743626387
SINGAPORE,DALRYMPLE BAY,3,9630.526962422038,0.11570416730942945,0.3900625901565292,1.2559421591644082
SINGAPORE,SANTOS,8,11295.458215339158,0.9808211455330342,0.06964063659139463,3.005197416317265
QINGDAO,RICHARDS BAY,6,10241.557491702075,0.17635638000807585,0.4234953946796538,1.8733458640980967
SINGAPORE,QINGDAO,12,11993.930046853971,0.5164594026356409,0.09519908696086399,2.42083614366485
QINGDAO,SANTOS,3,8558.77652784617,0.3533376950684678,0.7874638746315022,2.5672163773416274
SINGAPORE,ROTTERDAM,9,9914.589055348592,0.49125744639136615,0.893031019536303,3.705118903518998
ROTTERDAM,RICHARDS BAY,4,2054.4745647011587,0.0005187441657055203,0.43631665969426314,1.282062791085054
SINGAPORE,SANTOS,3,3042.0692156247446,0.8608009736205361,0.8231246099500947,3.814725258139958
SANTOS,NEWCASTLE,8,9399.453601552304,0.5041786043908139,0.7502659879482331,4.0663798659756525
QINGDAO,RICHARDS BAY,10,2748.558654356585,0.08598235011094513,0.17629136502213016,1.4695928402806848
NEWCASTLE,SINGAPORE,12,6211.659825613131,0.39291817669707396,0.8750841990540823,3.835769171658799
RICHARDS BAY,ROTTERDAM,8,4535.377607201013,0.7347251307805799,0.5664206508096447,2.8847237721310717
SANTOS,SINGAPORE,12,6605.016794033892,0.2601846553429914,0.41865608731480164,2.053992112352477
RICHARDS BAY,NEWCASTLE,4,6980.143943077162,0.314749618564381,0.5640951370472229,2.1866120297363256
RICHARDS BAY,DALRYMPLE BAY,10,3305.58369533874,0.8902639618236188,0.46995594028734,3.6887232973834783
RICHARDS BAY,ROTTERDAM,8,3552.608350611043,0.6795270092089578,0.2140922893367202,1.941556594286853
SINGAPORE,QINGDAO,8,4864.170637771732,0.3607586865182536,0.055270409501227635,2.3879198748379737
DALRYMPLE BAY,RICHARDS BAY,11,11261.499519655328,0.0998310571767902,0.10740295628857721,0.6532955309213433
DALRYMPLE BAY,RICHARDS BAY,2,7023.635532303219,0.9966772115191534,0.04417510294416127,3.042466787218859
NEWCASTLE,DALRYMPLE BAY,10,3288.582533414448,0.9786341439004389,0.4986395468763152,3.5535787249928155
RICHARDS BAY,QINGDAO,3,2584.476530624021,0.8661446063310201,0.589331166127476,4.113609855263402
QINGDAO,SANTOS,12,11294.186006398317,0.3914919795306634,0.32926245959776956,2.7931378729138907
ROTTERDAM,RICHARDS BAY,5,5130.173460507643,0.3785927875597309,0.09463976824938869,1.4100807931624533
ROTTERDAM,NEWCASTLE,7,9433.165195970985,0.2574223623453714,0.8267898819237445,3.3049153621694822
RICHARDS BAY,DALRYMPLE BAY,11,11200.954205727014,0.5789775247502426,0.0046187988433276095,1.8873405778259453
ROTTERDAM,SANTOS,9,10447.526039226408,0.4964174824393083,0.46575744035725497,2.8709135268013943
DALRYMPLE BAY,ROTTERDAM,11,4338.588776092939,0.16058831258491868,0.774907903381328,1.6362427150571333
SANTOS,NEWCASTLE,11,3469.8975740328524,0.5942726943015799,0.8781474246555374,2.684574254620488
RICHARDS BAY,DALRYMPLE BAY,9,5962.283549494065,0.3699843678471978,0.4176192926540456,1.8013211870902868
RICHARDS BAY,NEWCASTLE,4,10680.509691515539,0.023970355527955456,0.5204574437672277,1.4288588915151688
SINGAPORE,SANTOS,10,1920.9976036641472,0.4617271971845094,0.5222508939823721,1.8284470368454802
RICHARDS BAY,QINGDAO,2,11446.857855160846,0.4049940614958173,0.808969602506749,4.1440681438124995
DALRYMPLE BAY,SANTOS,5,6026.301755198352,0.03589888600735891,0.5346007512892753,1.4293555545312469
SANTOS,RICHARDS BAY,4,10981.386110764435,0.045114745709278536,0.9358741020110806,2.394294093686264
NEWCASTLE,SANTOS,1,7458.205192267895,0.3972333014728241,0.4450160548539922,2.8239335486968544
DALRYMPLE BAY,SANTOS,4,11625.918546360528,0.094286053488007,0.8673030405011813,3.2883103255964325
ROTTERDAM,DALRYMPLE BAY,8,9855.779934253185,0.5456756940810478,0.5434955950798607,3.187624141773428
SINGAPORE,SANTOS,6,5556.585300843409,0.36159902957266266,0.3915068416844314,2.6835441165205616
QINGDAO,DALRYMPLE BAY,11,1869.3478129364073,0.15752334131747947,0.20581979301300757,1.9650806838657466
RICHARDS BAY,DALRYMPLE BAY,12,3981.784571527218,0.04911764375004013,0.1536018325377585,0.8078659351657644
QINGDAO,RICHARDS BAY,8,3619.6061419001817,0.8005836206738501,0.6177889085055832,2.790553198881676
RICHARDS BAY,ROTTERDAM,3,6097.336439596291,0.9456936518244733,0.37830982237341526,3.265983307088121
QINGDAO,RICHARDS BAY,3,6064.977341494985,0.22864560266211464,0.7219067795126763,2.9025531940343243
RICHARDS BAY,SANTOS,6,6955.270780151787,0.5081929147782448,0.4366674893388395,1.4552368175037298
DALRYMPLE BAY,SINGAPORE,9,3893.6616083434155,0.6376089802290499,0.050833461948477154,2.901879881524899
RICHARDS BAY,NEWCASTLE,1,10133.242233984973,0.6481837296671343,0.7817570475739452,4.353416166465024
ROTTERDAM,SANTOS,6,8554.468980447708,0.960586962506625,0.3709123215416692,3.6746043991249686
RICHARDS BAY,ROTTERDAM,6,3762.698989033355,0.7452038427810108,0.13115516918470993,2.7908705420663193
NEWCASTLE,QINGDAO,7,11538.489924987605,0.15442308802214244,0.19766698225463952,1.8610959733415633
SINGAPORE,ROTTERDAM,9,3339.3959624880385,0.35768263152597424,0.47840492608667795,2.370492102482322
RICHARDS BAY,SANTOS,10,2234.282130507043,0.48112310176314976,0.782211195267795,2.5783485029262962
RICHARDS BAY,QINGDAO,3,5288.510894883911,0.1763555764178013,0.4674845394285718,2.1515935528648313
QINGDAO,ROTTERDAM,5,6107.627868920461,0.302964628837302,0.3692728413409686,1.3769257410861537
SINGAPORE,RICHARDS BAY,8,10605.308904370413,0.9988296373336586,0.6135164847298321,4.061307474432337
NEWCASTLE,SINGAPORE,9,6510.606649470708,0.49431453353461774,0.4073623878629723,2.6526408033314937
SINGAPORE,NEWCASTLE,3,9826.552279076119,0.8478368672236546,0.9948242136208678,5.183197234332986
NEWCASTLE,QINGDAO,10,11357.456219173902,0.34464088651161773,0.5570017818814502,2.991634839225509
RICHARDS BAY,SANTOS,12,5730.235889330111,0.8341208920021081,0.6813294726896911,3.4259683297462926
DALRYMPLE BAY,NEWCASTLE,10,8615.94045177193,0.8144738760309339,0.235256388415645,2.6763322858931713
SINGAPORE,DALRYMPLE BAY,6,4156.864874261677,0.7757910864370905,0.7718493432291552,3.6979485958041405
RICHARDS BAY,SANTOS,5,1905.7652531822882,0.20799807370846057,0.5189146424870842,2.1691946934607804
DALRYMPLE BAY,SINGAPORE,5,3482.7824149942094,0.19549582739658733,0.41004878691499425,1.2306514480647963
SINGAPORE,DALRYMPLE BAY,2,5735.221234115847,0.9233469677258123,0.24587558700505863,2.59816866354958
ROTTERDAM,SINGAPORE,3,3446.4403644260997,0.4638281104628762,0.28942970750806496,2.156942866755097
RICHARDS BAY,QINGDAO,2,2917.9000085904786,0.9437983681037112,0.40204779815706937,4.403285192317253
QINGDAO,SINGAPORE,2,8212.128573739785,0.782905274171724,0.21093438848871293,2.8752542011151356
SANTOS,SINGAPORE,11,4710.902401754957,0.6189163811735259,0.7599668837007301,3.3864964941012743
DALRYMPLE BAY,NEWCASTLE,6,10705.12045689288,0.527457630072559,0.7447709278167541,3.6809326059740166
ROTTERDAM,RICHARDS BAY,9,7617.765667802644,0.39510183754789086,0.7868913814500277,2.942233642997488
SANTOS,QINGDAO,7,3479.5674556786826,0.7952322585827095,0.9606262856288327,4.3864140475412015
ROTTERDAM,RICHARDS BAY,8,11859.601842063916,0.09380782400772492,0.4123749142972246,2.0061453112791297
SANTOS,RICHARDS BAY,12,10777.06328244893,0.30132035766261533,0.7701931135378551,2.435859750289472
DALRYMPLE BAY,SINGAPORE,6,8975.137011180077,0.5635232369695373,0.4956050782011431,2.711212124545374
QINGDAO,DALRYMPLE BAY,5,11424.057020543112,0.05088073454501463,0.7497057510446368,2.5102758374845435
SANTOS,RICHARDS BAY,5,4079.8473014473,0.23074630526721696,0.027182133497585026,0.6686680331997015
NEWCASTLE,DALRYMPLE BAY,7,6499.405121449308,0.44953224112352086,0.6404392121036413,3.3148818397769495
DALRYMPLE BAY,SANTOS,2,11709.635603302779,0.9028926876302835,0.9218975064992004,4.423691715977897
SINGAPORE,ROTTERDAM,2,2248.6976089408768,0.9898230692048735,0.07405768336907359,2.6792379825931136
SINGAPORE,RICHARDS BAY,5,8203.909041529776,0.5221250929031509,0.7127496937612997,3.073340728541057
DALRYMPLE BAY,ROTTERDAM,10,4237.389704027419,0.15353154633704746,0.2463522417832268,1.614270323118021
DALRYMPLE BAY,SINGAPORE,11,4730.4873969798155,0.21662236418404268,0.6889014524529722,2.1999933820864754
NEWCASTLE,ROTTERDAM,7,8029.5513218705755,0.6103353887901798,0.6235463696427459,3.297408733890296
RICHARDS BAY,SINGAPORE,10,5794.8688864801625,0.08671148364319914,0.2223679278968107,0.9408008524370222
SANTOS,DALRYMPLE BAY,6,6741.539366933345,0.6197193893796402,0.9279706081658242,3.29373594392577
SINGAPORE,QINGDAO,5,6556.711686663457,0.9216849842375704,0.4935065804363411,4.043372190370258
SANTOS,ROTTERDAM,3,2499.469152538228,0.0005681292589444498,0.43194566100048193,1.2696952042070704
DALRYMPLE BAY,SINGAPORE,2,3257.3324962638826,0.6266392176974815,0.32623836216405677,2.3468510793936037
DALRYMPLE BAY,QINGDAO,11,6752.201317790197,0.7560931477128529,0.8497301914012271,3.168130532098371
RICHARDS BAY,QINGDAO,8,11931.98649303135,0.9902780870927544,0.5267732313623077,3.926370578199859
RICHARDS BAY,ROTTERDAM,7,10244.789073945878,0.30320207663459164,0.4398090424804667,3.0217881910470448
DALRYMPLE BAY,QINGDAO,1,7246.469832651184,0.5607773745620122,0.505502819357067,2.982717850342695
ROTTERDAM,SANTOS,4,2835.872599864194,0.18871221002891925,0.8505208789213576,2.096141107987588
QINGDAO,SINGAPORE,12,3358.514816774081,0.6558728609828406,0.27503104063025285,2.698579270103466
ROTTERDAM,SINGAPORE,11,3131.669752201394,0.6065663351954298,0.4446880280107457,2.225247965047925
SINGAPORE,QINGDAO,7,10990.993982352527,0.5494936128000582,0.15003957824821013,2.6973898278219437
QINGDAO,DALRYMPLE BAY,12,6687.667838448659,0.3002719121425267,0.4772329099757965,2.8595246135472014
SANTOS,NEWCASTLE,5,6111.374388662314,0.6440094014498684,0.6104041091743072,3.294249747846073
SINGAPORE,DALRYMPLE BAY,6,7835.76255361989,0.2455660388094516,0.04255181764677651,1.1353862668808088
SINGAPORE,NEWCASTLE,7,3614.1573500535096,0.9295729155672217,0.017860959175180824,2.7232176243734214
DALRYMPLE BAY,RICHARDS BAY,12,11011.973297586672,0.970710161196213,0.5503235056976393,4.213409507279556
SANTOS,ROTTERDAM,8,3112.5876804042027,0.7397700265661503,0.07501730735154233,2.5959663503838435
RICHARDS BAY,SANTOS,4,11679.31512911867,0.7331244745595453,0.36898855330034497,3.481162936080849
SANTOS,NEWCASTLE,2,10525.39190089843,0.3782005230096811,0.8517221827525187,3.1152053329656098
QINGDAO,SINGAPORE,9,11866.78250955001,0.1505982872430035,0.0884022907006744,1.1704759341378481
NEWCASTLE,RICHARDS BAY,2,5017.992213803915,0.8456994006469721,0.5200719122614881,2.9726306713419137
QINGDAO,ROTTERDAM,2,10793.476376381408,0.4892651908307978,0.14163896797290498,2.1070300997152818
SANTOS,SINGAPORE,3,5850.714605940793,0.5218764346888559,0.2796363291025302,2.3374372698350623
SANTOS,NEWCASTLE,2,1644.6622305875285,0.24829424788529275,0.4565473229940522,1.9601662847039834
QINGDAO,RICHARDS BAY,2,6908.900456884984,0.34483125939883785,0.4212801276832546,1.7335704219715642
SINGAPORE,DALRYMPLE BAY,8,9520.36270652776,0.2848075886498894,0.7875555848632168,2.9841284745853174
ROTTERDAM,SANTOS,12,3040.803948680351,0.3362858304273617,0.9876474477564617,3.1622289236613312
SANTOS,SINGAPORE,6,11769.48033077379,0.4748768364757039,0.13092131214649905,2.2637894273149515
SINGAPORE,DALRYMPLE BAY,9,11696.919093924444,0.25883563723739966,0.5045452397039372,1.9782179810852152
SANTOS,DALRYMPLE BAY,5,7072.594556132458,0.9765270664151456,0.1864832947558639,3.3434441358494005
NEWCASTLE,RICHARDS BAY,6,8585.533900261631,0.2634754281893177,0.3552178341211998,2.3306782163502504
QINGDAO,SINGAPORE,11,7505.481569232628,0.2138308212779978,0.9000912781436826,2.5539354576621403
DALRYMPLE BAY,QINGDAO,9,2872.894040451345,0.8069442243540357,0.9369072881309537,3.307262398557819
NEWCASTLE,ROTTERDAM,5,3209.9937880483762,0.5191672349143215,0.5332498098317082,2.5961853459171036
RICHARDS BAY,QINGDAO,4,2636.619135485999,0.24024894827964172,0.2739061686060452,1.582739867342967
SINGAPORE,DALRYMPLE BAY,5,4943.200777072392,0.08973127774125123,0.02520494712616217,0.41556252202854216
SINGAPORE,RICHARDS BAY,10,4803.1064748763465,0.7739394386376562,0.7647566879326486,3.969309179325307
SANTOS,NEWCASTLE,10,4738.826036226376,0.92924224400615,0.09434150263965546,3.301505937508751
SINGAPORE,QINGDAO,9,9891.840677420081,0.6024102530914477,0.8568603919165705,3.493871980785107
NEWCASTLE,SANTOS,6,4284.741289181943,0.392735012101753,0.42510263199230647,2.274991673941902
NEWCASTLE,QINGDAO,9,5886.304506809816,0.2573723130551461,0.5026793247960669,2.291691132968196
SANTOS,ROTTERDAM,10,4195.578496119246,0.9697715788310101,0.7847220208513513,4.248401813098704
SANTOS,QINGDAO,3,7633.702566424607,0.2634493143569058,0.9295989720071713,4.2493757439611395
NEWCASTLE,ROTTERDAM,8,10066.96276236249,0.06752731441805337,0.5122429711066271,2.037485239392178
QINGDAO,DALRYMPLE BAY,4,4894.291785833599,0.587634974653043,0.7180623366342505,2.9585648410280134
QINGDAO,ROTTERDAM,6,11184.755204733034,0.0877593827715506,0.11401919133455096,0.6791044668847926
RICHARDS BAY,ROTTERDAM,9,3495.474767575765,0.8983753839393745,0.25330760070564373,3.070551173574287
ROTTERDAM,SINGAPORE,5,8382.323623560014,0.09402120216883036,0.9498513799158633,2.210660149736262
DALRYMPLE BAY,ROTTERDAM,11,4617.11909782785,0.06063074218940512,0.3688783807374707,1.504596400383926
SANTOS,QINGDAO,8,5575.615263069683,0.34538339316949207,0.5339056327223729,2.3666151375080955
ROTTERDAM,RICHARDS BAY,2,9833.562554692482,0.05871868165014971,0.42909887146925685,2.1834706247599063
DALRYMPLE BAY,ROTTERDAM,7,2828.919817301583,0.7515195602793934,0.5076769974617779,2.8001339385033672
SANTOS,NEWCASTLE,8,10625.064755908528,0.036430195682883304,0.5561902967977893,2.3482070112851448
NEWCASTLE,SINGAPORE,3,5059.748072158178,0.7037776945402245,0.2043595452116388,2.051684254524179
QINGDAO,ROTTERDAM,3,8935.937110970732,0.6105220042138247,0.30762848542413035,2.8800165995996614
DALRYMPLE BAY,NEWCASTLE,1,9159.698422540281,0.9488737571491254,0.7565030477273105,4.538796394837845
NEWCASTLE,SANTOS,7,7780.762740428135,0.8981200805010945,0.9950094173238103,4.26138543380882
SANTOS,SINGAPORE,4,3332.639882081277,0.7640760534212905,0.49628874282923585,2.905169087063189
NEWCASTLE,SINGAPORE,4,11853.312302304548,0.20895960748461406,0.1981177414120907,1.5882051956972856
QINGDAO,ROTTERDAM,10,2955.0957901458596,0.42839264584146564,0.6897618484440871,3.063059102846798
ROTTERDAM,QINGDAO,9,9142.74936598448,0.2880599687221407,0.7237452901918378,3.2518449459476635
SINGAPORE,ROTTERDAM,1,2091.0325363109073,0.853630173146734,0.23470348905189575,2.507339161723551
SINGAPORE,RICHARDS BAY,11,3076.3603458671996,0.8307039387459314,0.05174974560388479,2.8662392387544173
DALRYMPLE BAY,RICHARDS BAY,4,5895.03530929527,0.3665810634990505,0.5214432101579942,2.638586269920152
DALRYMPLE BAY,ROTTERDAM,1,10657.095171037525,0.6021193918334273,0.13378642559385545,2.8045360013552374
QINGDAO,RICHARDS BAY,1,1996.1285579930936,0.7622513483035116,0.9871863320416938,4.332492007537689
ROTTERDAM,NEWCASTLE,11,1614.8145716619692,0.5951893521254259,0.9912446281400278,3.5830623089182736
ROTTERDAM,RICHARDS BAY,8,9818.843790289226,0.7530732736205097,0.8925414947950872,3.708097894132728
DALRYMPLE BAY,QINGDAO,7,8659.907003204273,0.9745904132511058,0.4169125367187445,3.808134968452466
DALRYMPLE BAY,NEWCASTLE,7,2207.4302038965657,0.9314619293088893,0.12384368194337081,2.5256081923072276
DALRYMPLE BAY,RICHARDS BAY,2,8764.394143499356,0.6316285421713178,0.7573494327399186,3.5066940586703335
SINGAPORE,DALRYMPLE BAY,9,11548.201638623184,0.5875217805288743,0.6643448684342539,3.9303812320340312
SINGAPORE,ROTTERDAM,9,6554.441671247411,0.5715697845067188,0.04907404772427304,1.8956907254534505
SANTOS,RICHARDS BAY,9,8236.245635078994,0.790243155389435,0.6247606346845916,3.8722138100676116
NEWCASTLE,SANTOS,12,8630.041341023927,0.09040807847189758,0.5922749504444044,1.5157566801264761
DALRYMPLE BAY,NEWCASTLE,8,5055.210153713548,0.4462500211613094,0.8641083538153455,2.528999783836764
NEWCASTLE,SINGAPORE,5,5420.527204216085,0.9441436470762746,0.5051533948587487,4.298442532617988
QINGDAO,DALRYMPLE BAY,5,9611.31096323534,0.8027049761268789,0.11082076969870414,2.0372255413183713
DALRYMPLE BAY,NEWCASTLE,12,6982.485195694519,0.5522531203440096,0.2117411027761249,2.604849944848894
DALRYMPLE BAY,RICHARDS BAY,12,10206.080148630377,0.2771981402105398,0.05332508493334065,1.7878027930064961
DALRYMPLE BAY,ROTTERDAM,9,2754.2085772513537,0.09675289836109602,0.23273214667618747,0.6714134316571596
ROTTERDAM,DALRYMPLE BAY,3,3213.6701895367646,0.5633162416979622,0.3680932709966155,2.429954300976395
SINGAPORE,DALRYMPLE BAY,12,8128.502131713894,0.6201466574655474,0.6392126599365016,3.6300034381732673
NEWCASTLE,QINGDAO,10,5461.459310144313,0.012397213915795957,0.509734659876444,1.7601787250954843
SINGAPORE,DALRYMPLE BAY,6,4856.488460084413,0.293960470924571,0.543309176235957,3.2016200682825726
QINGDAO,RICHARDS BAY,9,1762.922131554428,0.26238847273362453,0.4637197279965928,2.134143883737525
QINGDAO,RICHARDS BAY,9,5658.685138424116,0.04125303250656254,0.09995185577451304,1.0518259040124323
RICHARDS BAY,SANTOS,10,10181.135694145727,0.5452049012226401,0.6199159801841051,3.1532007648903146
ROTTERDAM,SINGAPORE,9,1540.8885370018925,0.4452567055360407,0.33435922671739227,1.8194829312664837
QINGDAO,RICHARDS BAY,11,8351.95614355436,0.12441038872652388,0.29539079470985063,1.3110630412097335
SANTOS,DALRYMPLE BAY,6,8507.667325037373,0.45674559835399897,0.7534605394363417,3.050950217506479
ROTTERDAM,NEWCASTLE,8,5187.840738343632,0.8866455581278214,0.8192593855599865,3.237190605620846
ROTTERDAM,QINGDAO,5,10142.209973968356,0.9021496684090012,0.8774769812242594,4.997626446323258
DALRYMPLE BAY,SINGAPORE,6,7383.925907662667,0.34260235665027783,0.2885530069609521,2.940703752997349
SANTOS,RICHARDS BAY,9,6000.225641634624,0.46440162631719195,0.20927734757195093,2.5963061670066243
SANTOS,DALRYMPLE BAY,7,10560.7269370257,0.29105035245065003,0.8816172212428632,3.837436292359086
SINGAPORE,DALRYMPLE BAY,3,10046.11467895049,0.7445797595180336,0.452870165712018,3.79235905957512
ROTTERDAM,NEWCASTLE,3,10327.309790604488,0.39655272282884735,0.3940840894152582,2.969220945455095
RICHARDS BAY,SINGAPORE,9,6406.370362869513,0.6142818504715784,0.44727568690826913,2.686543187735057
RICHARDS BAY,SINGAPORE,6,10087.270754559848,0.7456479912378577,0.3413784941811928,2.8051797879320235
RICHARDS BAY,QINGDAO,10,4007.245958266174,0.6714035241730318,0.2551246560576339,2.4894813894416696
NEWCASTLE,QINGDAO,12,10685.933912454215,0.16586602972334286,0.819658219535163,2.7736614347961193
RICHARDS BAY,SANTOS,1,10029.117937938003,0.7095584039482209,0.46840531961567333,3.19481475236737
ROTTERDAM,NEWCASTLE,12,4096.194019721088,0.2496703789338265,0.13949884796218992,1.8977842072929807
ROTTERDAM,SINGAPORE,6,6879.034948401931,0.8074473764101547,0.35528153955277697,2.789375967487605
SANTOS,QINGDAO,2,5631.299276877378,0.892904995362683,0.0027072736757871585,2.2104921169478837
RICHARDS BAY,ROTTERDAM,10,7061.06503007458,0.7066959213132259,0.5752949526285022,2.6076691838633126
QINGDAO,DALRYMPLE BAY,5,9718.994154589074,0.20627290340534576,0.1866621036954298,0.969229033632479
SANTOS,DALRYMPLE BAY,2,10761.815949100095,0.797517204053179,0.8696842957069654,4.654233128611972
SINGAPORE,NEWCASTLE,12,2555.481014875438,0.3157644778460912,0.07245497359587183,1.7786699544752305
NEWCASTLE,DALRYMPLE BAY,4,9894.882360041402,0.8874228981367364,0.04887537685087562,2.7374330993514033
QINGDAO,SINGAPORE,4,2919.8243010418537,0.11694723308920829,0.1033228577084917,1.0568115791134327
QINGDAO,NEWCASTLE,9,11317.057077091435,0.3854142314414213,0.835862971269293,2.902635114805115
SANTOS,SINGAPORE,7,8081.043675435187,0.3532895494369468,0.6794852182581039,2.775541460516086
SANTOS,RICHARDS BAY,8,4070.0329573391555,0.32877991130573725,0.7310298731484106,3.1415421171944136
SINGAPORE,SANTOS,1,1797.069209200203,0.5586742964750561,0.28253440128671103,2.60387471167799
RICHARDS BAY,NEWCASTLE,8,11536.535608983717,0.9807574679083522,0.7390746290164124,4.772141901309518
SINGAPORE,QINGDAO,3,6237.76058865129,0.46279893781678505,0.8264105499727091,3.520990349628914
SANTOS,ROTTERDAM,8,9762.8819260273,0.43299821516981385,0.4382383570875735,3.232419928251831
SINGAPORE,RICHARDS BAY,1,9558.827867799433,0.37646943440636593,0.38023558389930445,2.1606720344303114
QINGDAO,DALRYMPLE BAY,6,6032.651352358759,0.7477897231466647,0.4578973697513855,3.3371384247069416
RICHARDS BAY,ROTTERDAM,5,2800.49725185767,0.4104414735554467,0.5569337212134503,2.132564670967247
SINGAPORE,QINGDAO,6,2744.0951497254164,0.21679414573144473,0.2745702434609182,1.35173019849624
QINGDAO,ROTTERDAM,2,7271.570692258809,0.3290748704012698,0.5483977360347181,1.9022299489792833
RICHARDS BAY,SINGAPORE,3,11803.403501929364,0.6176602401699961,0.6102899517038506,4.443641361135358
QINGDAO,DALRYMPLE BAY,8,5910.877435679313,0.3839518134771782,0.9312433284794626,3.4182030766494975
ROTTERDAM,DALRYMPLE BAY,8,11190.075810714501,0.5678113853543433,0.7043968789774523,3.276831461898236
SINGAPORE,ROTTERDAM,2,4063.2502883985544,0.8543927909934985,0.03447099283276278,2.0521333734552343
SINGAPORE,NEWCASTLE,8,7692.794830486519,0.6840001035610561,0.5881463481140702,4.552745136473307
SINGAPORE,DALRYMPLE BAY,7,10760.025779958738,0.66683328569045,0.4717915073938471,2.9442462568898247
QINGDAO,DALRYMPLE BAY,11,10056.197398196413,0.1686448818049786,0.2836011496055739,1.9295340094919176
QINGDAO,RICHARDS BAY,11,3112.567602951444,0.7766886763492903,0.14794691330471144,2.246021835488746
SANTOS,SINGAPORE,4,11097.210664453774,0.7972621922722275,0.9697937077507195,4.004812842155467
QINGDAO,SANTOS,4,4476.388277555254,0.5738453020245975,0.1833181618695403,1.9233075458395927
DALRYMPLE BAY,SANTOS,5,8366.007021521165,0.7100009412225455,0.716130940992838,3.6701162267076697
NEWCASTLE,RICHARDS BAY,8,2196.704439591101,0.2412934516895302,0.06070718460191171,0.8250386786677544
DALRYMPLE BAY,RICHARDS BAY,2,7264.0225932922085,0.563010760086359,0.4728871821541666,2.7103412405657736
ROTTERDAM,RICHARDS BAY,10,7738.007862987472,0.24485474719371592,0.7456750006602998,3.336610680090289
ROTTERDAM,SINGAPORE,10,4575.827018290291,0.8893018507672135,0.762073021030176,4.571560007037137
NEWCASTLE,QINGDAO,2,4924.707741037443,0.23467226546159414,0.3932501344006667,0.8956421084672874
ROTTERDAM,SINGAPORE,5,10526.643163040864,0.6024169621534105,0.3779886731972337,3.0089176379788576
QINGDAO,SINGAPORE,12,8914.035115123983,0.6177859363885542,0.004984965294472898,2.5024649852819265
RICHARDS BAY,NEWCASTLE,6,9369.90726415184,0.9754043238262216,0.4609808247014706,3.6912478939190225
SANTOS,ROTTERDAM,2,8308.705791170289,0.7828381550557844,0.6146062192524261,3.43149500142779
QINGDAO,RICHARDS BAY,10,4066.996346101315,0.8828093321445801,0.3739218402932234,2.9226536810150234
SANTOS,SINGAPORE,6,1670.6996538735436,0.964013702359797,0.8157636115954137,4.829540599154335
SINGAPORE,RICHARDS BAY,2,4306.646522511268,0.2219522514470672,0.11390725481902209,1.145753861926699
RICHARDS BAY,DALRYMPLE BAY,3,6262.94887377353,0.5468134602405106,0.9190871279685557,2.8270573149048808
QINGDAO,SINGAPORE,4,4205.714458366471,0.16994059136106732,0.9532037745086486,2.3132690967142397
ROTTERDAM,SINGAPORE,9,4980.480398420802,0.6464270380582822,0.1866921182812653,2.5099897514598486
RICHARDS BAY,SANTOS,1,8140.685464253256,0.15949307176085614,0.673328307401955,2.5530171504486567
SANTOS,NEWCASTLE,4,6268.879622873827,0.1904195046663495,0.1930075361587663,1.1188842841634141
SINGAPORE,SANTOS,3,2532.324206821577,0.04295762737564457,0.7213688775138399,2.134964436619743
DALRYMPLE BAY,SINGAPORE,5,4685.045143163085,0.17302392134329692,0.996015755102527,2.634203424058775
SINGAPORE,NEWCASTLE,2,3429.8167334891373,0.0008246168346853766,0.5985284890432662,1.2666744645566252
DALRYMPLE BAY,SINGAPORE,1,2097.588622348734,0.9160262548324442,0.3121027493536962,2.496444095915979
SINGAPORE,RICHARDS BAY,1,2510.0055001519854,0.18856007863455804,0.0766386614508815,0.6023893450105868
RICHARDS BAY,SANTOS,12,8619.12131880386,0.04018157262847033,0.8670056008565976,3.0663881799565536
NEWCASTLE,QINGDAO,10,3324.657321715103,0.0576926716664401,0.08054494671311319,1.489101072509681
SANTOS,QINGDAO,3,1781.9856577274934,0.5534313698869836,0.6999221701376476,3.129225967590119
SANTOS,SINGAPORE,7,9495.831352108917,0.9227390958251673,0.9166802844993672,4.701512698510167
DALRYMPLE BAY,QINGDAO,1,2649.61691985856,0.09535345318286026,0.35170239085026345,1.8528666039471948
NEWCASTLE,RICHARDS BAY,4,1636.4301610538605,0.28058862053274936,0.3306005541409779,1.8531300814242693
ROTTERDAM,QINGDAO,2,9982.256051915962,0.6771759616633237,0.19483768648139188,2.589529210561483
SINGAPORE,RICHARDS BAY,5,3224.6605661697995,0.1325463142747627,0.9541082790700076,2.956460823688156
SINGAPORE,DALRYMPLE BAY,7,11151.178938799772,0.29992490582789555,0.11483467443194895,2.212761903002881
ROTTERDAM,SANTOS,2,7306.636566616262,0.27092039338631246,0.4889755153442745,2.437132965411432
DALRYMPLE BAY,QINGDAO,7,1951.2388192924382,0.07931689918144824,0.6961163576130128,1.7591341801772082
SANTOS,QINGDAO,12,11491.193028077967,0.14017974220333174,0.959681219174127,2.6535696791934122
NEWCASTLE,SANTOS,10,6576.420839150824,0.5333585875147011,0.3238270024634159,2.6147783783646545
SINGAPORE,QINGDAO,2,8206.6745854225,0.6284766302049182,0.42105491299571207,2.4993251378947154
QINGDAO,NEWCASTLE,7,6661.440557038489,0.4869820823049952,0.9662968872604188,3.6737785196237875
SINGAPORE,DALRYMPLE BAY,6,4187.3603597478095,0.9994089253876713,0.7186896715045245,4.291799326916298
ROTTERDAM,QINGDAO,1,11300.577746871772,0.9369065400226779,0.5460540667480798,4.369881103766251
DALRYMPLE BAY,SINGAPORE,2,4767.84264664435,0.01246565983788206,0.434035615756316,1.66617735394469
SINGAPORE,DALRYMPLE BAY,5,10412.106893135006,0.5064733104983793,0.2230361279982953,2.7660760940517424
SANTOS,ROTTERDAM,3,7009.0088491575025,0.8831268820359235,0.29233822710969914,3.233588472184158
ROTTERDAM,QINGDAO,2,6781.450158994819,0.6718875857654919,0.7955252010907665,4.106478269513671
SANTOS,SINGAPORE,11,4953.9083300031725,0.49549134126868233,0.3563174836569394,2.1914250438354963
SINGAPORE,DALRYMPLE BAY,4,5135.251781291461,0.5851478216413033,0.5964324678908418,3.449226300844526
ROTTERDAM,SINGAPORE,5,10873.413826461197,0.036305676104475215,0.8551639464842137,2.903498761315077
SANTOS,RICHARDS BAY,11,6276.714887010209,0.954268276760615,0.28674390097921787,4.43126497777429
SANTOS,NEWCASTLE,12,11417.561491452572,0.43927206181049183,0.268513647639822,2.4417388636629775
SANTOS,QINGDAO,9,11232.7688068765,0.07478153422734934,0.11017004510613315,1.2062800234474775
SANTOS,RICHARDS BAY,6,10718.904250423397,0.8125077690501658,0.5158988962444213,3.6003550177663874
DALRYMPLE BAY,NEWCASTLE,2,6867.316106257593,0.05438197416681778,0.2995124902746459,1.0195718593763532
SINGAPORE,DALRYMPLE BAY,4,5093.825280024239,0.6590040659703221,0.40261303170344953,2.848961906118192
DALRYMPLE BAY,RICHARDS BAY,12,10126.937938619738,0.5625281207559786,0.557598591125455,2.065073248664518
SANTOS,QINGDAO,6,7760.513800253296,0.26403370227561407,0.187858548192681,1.8860857746254611
SINGAPORE,QINGDAO,9,9443.743115720026,0.32810080919019957,0.8216407350120413,2.5807870588060706
QINGDAO,DALRYMPLE BAY,8,11344.435217115944,0.9023032049180275,0.020442983142750837,2.9426680245071872
NEWCASTLE,ROTTERDAM,4,9388.899645808673,0.7930207886015898,0.619714601214624,3.4905819383016548
SANTOS,ROTTERDAM,10,5799.774537076082,0.5526715645974142,0.4323354227675579,1.9167056367387336
SANTOS,QINGDAO,6,8905.020617314298,0.8383235912959066,0.5629822420663771,3.931727443845433
DALRYMPLE BAY,NEWCASTLE,7,2855.9314828311344,0.8163570725758271,0.7170569664405446,3.6358376845063205
RICHARDS BAY,DALRYMPLE BAY,7,1506.7441888486742,0.6448731146778622,0.7181757921279367,2.810058671037458
SANTOS,QINGDAO,7,8926.305539051078,0.9879389289124246,0.9712613162688684,4.628357135537133
DALRYMPLE BAY,SINGAPORE,7,9536.453485140437,0.5208571587055678,0.8682391284056578,4.447919368537709
RICHARDS BAY,SINGAPORE,12,10294.981574982616,0.484384259201451,0.04872242675272764,1.9658604368780759
QINGDAO,ROTTERDAM,10,3897.115438799609,0.5921769448817807,0.154444643485386,1.7108349789265584
SANTOS,QINGDAO,2,6444.997453796579,0.4800800751945429,0.9976479671837004,4.222689255046401
ROTTERDAM,QINGDAO,5,6951.87409502711,0.2924677048065638,0.7991074484399395,2.4071059902891685
SANTOS,NEWCASTLE,8,10997.316679404195,0.1844459608868413,0.9733486837459057,3.7894710003824836
SANTOS,QINGDAO,4,9500.455874923839,0.14045015838902264,0.3070519159625087,1.3879023389213312
ROTTERDAM,QINGDAO,9,2273.9767256723444,0.7657391075150608,0.792023242829773,3.53181232028334
NEWCASTLE,DALRYMPLE BAY,5,6584.241899940676,0.7793575447858054,0.29259458984912357,3.09146789936255
QINGDAO,SINGAPORE,6,10629.299793964236,0.8828475034662039,0.9512799476066175,4.477928768745245
DALRYMPLE BAY,NEWCASTLE,3,11323.283995762857,0.004003162442779096,0.14319673774312158,0.6263226503198418
ROTTERDAM,QINGDAO,7,10847.708303286057,0.602556765525702,0.6945327912863815,4.0593643501500765
RICHARDS BAY,SANTOS,8,4413.86675405716,0.45091526716210384,0.8355130374309944,3.2643696858930196
DALRYMPLE BAY,SANTOS,2,2617.081171630282,0.965142117057399,0.5988583701003527,3.8862327551348628
QINGDAO,SINGAPORE,3,9947.733066338444,0.5343784432636106,0.27657201365690276,2.6831880550072653
RICHARDS BAY,NEWCASTLE,4,5588.007058712325,0.24706758728071898,0.8591784786968971,3.1788318679343193
ROTTERDAM,NEWCASTLE,4,2370.830340115817,0.15853002911945835,0.4170528833961479,1.6517038858992195
SANTOS,DALRYMPLE BAY,3,4024.9723179999987,0.41981056105578574,0.21122099443796505,1.8946917791986662
RICHARDS BAY,DALRYMPLE BAY,8,4610.674721482707,0.3458505277607903,0.7906735916446096,2.8837458517321597
DALRYMPLE BAY,SINGAPORE,1,3295.5365739795784,0.42571252374691715,0.4870454933791568,2.9487294906490247
NEWCASTLE,SANTOS,8,5504.807398230476,0.03891082077421493,0.6002732813910818,2.540841303308236
QINGDAO,ROTTERDAM,8,1760.1676891967663,0.4300265696455212,0.8833452707029679,2.373660920480705
SINGAPORE,QINGDAO,2,4978.4063309054545,0.6700931741485705,0.4390351122280969,2.513806826863553
RICHARDS BAY,NEWCASTLE,11,10239.84676388251,0.7302657622800466,0.8018018166558906,4.452367767613167
NEWCASTLE,RICHARDS BAY,11,6029.275830150827,0.8197267711447329,0.7993545750571388,3.40120195277329
SANTOS,DALRYMPLE BAY,3,7522.021547938707,0.5791531858639798,0.1672912284042294,2.8159505170287225
DALRYMPLE BAY,RICHARDS BAY,6,3717.534060305109,0.18896038421968675,0.8564960009015917,2.5836491868115785
DALRYMPLE BAY,NEWCASTLE,10,3602.843715946503,0.08485844355493433,0.5115311366376475,1.140140339207329
ROTTERDAM,SANTOS,4,4420.540827434696,0.927847901827814,0.16507860208781233,2.0338444408267433
NEWCASTLE,SINGAPORE,6,6881.805581681608,0.3369866188668009,0.6620496046315625,2.7968723730074867
NEWCASTLE,SANTOS,10,9820.463553519374,0.4913035326998998,0.7044582880334169,3.5698859739002673
SANTOS,DALRYMPLE BAY,4,3874.983342921652,0.5248111876092038,0.9278582254629885,3.008380499469813
DALRYMPLE BAY,SINGAPORE,3,4910.091600662048,0.023291060004693276,0.1535216809311989,1.23790842082844
RICHARDS BAY,ROTTERDAM,1,1663.5973504465123,0.2066298260523869,0.31238781220203726,1.8288741448178971
QINGDAO,NEWCASTLE,8,11324.678213679446,0.7981682913973093,0.5677561168411912,3.657771560782579
ROTTERDAM,SANTOS,12,4438.172143145266,0.6858304476238237,0.8409444672987795,3.5255404070864365
ROTTERDAM,RICHARDS BAY,9,7222.320865574223,0.2707410506638869,0.32784203885344165,1.6552375324964692
NEWCASTLE,ROTTERDAM,7,4548.247195430539,0.4398533005916445,0.6855922324379105,2.765491806714659
SANTOS,DALRYMPLE BAY,8,8352.594515983707,0.6081289162558029,0.9591018380695349,3.8725585932583124
SINGAPORE,ROTTERDAM,7,4415.828269863697,0.3667430989299597,0.39096061392830594,2.604097311603923
ROTTERDAM,NEWCASTLE,9,2355.1460530285876,0.4699653941243669,0.02821953217732831,1.732562847587391
QINGDAO,RICHARDS BAY,1,8011.182603947073,0.4670423501332346,0.3706282615056329,2.0977977327257378
QINGDAO,RICHARDS BAY,5,1520.2619326700644,0.9529287906260143,0.01997992422981265,2.231076917131846
DALRYMPLE BAY,ROTTERDAM,4,1912.8535218493396,0.986892202538008,0.8493915517084389,4.503890726646266
DALRYMPLE BAY,ROTTERDAM,7,6993.2635878159845,0.9246191784832176,0.6200809066532622,3.506358879958635
SANTOS,SINGAPORE,9,8901.171413707247,0.5303450176108518,0.37436783362757076,2.4849443123075448
NEWCASTLE,RICHARDS BAY,10,6868.7125108332975,0.47453008918789086,0.8654318556221002,3.3978578091653877
DALRYMPLE BAY,SANTOS,5,6020.27425615049,0.21783729188359935,0.8668420624138758,3.7277511513132673
RICHARDS BAY,QINGDAO,7,10200.80240323345,0.13885138675082975,0.9099371729174613,2.9397826904993387
RICHARDS BAY,ROTTERDAM,1,5098.22589396723,0.6491015991871399,0.49769712947410594,3.2950552460148694
QINGDAO,ROTTERDAM,8,3367.0518724781996,0.8817194232747706,0.20976066061341314,2.2916490451848235
ROTTERDAM,DALRYMPLE BAY,8,9006.627337281638,0.06893895173255471,0.5933401254113975,1.7378678129986214
DALRYMPLE BAY,ROTTERDAM,4,2862.1451225015085,0.6947983112487609,0.27384836436023674,1.9956367193505602
SINGAPORE,QINGDAO,8,3022.3165985699975,0.5218871538506332,0.1969798253189875,2.1183373464993673
DALRYMPLE BAY,RICHARDS BAY,6,8344.06297110453,0.08733981507178346,0.4410186239042685,1.3877188829690525
SANTOS,QINGDAO,2,11899.642878715884,0.9962650629391334,0.9796216811242879,5.075174035728571
SANTOS,QINGDAO,1,2499.9529080279417,0.4531919350490661,0.339662463804297,1.691570355560195
ROTTERDAM,QINGDAO,4,3433.461780066416,0.495300616385842,0.1524665089783862,1.7406611704671997
SANTOS,QINGDAO,12,1951.5341327705362,0.5651481126958872,0.5482638418332653,2.729406119465444
DALRYMPLE BAY,QINGDAO,12,4806.224021913782,0.902369920263142,0.7964666482835426,4.477657935703182
QINGDAO,RICHARDS BAY,11,6864.210067338455,0.35506007079502466,0.6403750099176652,2.6123444228251333
SANTOS,ROTTERDAM,1,6145.090735959929,0.75350056344561,0.13528192851118992,2.1940217717486576
NEWCASTLE,ROTTERDAM,4,5350.60381563866,0.7175195326756167,0.9496030429007936,4.395071329712915
ROTTERDAM,DALRYMPLE BAY,3,11510.912610861016,0.3951153632063821,0.8000780691915278,2.9680232477274124
ROTTERDAM,QINGDAO,2,9785.991418623726,0.28131517387388294,0.6952148230600186,2.5750242174571083
RICHARDS BAY,ROTTERDAM,12,1805.2519487723685,0.4065981437019629,0.6492090265819204,2.0547753784875615
QINGDAO,SANTOS,4,9157.348060534086,0.30965203002718433,0.5401419523330292,2.1438109119352466
RICHARDS BAY,QINGDAO,6,9530.535957736322,0.8359210809168424,0.18645529319457765,3.022561350227796
SINGAPORE,SANTOS,9,11004.523940241357,0.29504014049653815,0.6587589892067757,2.5226167842484215
DALRYMPLE BAY,RICHARDS BAY,1,11110.928540744597,0.5185805923513536,0.3216223382192459,3.0229724545748833
NEWCASTLE,QINGDAO,4,7689.816469236413,0.8651834547878755,0.3179845046165125,2.76493136506606
ROTTERDAM,SANTOS,6,3101.9388491800364,0.518770583216309,0.4792733822962494,2.2613553422089554
DALRYMPLE BAY,SINGAPORE,6,6858.422129295209,0.5093003132248218,0.020368473684377664,1.789716800012559
RICHARDS BAY,ROTTERDAM,1,1851.577474469555,0.3829979421693436,0.474416044892644,2.1677221537570324
SANTOS,SINGAPORE,5,4124.860917299344,0.5378303989980171,0.43802678127073147,2.843341591380259
SINGAPORE,QINGDAO,9,3677.415190013505,0.5237823693698753,0.28023010879713783,1.8622531161290996
SANTOS,NEWCASTLE,1,5743.622623939399,0.5364864895582901,0.4595471512617503,2.192929093433501
RICHARDS BAY,NEWCASTLE,2,7923.483721709244,0.9858532004423277,0.653987199751117,3.9276097650564066
SANTOS,ROTTERDAM,6,11147.378926314595,0.8068344471904552,0.10413468760722522,2.803951354386881
ROTTERDAM,NEWCASTLE,12,10276.792684307995,0.27979578867131627,0.5191407841611407,2.73768904129904
SANTOS,NEWCASTLE,3,9965.430631591305,0.1058145276846828,0.6144274948381659,2.9262610744870954
SANTOS,ROTTERDAM,9,8842.34349464635,0.356692799655421,0.4493539410331321,2.844073732389505
QINGDAO,SANTOS,1,11746.893218953895,0.6845269785858117,0.18172956781192617,2.6845595736259305
SANTOS,DALRYMPLE BAY,9,3352.8053568034447,0.5566594006874488,0.25578065342499323,1.771407150820391
RICHARDS BAY,NEWCASTLE,1,3304.6283244291917,0.38430665910395756,0.8681548265290678,2.9857101934670833
SINGAPORE,SANTOS,6,9039.061499421683,0.2633423587356264,0.8544897363655244,2.9292500794091465
SANTOS,QINGDAO,2,3460.9249349697347,0.5307564019360695,0.8461815293449878,3.7478913144302695
DALRYMPLE BAY,QINGDAO,7,10820.652354195014,0.2831350763875111,0.8169480642561467,2.731493965253521
DALRYMPLE BAY,SANTOS,10,9447.831527396871,0.9982559512152959,0.4785124609413839,3.5274504992603837
SANTOS,ROTTERDAM,12,4535.584452542357,0.7000101540674241,0.007348139064262682,1.4746922436492969
NEWCASTLE,DALRYMPLE BAY,2,11052.832222541943,0.21638930868297468,0.9942786739158408,3.7752599241718285
NEWCASTLE,SANTOS,7,5731.10878859031,0.4448357592818618,0.589287703664628,2.882118846383741
NEWCASTLE,QINGDAO,12,5178.127343612032,0.012215462915350805,0.12562504555165477,1.2896698868281782
SINGAPORE,RICHARDS BAY,11,4215.193646015499,0.8197385402823597,0.003061104864092945,2.8082919044954355
NEWCASTLE,RICHARDS BAY,5,10154.508934051326,0.5508316650302666,0.6185402365031989,2.769476479056506
SINGAPORE,NEWCASTLE,5,11163.804793595451,0.10176845917980593,0.9397202480228001,2.656769117315257
NEWCASTLE,QINGDAO,1,1761.9510464198322,0.5112702394360336,0.811596744596663,3.1462854615643754
DALRYMPLE BAY,RICHARDS BAY,6,6955.653604502539,0.8323193042175333,0.18290318398668237,3.364491723971698
DALRYMPLE BAY,QINGDAO,9,11498.107616793575,0.31388665631323565,0.48615830920162084,3.022024990642654
DALRYMPLE BAY,NEWCASTLE,12,2740.3739279302767,0.4753334513833103,0.5887707829895721,2.4741862478090066
NEWCASTLE,ROTTERDAM,7,3239.147350629627,0.5905374085857233,0.16969693224186544,2.820072614544366
DALRYMPLE BAY,SANTOS,10,3863.3035206332033,0.47160277916514803,0.8420195363242607,3.539553487122185
ROTTERDAM,SINGAPORE,7,3610.669561114379,0.7602957880874366,0.5189304352421411,2.9622436117977267
SANTOS,NEWCASTLE,5,9672.177244886145,0.798007854884586,0.7466009640551217,3.8975497573032905
QINGDAO,RICHARDS BAY,12,5443.8627073513735,0.8750233187739541,0.16342928813683655,3.5857659849473453
RICHARDS BAY,QINGDAO,12,7114.5255329384545,0.013972719418462565,0.002235204747397135,0.7670972877564867
NEWCASTLE,QINGDAO,3,7718.175071691953,0.3792659505862729,0.18674621766978972,1.9645204561172918
NEWCASTLE,DALRYMPLE BAY,10,5406.039445556418,0.5758336185818038,0.5673605590140585,3.5681146531870915
NEWCASTLE,ROTTERDAM,1,4804.222564536518,0.877913776588007,0.911987647571481,3.404569773916838
QINGDAO,RICHARDS BAY,9,10343.543603172187,0.9736640731733385,0.6534048120036423,4.378956149695299
SINGAPORE,NEWCASTLE,8,1971.884736846674,0.8245025676918739,0.42091169947061546,2.8443783909925457
DALRYMPLE BAY,SINGAPORE,8,8414.538569933022,0.9918953187295984,0.2354751704017547,3.454791789061909
QINGDAO,DALRYMPLE BAY,6,8372.98464592931,0.5363197772226286,0.23783538488179112,2.7172217692466254
DALRYMPLE BAY,RICHARDS BAY,9,10576.729010252247,0.28020090530999753,0.7758308035152388,2.7640938884701995
QINGDAO,DALRYMPLE BAY,11,11959.336205205376,0.10721084586014062,0.27138813282503704,2.267542451142794
SINGAPORE,NEWCASTLE,6,6277.728486123473,0.6180738382440888,0.4603955870930234,2.851431714792136
SINGAPORE,SANTOS,10,4874.707141496006,0.5889872905686162,0.5157301809587675,2.830979893627034
RICHARDS BAY,ROTTERDAM,11,9513.46436515006,0.24526584310929966,0.08477474277224473,1.6603181290008622
ROTTERDAM,SINGAPORE,7,9104.012868366355,0.6813895353038614,0.23436663249506084,2.977726456466482
DALRYMPLE BAY,ROTTERDAM,7,2445.577896712677,0.6662171653053798,0.8656870353545201,3.6583504533357183
SANTOS,ROTTERDAM,12,6681.4508372170385,0.3555190186352464,0.2748770766250189,1.1315648672822114
QINGDAO,SINGAPORE,6,1517.1239001135812,0.6757485115605695,0.2503765989898231,2.0206492941218777
RICHARDS BAY,ROTTERDAM,9,11896.528947585513,0.2426253685256229,0.27423857222533854,1.7982509191059122
QINGDAO,SINGAPORE,8,7546.71121462677,0.3034428973917942,0.8763446693975172,3.0109360380071033
SANTOS,QINGDAO,10,2330.226362363535,0.48922906718999004,0.07533066244570341,1.8506687747620552
RICHARDS BAY,NEWCASTLE,7,6810.461922373958,0.9127369011811262,0.6437583821994626,3.8771509960898825
NEWCASTLE,SINGAPORE,3,3719.067829250772,0.9780427404056374,0.43461036073720605,3.117154289044093
ROTTERDAM,DALRYMPLE BAY,8,8342.836968566682,0.6999223607977247,0.32182916969658903,3.2948886706065847
DALRYMPLE BAY,SINGAPORE,11,4688.2739126504,0.6751707163810492,0.4670183574131995,3.1610019253107415
SANTOS,ROTTERDAM,8,3761.250258533747,0.9386106707732477,0.6385911963305415,3.6269038947932026
SANTOS,QINGDAO,4,4365.80413087289,0.44719896492353517,0.32596360277933156,2.070143221056318
SINGAPORE,NEWCASTLE,3,3819.74255323558,0.20066662541291747,0.0009261067314049187,1.1407073795240483
QINGDAO,NEWCASTLE,12,3758.295985641509,0.31000243191393273,0.4637045822685515,1.74861141918063
NEWCASTLE,DALRYMPLE BAY,5,2627.341421708567,0.5742972879655516,0.1556751971251129,1.7159311942250717
DALRYMPLE BAY,ROTTERDAM,7,5789.425036426474,0.8108987523339602,0.34034446392638773,3.249617019202813
SINGAPORE,RICHARDS BAY,9,2669.3322142591737,0.1323852912543504,0.07755167426146636,1.1317118810799738
SINGAPORE,ROTTERDAM,6,10494.039360066501,0.7285936425378988,0.47162381396750275,2.349801915502279
ROTTERDAM,NEWCASTLE,6,6524.181100485591,0.5249103799549136,0.7757258140222779,3.529835468792807
ROTTERDAM,DALRYMPLE BAY,4,2407.6978393224654,0.42789426317924717,0.16735726931104888,2.0137353044164934
SINGAPORE,ROTTERDAM,11,7698.876675432693,0.5066111397598535,0.14861983627690378,2.3183644087225987
ROTTERDAM,NEWCASTLE,1,5034.373852437926,0.8042768327775744,0.2592848009081554,3.5752367119488113
SINGAPORE,SANTOS,8,11047.66381422284,0.7459443559358149,0.6817997136981974,3.365477350243478
QINGDAO,SINGAPORE,3,9680.954411107912,0.28592494883694264,0.071587302151916,1.3197711437879684
DALRYMPLE BAY,SINGAPORE,12,7062.9064145284465,0.36410836224197507,0.48253745124549463,2.0288722378655755
QINGDAO,SANTOS,1,11287.191207897306,0.501661842065483,0.5037563377671381,2.641043804520893
SANTOS,RICHARDS BAY,2,3750.6270879517224,0.7094129150613248,0.6440868573366405,3.352728118007641
SANTOS,NEWCASTLE,1,6021.403976048758,0.0819198841853277,0.27566543378716624,1.6430290985809148
QINGDAO,RICHARDS BAY,5,10614.18159154148,0.31889851884048703,0.7495962459853094,3.0267657702553366
DALRYMPLE BAY,RICHARDS BAY,4,11531.51328274461,0.3158314850884807,0.18145445530144066,1.5953224481759696
SANTOS,ROTTERDAM,2,1983.6814510730067,0.46263031948273103,0.8147753485181917,2.4538272476672924
QINGDAO,SANTOS,7,6933.805066132266,0.680966600125159,0.507708843533124,3.2684415820757557
NEWCASTLE,SANTOS,12,7300.040287776562,0.7145520982700821,0.2746481426175279,3.033532121422698
SANTOS,DALRYMPLE BAY,3,5846.867450681424,0.7868162917070124,0.9089730055498839,4.527691642724687
QINGDAO,ROTTERDAM,9,2273.8062374525707,0.010753717600025525,0.12297077263205258,0.4185497125474321
NEWCASTLE,RICHARDS BAY,6,5645.829373356639,0.301461667988017,0.13789958241196532,1.4303646360406752
ROTTERDAM,NEWCASTLE,1,2815.923102631733,0.08674576828800407,0.9495727706536599,2.93873630450277
NEWCASTLE,RICHARDS BAY,7,10805.29229058874,0.2714394175643763,0.7751913198587196,3.334810915306775
QINGDAO,SANTOS,12,6050.90743283932,0.24453657575180598,0.6958787682282754,2.339835696343986
RICHARDS BAY,SANTOS,9,5568.755623157067,0.3634678197300196,0.14973420826677053,2.347386297403721
SINGAPORE,DALRYMPLE BAY,10,8797.903072004141,0.3938347561850223,0.9997148510628928,4.362439582075044
SINGAPORE,NEWCASTLE,9,6549.535177905545,0.22087883484954018,0.5063740694865626,2.1946088344834487
DALRYMPLE BAY,QINGDAO,11,8956.752875236312,0.5721633031474584,0.8794346459536684,4.5435135414388546
DALRYMPLE BAY,QINGDAO,6,5567.625762525714,0.9411736093251855,0.3239795467518164,3.3487725994237003
DALRYMPLE BAY,ROTTERDAM,8,4395.501792698226,0.8797764560608707,0.474382132911368,3.1433181918725768
QINGDAO,SANTOS,4,9456.023468532869,0.6297877747249184,0.7875625625397042,3.700528289176285
DALRYMPLE BAY,RICHARDS BAY,12,3472.5376160439805,0.8583426720925291,0.053350982345181874,2.1280878431494554
RICHARDS BAY,SINGAPORE,8,9722.427306691423,0.6555941353552872,0.6911320145375287,2.8236326015081556
RICHARDS BAY,QINGDAO,12,10516.067765080574,0.24298586196281913,0.36090279349128296,2.613748859126313
QINGDAO,RICHARDS BAY,3,3974.4085334748524,0.00923892141851268,0.37044959119794796,1.719044418760792
NEWCASTLE,SINGAPORE,3,10664.458085951677,0.5821670682445784,0.41197472401198787,3.4062060516891792
ROTTERDAM,SINGAPORE,11,3851.3111127691463,0.3107402677764569,0.1606227748095368,1.738641770817624
QINGDAO,DALRYMPLE BAY,4,1572.2191158604971,0.8549451286305332,0.7037698077660497,3.055322458160867
SINGAPORE,DALRYMPLE BAY,6,5208.472212070089,0.6152300505352921,0.2181491845610315,2.110656338621892
RICHARDS BAY,ROTTERDAM,8,8333.188273528498,0.7018817204145913,0.4028393399933684,3.497836658380027
NEWCASTLE,RICHARDS BAY,3,4558.264300500585,0.5065447783230054,0.48670993414349495,3.1164860066399194
SANTOS,DALRYMPLE BAY,6,8167.583116538467,0.6091986837159487,0.4348841544214562,3.2105691994017276
RICHARDS BAY,DALRYMPLE BAY,11,1987.452470165033,0.5247951503334181,0.6149877629496451,3.2576651337128273
DALRYMPLE BAY,RICHARDS BAY,2,3082.8137458989822,0.3162327101862351,0.3979505662702747,1.456485396592937
QINGDAO,DALRYMPLE BAY,2,11792.568565397449,0.22552345828308484,0.42168855478359224,1.9195278589097582
SINGAPORE,RICHARDS BAY,9,7827.726849420743,0.05548598652431469,0.16861876183156788,1.387839082712517
SANTOS,QINGDAO,7,8047.539050878187,0.35748817539812083,0.27624614103391154,2.0597278791819935
DALRYMPLE BAY,SANTOS,8,3844.8871757003753,0.48797616488264717,0.14951173948933894,1.0172161175677847
DALRYMPLE BAY,ROTTERDAM,6,2041.5852162469664,0.9330752414784446,0.41360314029288636,3.2457704464433434
NEWCASTLE,ROTTERDAM,1,5108.506810448997,0.36435707133517936,0.9948231734142234,3.1952397680098814
NEWCASTLE,DALRYMPLE BAY,11,7414.189390938251,0.29455607496639935,0.022800247574969457,0.720806364556361
NEWCASTLE,QINGDAO,7,10285.1527992655,0.17175314606842063,0.6121498757095142,2.4557321680495754
SANTOS,QINGDAO,8,9550.366668039003,0.05377470956855546,0.5061481556405951,1.6402711801250478
NEWCASTLE,SANTOS,7,6114.55854907837,0.21381815479223087,0.9166950780853498,2.640639821691266
SINGAPORE,ROTTERDAM,6,10682.308790688374,0.5000362149376396,0.05539206171529765,1.8772757301709846
SINGAPORE,RICHARDS BAY,7,11258.966752984967,0.33117824496213244,0.8349444126529467,3.1246730176738864
ROTTERDAM,SINGAPORE,8,2423.619359506056,0.4739342140923939,0.2173318021583479,2.4045304259562514
ROTTERDAM,SANTOS,1,11907.600323150637,0.9395250399796778,0.12565330683749687,2.7960170265048396
ROTTERDAM,QINGDAO,9,2803.575135562122,0.3318126252577047,0.716433175755905,2.63547050141711
DALRYMPLE BAY,SINGAPORE,3,1544.9695116458176,0.5042103016788663,0.5283143955682554,2.3863756655082335
QINGDAO,SANTOS,1,10594.78952358631,0.022653987707937362,0.5304751232566325,2.179239143172142
NEWCASTLE,SINGAPORE,2,10743.72626113456,0.9742208328353165,0.44305199935834705,4.267271931313439
RICHARDS BAY,NEWCASTLE,3,3287.4181562238086,0.45917703660615206,0.17012440561565012,1.862857942784431
NEWCASTLE,SINGAPORE,11,4073.5529645178417,0.9626938521724977,0.9109858394978042,4.5429579595871274
SANTOS,ROTTERDAM,4,2788.0714309258333,0.10237033001512275,0.5608615729363878,1.4570324790586342
DALRYMPLE BAY,SINGAPORE,1,3526.2316385623603,0.23589225418204074,0.8002484436088676,2.544562361727935
SINGAPORE,RICHARDS BAY,8,3433.471960280796,0.10768912229586136,0.4376118906550508,1.9836013133655708
DALRYMPLE BAY,QINGDAO,12,8357.167635357255,0.5093898836159924,0.2014565622473442,2.832245511311387
SANTOS,ROTTERDAM,4,9942.354673033626,0.75172632477355,0.8758166328973778,3.605358095379843
DALRYMPLE BAY,SANTOS,4,3126.076320002777,0.8856629200453748,0.36846820331059704,2.8706852499314657
RICHARDS BAY,SINGAPORE,6,11541.569370770889,0.875241809211976,0.8252307170992254,5.028915977826376
DALRYMPLE BAY,RICHARDS BAY,9,9179.63607363689,0.9575924341941717,0.30266332238142957,2.532595991984836
QINGDAO,ROTTERDAM,10,7325.666703953968,0.30713129366202885,0.6084503697937579,2.1576619073970704
DALRYMPLE BAY,RICHARDS BAY,12,11909.679513299021,0.24141006629089268,0.26229116071881475,2.8491383617093673
RICHARDS BAY,SANTOS,5,1628.6964195827857,0.63222953708832,0.9986954925203827,3.8974063148376192
DALRYMPLE BAY,QINGDAO,12,8201.170755083307,0.3450279868426147,0.39605894478365467,2.4967919994764527
ROTTERDAM,SANTOS,2,8158.923761649428,0.8638249502637549,0.04115320005240031,2.5300500279478153
NEWCASTLE,ROTTERDAM,2,9541.327198765259,0.7425690617556514,0.24675613927720963,2.6981560128662645
ROTTERDAM,NEWCASTLE,8,10208.99988171364,0.27713031234139374,0.3396837254695101,1.8309845050685718
ROTTERDAM,SINGAPORE,9,9361.743955265141,0.6661786521150226,0.20378097094672953,2.7628711555333063
NEWCASTLE,RICHARDS BAY,11,11247.2248975198,0.59563741801024,0.4166694109625484,3.8049042022122253
NEWCASTLE,SINGAPORE,10,10787.23055509726,0.9518324486974689,0.42785096732832373,4.014172807512536
DALRYMPLE BAY,ROTTERDAM,12,1817.301639389174,0.597335918711443,0.6502122741817089,2.635591702123069
RICHARDS BAY,NEWCASTLE,3,8815.413305298813,0.7834134858339759,0.18894575046218876,2.1905006605049664
QINGDAO,SANTOS,6,11266.91025182009,0.5618778348930105,0.3876778482082255,2.259610164539681
ROTTERDAM,QINGDAO,4,8722.28912925973,0.040835597341881136,0.6818167256463189,1.5430675525886568
ROTTERDAM,SANTOS,9,5223.883548591829,0.16341657754026295,0.22650558193117554,1.8043430600793982
RICHARDS BAY,QINGDAO,9,6419.72280948967,0.031277251274806406,0.9599424193443986,2.839000890697721
NEWCASTLE,RICHARDS BAY,10,1563.947936588831,0.9324720513360747,0.6459894602030112,3.328564947863149
SINGAPORE,SANTOS,1,8409.339259033186,0.4269318597663363,0.7316727834677892,3.4229039621605453
SANTOS,NEWCASTLE,2,2856.224059075177,0.8118761105873928,0.8187018277030144,4.3359163789019455
ROTTERDAM,SANTOS,9,6178.800311863952,0.005850022673607236,0.5744621935391577,2.6786002098846877
SANTOS,QINGDAO,3,8282.449494627295,0.191922708515344,0.06353334829533641,1.7660211940999488
ROTTERDAM,SINGAPORE,4,9859.56196580219,0.141393428077766,0.5183806472769689,1.4052286146797122
NEWCASTLE,RICHARDS BAY,3,8670.393887460774,0.12829142437711005,0.20959644832677649,1.6277632736323078
ROTTERDAM,SANTOS,12,10780.290979035632,0.912582547697302,0.8805249763593188,4.324578174516262
ROTTERDAM,DALRYMPLE BAY,8,3990.000063506466,0.32341925796080806,0.8604296493484839,2.96932702044475
SANTOS,QINGDAO,11,6821.6831452842725,0.11271606632786002,0.6260488772454097,2.0919649223860097
QINGDAO,SANTOS,2,7140.46512043385,0.4680853814555932,0.32711225602116145,2.805814654300226
SANTOS,SINGAPORE,8,6158.530532068354,0.24955718202655597,0.42942338302152816,1.7344659953261452
SANTOS,SINGAPORE,3,11522.962392164553,0.8105606101181794,0.34313762484346555,3.7588792048750923
ROTTERDAM,NEWCASTLE,6,7870.124410208725,0.3693902235197972,0.001051972560388137,1.1002964962139496
ROTTERDAM,SINGAPORE,7,4545.502370122731,0.9715761249080562,0.6216684125152849,4.058702161392199
ROTTERDAM,SANTOS,8,8451.926816698624,0.8790038848027194,0.3027548582456523,2.935461203126662
QINGDAO,ROTTERDAM,5,2562.594182231134,0.1746840049206415,0.9327460760074581,3.150514368250453
SANTOS,DALRYMPLE BAY,1,1696.8811607309312,0.5012331895262763,0.8627268132629347,3.503878523739044
QINGDAO,ROTTERDAM,11,9397.451859453698,0.6982422739891901,0.3845640671309203,2.955617355543763
QINGDAO,RICHARDS BAY,1,6640.052392970013,0.6137138167259192,0.4267297995769125,3.172582280978608
ROTTERDAM,QINGDAO,8,11110.243141212743,0.41372167366418855,0.5744676592713583,3.5226142754110144
SANTOS,DALRYMPLE BAY,7,7343.832915069928,0.05755603594395453,0.5979505131197568,1.7255536708903985
SANTOS,NEWCASTLE,4,8342.905969757634,0.627125975312123,0.22684148463223253,2.8480751119857723
RICHARDS BAY,ROTTERDAM,4,8237.279628572143,0.6145639412952608,0.010398101510140534,1.843959774281445
ROTTERDAM,RICHARDS BAY,4,5923.372385791001,0.1797717077949118,0.4207338711650098,1.0070345023702
SINGAPORE,NEWCASTLE,6,7408.382056956781,0.3914486635868403,0.7969713919154653,3.3082053532203792
SINGAPORE,DALRYMPLE BAY,6,3418.640656150146,0.8833811820915227,0.4449008179668318,3.5523345179980566
RICHARDS BAY,DALRYMPLE BAY,10,2899.242016525824,0.7467248762917983,0.4185307770366532,2.9622581369290044
NEWCASTLE,DALRYMPLE BAY,9,4199.991389982559,0.8918882018418166,0.6571697584241699,3.2462812442605706
RICHARDS BAY,SANTOS,3,10989.80243481869,0.16491540860861353,0.5780607631866924,2.4093778180752703
SANTOS,DALRYMPLE BAY,3,7632.507731752833,0.4205680100373125,0.015190104682004546,1.8773529261354138
QINGDAO,RICHARDS BAY,2,7111.398998539383,0.855605460596945,0.7494776291225896,4.130478640907244
SINGAPORE,RICHARDS BAY,1,10148.582143157924,0.09721263778493949,0.06328363340203702,1.1786885211922886
SANTOS,DALRYMPLE BAY,10,7968.91604038231,0.7722674032074582,0.5504905797749521,3.2541652762131084
SINGAPORE,RICHARDS BAY,10,11965.945068015151,0.0983392668723897,0.1003293178450484,1.4588077623695122
DALRYMPLE BAY,RICHARDS BAY,10,8330.390722393913,0.32253642193885845,0.9063131903327911,3.458677317206929
DALRYMPLE BAY,RICHARDS BAY,11,3136.96353716671,0.9522967977656314,0.6127421567003271,3.9400617387308956
SINGAPORE,RICHARDS BAY,11,10917.899314249726,0.6800608554300946,0.06763955450306436,2.164434156901657
NEWCASTLE,QINGDAO,1,5515.705763468892,0.759672703987996,0.7528858036578309,3.889975540360543
SANTOS,QINGDAO,1,2340.2039680294006,0.9108929497299082,0.7446459642015341,4.218143044896648
SINGAPORE,DALRYMPLE BAY,8,5191.373563199003,0.7462732339820062,0.8013173262158622,3.751290348150791
ROTTERDAM,SINGAPORE,9,7264.303376318809,0.7239272795530837,0.08762291140653711,3.0862171185137006
RICHARDS BAY,SANTOS,3,9244.444692844618,0.8792258568135658,0.8146662660807785,3.677905167133972
ROTTERDAM,SINGAPORE,3,9605.182427313719,0.6254640887729238,0.5193761171913774,3.321490298102358
SINGAPORE,NEWCASTLE,8,9482.890489206658,0.5643533069491241,0.5087608822191797,2.7616693362051117
ROTTERDAM,NEWCASTLE,10,2284.2777603480945,0.6790100281695197,0.7165401940019428,3.458472370425006
SANTOS,ROTTERDAM,5,5805.530389607764,0.6959336024021688,0.8455199378782277,3.079614638749316
SANTOS,NEWCASTLE,9,7016.5627949443915,0.7918298431946843,0.6709392749216151,3.939930609772167
QINGDAO,ROTTERDAM,2,10676.911687372234,0.5126132480536286,0.4733610131974654,3.145327775933227
RICHARDS BAY,SANTOS,2,10836.575695804006,0.9413439770471609,0.21947342922809088,2.0107016698430313
SANTOS,SINGAPORE,1,4138.267282417893,0.04334227704126392,0.8207793770411665,2.524137078027876
SANTOS,RICHARDS BAY,7,8283.123101693816,0.7344338301788308,0.6730262637118272,4.088027415585931
SINGAPORE,ROTTERDAM,3,8189.638338371506,0.28941613355602613,0.11943294144623695,1.8080817160039788
SANTOS,QINGDAO,1,4450.6323787660485,0.31155813839396085,0.22349862107410756,2.0400340664749175
RICHARDS BAY,ROTTERDAM,4,3159.5280567478835,0.8427622848520179,0.08485398743320516,2.8726070668399806
SANTOS,SINGAPORE,9,2724.342478469424,0.8407780989404321,0.5291762192378618,3.037844450114697
NEWCASTLE,RICHARDS BAY,10,6381.146800507855,0.8813887043548337,0.6354292727910835,4.2342061555274055
SANTOS,SINGAPORE,7,4361.970203765192,0.2641406635814547,0.5945862193028131,2.095873181943626
SANTOS,RICHARDS BAY,6,1598.013018810262,0.7468576231363655,0.30234311214228304,2.2134707174218926
RICHARDS BAY,DALRYMPLE BAY,3,11920.816452637644,0.24777941443969453,0.30943368604734944,3.0195306199633025
SINGAPORE,RICHARDS BAY,8,10278.275137566132,0.6927415002668795,0.5943228447873232,3.363679778157683
QINGDAO,SINGAPORE,7,5367.896367231902,0.6520484832048667,0.3470309593035903,3.01991353095148
RICHARDS BAY,QINGDAO,8,7233.548583792055,0.07528376627828726,0.6680559856867488,1.7166374439509555
QINGDAO,ROTTERDAM,12,4026.861493440527,0.7727961684751686,0.28647718139397993,2.276121362234627
RICHARDS BAY,NEWCASTLE,7,11951.795146217253,0.9689918663769136,0.22102219394416822,3.3637553373878344
DALRYMPLE BAY,SANTOS,2,10187.622953472839,0.33654367588742307,0.667094759555663,3.49509966253707
SANTOS,DALRYMPLE BAY,6,2636.419586787116,0.6878268293762259,0.9633793497185212,3.7242916959166563
DALRYMPLE BAY,RICHARDS BAY,1,10097.860791895633,0.4554763784417377,0.11885798957022997,1.8666396917040364
DALRYMPLE BAY,SANTOS,8,10468.546717267127,0.7828355539543036,0.8572405127565482,4.274471527392305
SANTOS,SINGAPORE,9,3142.3275971093817,0.8232921614417502,0.7438493931000214,4.154688556457395
SINGAPORE,RICHARDS BAY,11,10305.689915280776,0.8710858598596973,0.15168561711649142,3.7507838838593597
SINGAPORE,SANTOS,4,1716.6600243417479,0.9940904697671161,0.8766572448349611,4.140651128798875
SINGAPORE,SANTOS,6,1558.7941080745268,0.7792531125598329,0.9966670381420173,3.8084225152010824
ROTTERDAM,QINGDAO,6,6034.404011914322,0.5450347457431102,0.8490656486374066,4.1397201277394515
SANTOS,RICHARDS BAY,7,9985.94050539821,0.8868059392806316,0.6351132019749712,4.1239042211385755
DALRYMPLE BAY,NEWCASTLE,4,3875.0569495225527,0.2888010668157799,0.136470164542689,1.8026075146079683
SANTOS,SINGAPORE,10,6996.401259626353,0.6258432873769864,0.3577316754157348,2.2524459066777216
SINGAPORE,RICHARDS BAY,8,2505.499444528259,0.8003770314825251,0.4916095893179955,3.599099956867376
SINGAPORE,QINGDAO,2,7970.7513674009815,0.6069717344671073,0.9724621845353718,3.2341403209375112
SANTOS,RICHARDS BAY,9,10369.665607751218,0.8351614957838297,0.4296290959984418,2.886988192990868
QINGDAO,DALRYMPLE BAY,8,2390.797000605166,0.38265550381413704,0.26117208401659076,2.4177163056862896
RICHARDS BAY,SINGAPORE,7,1504.3776274825905,0.05594087397445002,0.36438440589704324,1.0943633795826513
DALRYMPLE BAY,SANTOS,3,1556.9078980910786,0.5348019131804018,0.11664591474418606,2.008065574340081
QINGDAO,ROTTERDAM,11,11547.330303320015,0.19051972698740283,0.18318060363367628,1.338293027579184
QINGDAO,SANTOS,8,7926.863676469909,0.6501628918779663,0.7733000080093962,3.988886434027912
ROTTERDAM,NEWCASTLE,3,4471.841124657667,0.42251706957901414,0.09703036053335845,1.9445174832806489
ROTTERDAM,SINGAPORE,9,7399.392944192674,0.34110203942305783,0.5705380146850741,2.527170091773723
SINGAPORE,NEWCASTLE,8,5959.955781966196,0.3922052040142008,0.4281134723650425,2.6805043764533183
DALRYMPLE BAY,NEWCASTLE,5,6023.367709812585,0.036712187580449696,0.52781640202125,1.7090552471317721
SINGAPORE,NEWCASTLE,2,8040.183896997819,0.6109490331219362,0.8397876238561816,3.6795840372219493
QINGDAO,SINGAPORE,5,9776.299940997094,0.14871439398399822,0.4599487369365248,2.9018850823235454
NEWCASTLE,RICHARDS BAY,5,4544.019596262496,0.031391619919897584,0.8460504971784825,2.4442709117575423
ROTTERDAM,RICHARDS BAY,7,8803.985797018508,0.19549329494514656,0.4363589474325642,1.6703452587640868
SANTOS,RICHARDS BAY,8,6598.195292978943,0.31159905487555684,0.452246292081535,1.6779038663026045
SINGAPORE,NEWCASTLE,3,5196.869343659718,0.07508938063319093,0.4207477948214936,1.936103278719374
SINGAPORE,ROTTERDAM,6,9812.725524361818,0.1670382074412864,0.09116953553275242,1.8034784384987685
SINGAPORE,ROTTERDAM,10,3649.5595730218306,0.4293923274296819,0.35701729900060175,2.278261538109269
DALRYMPLE BAY,ROTTERDAM,9,10791.61446343706,0.1384027990162019,0.05431027586070736,1.0445164758730974
QINGDAO,SINGAPORE,10,1892.0149048636624,0.02807001191395697,0.4613157517310297,1.874055960539092
ROTTERDAM,NEWCASTLE,8,8392.379798437703,0.7499221615007585,0.05933116572496744,2.3537937590308697
QINGDAO,DALRYMPLE BAY,11,7387.652256420522,0.5046652778471722,0.9685548109027556,2.8819804892592558
NEWCASTLE,DALRYMPLE BAY,12,2882.6058963901546,0.796016392091595,0.8044943549475032,3.5393122531840446
DALRYMPLE BAY,NEWCASTLE,6,6975.614684601455,0.16182934483603884,0.7225288223332409,2.045508395923562
SINGAPORE,NEWCASTLE,11,10382.464515255226,0.9520316985532247,0.1526936934997769,2.8739462789168306
QINGDAO,DALRYMPLE BAY,6,7803.427116186026,0.2309010194113772,0.3785065964886303,2.8422709712329297
NEWCASTLE,DALRYMPLE BAY,9,5732.012218037847,0.24982467365181793,0.4368446991896344,1.7528211326922227
RICHARDS BAY,DALRYMPLE BAY,5,5987.951473748337,0.33694773157161906,0.1509197553293914,2.0790068428969666
ROTTERDAM,SANTOS,5,8198.199370808647,0.9547049119060317,0.727050648168605,4.085067806069362
QINGDAO,NEWCASTLE,4,6748.757479660709,0.3281779446054718,0.942764592687814,3.334002629900492
DALRYMPLE BAY,SANTOS,6,10626.682013720194,0.3590128321437984,0.4325784299581542,2.924945412951328
SINGAPORE,ROTTERDAM,9,4485.136186320933,0.20447475501396606,0.29608791865459794,1.6220351055656186
SINGAPORE,DALRYMPLE BAY,5,9407.646563611437,0.1733267962959556,0.8774078276911388,2.852688250440637
RICHARDS BAY,ROTTERDAM,2,8073.219451068759,0.3188631494960953,0.1333492051804933,2.431405319704104
SINGAPORE,RICHARDS BAY,7,3191.4136199539453,0.2076822517706749,0.00241139743167762,0.7859003035561196
NEWCASTLE,SINGAPORE,3,8315.518623517093,0.21183446145851137,0.018006858979704,1.168407746093854
DALRYMPLE BAY,SINGAPORE,2,3630.363845463173,0.8780292726865745,0.6909031808875248,3.325950900650633
SANTOS,QINGDAO,1,1736.4478409500912,0.11445269716988982,0.394996310172563,1.9582751115157344
ROTTERDAM,SINGAPORE,8,7791.03223967093,0.3885355304562821,0.5069071834722066,2.877879839880397
DALRYMPLE BAY,RICHARDS BAY,11,10298.786831457712,0.8128018914258494,0.22560920423184416,3.104493382655718
ROTTERDAM,NEWCASTLE,2,4488.829547789491,0.4908315662581837,0.27354931352649736,1.9295222474685485
ROTTERDAM,NEWCASTLE,7,8985.153080653597,0.22496824779572533,0.738843045933042,2.4898800725989236
ROTTERDAM,QINGDAO,11,11516.650530042314,0.8662419197575649,0.40152008268027617,4.017268470197812
NEWCASTLE,SINGAPORE,1,9798.302352312297,0.42362832540184614,0.24681289062919443,3.010168171318155
NEWCASTLE,RICHARDS BAY,1,10829.289551293356,0.25454721178600914,0.6590592328025533,2.8806054727494423
DALRYMPLE BAY,QINGDAO,11,3184.8789586437,0.8478793428104792,0.012245665790822424,2.180124681946375
RICHARDS BAY,DALRYMPLE BAY,1,7582.228815247454,0.8774625257433228,0.7729953951013782,3.742485252370039
ROTTERDAM,DALRYMPLE BAY,7,9757.097422374318,0.14844305184897766,0.17937039206270378,1.5470545081863583
DALRYMPLE BAY,SANTOS,10,4691.582716203899,0.968974903241041,0.4486706201548839,3.9286108846620627
QINGDAO,ROTTERDAM,1,6885.676564331027,0.08360538497397707,0.27406759869572184,2.1441989151289453
SANTOS,QINGDAO,6,7664.1868401624215,0.5056558896402157,0.7428665843155082,3.337574757378647
SINGAPORE,NEWCASTLE,4,10380.751300077398,0.0355299180290225,0.5595093774729606,1.6406801617264737
SINGAPORE,DALRYMPLE BAY,12,3179.2397146185285,0.38098458390190815,0.8540555127981793,3.1831685597204977
SINGAPORE,SANTOS,5,2740.325379452497,0.9443097395191401,0.4381782907522135,3.7354846417582817
NEWCASTLE,DALRYMPLE BAY,4,7091.040834279822,0.6451859606659763,0.6063942805090216,2.9983691586140173
RICHARDS BAY,SINGAPORE,12,10117.725757462294,0.6017588970594852,0.7493319880707405,3.5510750883789237
SINGAPORE,DALRYMPLE BAY,11,6893.835493934232,0.2541522881190068,0.6929752101992367,3.0248185289986456
DALRYMPLE BAY,ROTTERDAM,2,5637.485063251632,0.017425052716909306,0.1143955574012756,1.0817642847954354
RICHARDS BAY,DALRYMPLE BAY,2,2640.2014782014608,0.010106644431258527,0.7152050043221464,1.9462749153840275
QINGDAO,NEWCASTLE,2,5825.222229739721,0.8516495023344659,0.24488694848040682,3.010566514795677
SINGAPORE,SANTOS,8,11052.818980208353,0.6418132241792209,0.5830142662212422,3.917828886735739
SINGAPORE,RICHARDS BAY,11,7583.840310762957,0.7924668810386102,0.2629140721288442,3.9273731227007795
RICHARDS BAY,SINGAPORE,9,3663.986016469627,0.3390319418974882,0.6282310077771303,1.6755094888891247
NEWCASTLE,QINGDAO,4,8436.917558729885,0.9892352490177422,0.6694507935619435,3.915097652336606
NEWCASTLE,DALRYMPLE BAY,7,5954.379478848994,0.33244482903253325,0.8835315296231214,3.1768755925054086
NEWCASTLE,RICHARDS BAY,10,6508.463431266462,0.19228397614227433,0.8447677434623754,3.9195609851383537
RICHARDS BAY,NEWCASTLE,1,6074.741367502666,0.891701811225204,0.03606270943972545,2.284494709760305
SINGAPORE,QINGDAO,10,3838.2556990725075,0.35280943622785954,0.9421322739280427,3.269371744094084
NEWCASTLE,SINGAPORE,3,10090.569838361023,0.4562511447278671,0.2794399727194734,2.8843394751567892
DALRYMPLE BAY,NEWCASTLE,3,8041.558506815742,0.9792302142549747,0.1223951354761792,2.5367505503925876
RICHARDS BAY,SANTOS,6,3124.6009395932024,0.856348715633756,0.31138743667004487,2.8758692655982827
QINGDAO,SANTOS,11,8064.75529133199,0.449457160513994,0.3935665213130747,2.4388549136727735
SINGAPORE,SANTOS,4,4388.87293092657,0.7519069747402168,0.5779455714096253,3.4637703060305243
SINGAPORE,SANTOS,2,11758.56686416792,0.014747446901328787,0.5968380379296185,1.9290228292985605
ROTTERDAM,SINGAPORE,10,2496.0513161674776,0.0984095941200468,0.6108897773937499,2.139251766384928
SINGAPORE,SANTOS,4,9662.623678520093,0.9099771065171185,0.4383365962375816,3.693840959981708
DALRYMPLE BAY,QINGDAO,12,7706.369629895988,0.9098694905624992,0.6778880255203257,3.8666815165352535
SINGAPORE,SANTOS,10,5615.051604996718,0.34850567859577064,0.582988625878554,2.8316723815710354
NEWCASTLE,ROTTERDAM,1,5226.576399086051,0.722906601964936,0.3806629277016409,2.8940215694887885
SANTOS,SINGAPORE,7,6256.774200009737,0.7192529907079513,0.758255782004861,3.2321530073707914
QINGDAO,RICHARDS BAY,3,9613.276743640472,0.19004088849215317,0.5557121327413967,2.507754639345569
SANTOS,DALRYMPLE BAY,5,10792.185014863864,0.7728257144974784,0.526290785000375,3.8370431548332586
RICHARDS BAY,QINGDAO,1,2611.1179033974945,0.5018048150760679,0.19226013412649567,1.957108649221979
ROTTERDAM,SANTOS,8,11332.734604439129,0.48988779199323196,0.033402463063374244,2.563180324922356
NEWCASTLE,SANTOS,2,6686.171614653904,0.618402437908263,0.2574698932285242,2.1984744302584445
NEWCASTLE,QINGDAO,8,11825.488437352786,0.8957944968462817,0.7021045674864136,3.713584019426917
NEWCASTLE,SINGAPORE,8,5884.172477249168,0.20181849356304526,0.9535010148281706,3.236821177336604
QINGDAO,ROTTERDAM,2,5037.73190087214,0.2333716987156632,0.32807822040741974,2.3721070581400756
ROTTERDAM,SINGAPORE,2,7048.723892277671,0.3545126561783568,0.5176070950188872,2.3103764936462268
ROTTERDAM,SANTOS,7,6097.987615469464,0.35014154229408245,0.2264351900997762,1.8576475525465443
DALRYMPLE BAY,SINGAPORE,12,8347.875355559336,0.39777472114235024,0.8018250365493811,2.8199731581315515
SINGAPORE,NEWCASTLE,8,8096.0257222464825,0.6223449360758967,0.32177861371888117,2.4589747550912135
NEWCASTLE,DALRYMPLE BAY,8,7819.506261981378,0.9474737957401368,0.3600531274941279,3.365825624841919
SINGAPORE,RICHARDS BAY,10,9326.234485442767,0.8084494114928407,0.987340163627656,4.0563458410661255
ROTTERDAM,NEWCASTLE,1,10800.324067595606,0.3493216752360554,0.6534813561119106,2.822874941051593
NEWCASTLE,SANTOS,6,6841.562343614278,0.33384985117017285,0.1690363465396305,1.7222562503488945
RICHARDS BAY,QINGDAO,5,7525.984582504275,0.6968700495247986,0.643957946609181,4.010886199751758
NEWCASTLE,DALRYMPLE BAY,4,8936.299294292021,0.49407462797567336,0.5485519826196869,3.760501225591967
DALRYMPLE BAY,RICHARDS BAY,12,10848.759017369603,0.5953927794432744,0.9670721994969583,4.529322033039219
NEWCASTLE,QINGDAO,4,7275.39325346654,0.3647476802907027,0.9091240710678165,2.7296579163783896
RICHARDS BAY,SINGAPORE,12,7147.387317239865,0.1731970866331951,0.5976381689598429,2.159645445837311
SANTOS,DALRYMPLE BAY,12,7392.783989219275,0.027139958884180304,0.8207116841117432,2.7337474563372113
SINGAPORE,DALRYMPLE BAY,7,9547.720602845893,0.31685508577992394,0.6291979388295943,2.339614598684624
QINGDAO,DALRYMPLE BAY,2,4205.3511591516235,0.9069552232425624,0.5186326753466863,3.05922257877811
DALRYMPLE BAY,NEWCASTLE,7,9303.09015575305,0.9015743271655693,0.5986634724576837,3.7709878972548267
NEWCASTLE,SINGAPORE,1,1513.5444167913824,0.5282924896043568,0.07361189381638022,2.232740043625891
NEWCASTLE,DALRYMPLE BAY,7,1786.475975770584,0.02693576540878273,0.5533733717246886,0.5851559381925406
ROTTERDAM,RICHARDS BAY,2,6982.856987913183,0.5997015990482731,0.25106166561132104,1.9336154579156908
QINGDAO,ROTTERDAM,6,3244.06273373957,0.6259125453653877,0.10269439015064263,2.63799056618146
SINGAPORE,QINGDAO,3,2395.614043169033,0.2320249538069996,0.9619571857850425,3.3425798570435097
SANTOS,QINGDAO,12,3822.824595258063,0.3691426821827686,0.4293708757001783,2.1885872199618115
DALRYMPLE BAY,NEWCASTLE,8,5769.689949630176,0.17053672611745474,0.012336164449205822,1.0038461055960302
DALRYMPLE BAY,RICHARDS BAY,7,5983.661882039226,0.7078013985918528,0.6653417221020202,3.1053894820473618
DALRYMPLE BAY,RICHARDS BAY,3,11931.389747943882,0.11557880635366846,0.9558889074913278,3.3259949641477786
DALRYMPLE BAY,SANTOS,9,9329.70081706734,0.2715653705440776,0.18111938776368142,2.0458741429290908
NEWCASTLE,ROTTERDAM,10,8599.580519498419,0.2634892929427606,0.47888049893494333,2.8763010311503336
NEWCASTLE,QINGDAO,10,2154.168587978978,0.2705195967102011,0.044769489988415345,1.220379039477373
RICHARDS BAY,DALRYMPLE BAY,12,7636.120697580441,0.6791133665720679,0.5313487532694519,2.983624823223312
DALRYMPLE BAY,QINGDAO,4,5691.134114753802,0.006781599401304961,0.9555278684226207,3.3913702589710573
RICHARDS BAY,NEWCASTLE,6,10438.21977483138,0.30459635132804086,0.45054028438750005,2.350091391397704
SANTOS,NEWCASTLE,7,3943.6805305598427,0.7113762037524828,0.1562243697241148,2.5146173484158183
SINGAPORE,NEWCASTLE,11,9101.709161864646,0.33929458869331375,0.76380285233024,3.631312073190518
SINGAPORE,DALRYMPLE BAY,11,9991.537653503603,0.7442737173155829,0.8558084020338257,4.74359354418665
RICHARDS BAY,ROTTERDAM,6,7492.5882756512765,0.7980427344855086,0.9317144800492464,3.9689574240641727
SANTOS,SINGAPORE,3,7226.032820817749,0.7354453357783313,0.6494847902069917,3.1134730867810703
SANTOS,DALRYMPLE BAY,12,4913.478212352026,0.2588529399238877,0.4364162936900374,2.3190286678842114
DALRYMPLE BAY,QINGDAO,8,3211.0510807666965,0.6588400694456474,0.5266309332452249,2.992247152735796
ROTTERDAM,QINGDAO,12,2872.0403442758875,0.8839134789079829,0.7047969382849021,3.4808698800330244
DALRYMPLE BAY,SANTOS,12,7209.572629867875,0.04052703409626246,0.17365095529166885,1.8609574526605903
ROTTERDAM,DALRYMPLE BAY,8,10060.289895205791,0.06826310555190063,0.6908867964312853,1.904140277126032
SANTOS,QINGDAO,2,2924.076269341199,0.6592858614193504,0.10507825894876954,2.1844856295071726
SANTOS,DALRYMPLE BAY,4,3831.6729032678945,0.19676982349921457,0.3738529048034903,2.7772701731239415
NEWCASTLE,ROTTERDAM,5,7474.93866016357,0.28989167187910014,0.7035872571782559,2.936172058089694
NEWCASTLE,SINGAPORE,3,9760.936657640492,0.6009512443497661,0.5348112978078347,3.1790867592110787
RICHARDS BAY,SINGAPORE,4,11034.436401477831,0.711736729344619,0.050953978056153426,2.423058022512785
SANTOS,NEWCASTLE,7,2073.185024227474,0.3203789596374804,0.6289096189027389,1.983763520399577
ROTTERDAM,SINGAPORE,11,8953.554141888737,0.7568430430795484,0.3924168502170541,3.298094643938826
QINGDAO,SINGAPORE,2,3161.62689987064,0.132727147259316,0.932480069842819,2.8264226103537173
DALRYMPLE BAY,QINGDAO,3,4304.458404692836,0.8289309814874659,0.14445139951927322,2.6397500330243475
ROTTERDAM,RICHARDS BAY,11,8252.33661574076,0.4563109796052035,0.6596924785411186,3.0220201681235657
SINGAPORE,QINGDAO,10,2827.323308239309,0.3945700102883103,0.38682284560772917,1.9348240576054367
NEWCASTLE,SANTOS,3,10628.3588603263,0.9708326498571355,0.4585838238763206,4.1273257720741325
DALRYMPLE BAY,NEWCASTLE,10,5167.328898143138,0.968046425182061,0.4287579032557307,3.274197292265501
NEWCASTLE,ROTTERDAM,5,8408.674127190376,0.38904719882716354,0.9017314179639625,3.4568857915288205
SINGAPORE,RICHARDS BAY,6,10718.232364075393,0.0544404273944078,0.31407691732957166,1.7398076226856651
QINGDAO,ROTTERDAM,2,1886.968455476943,0.1576465649121419,0.9529465140248118,3.2699523088021865
QINGDAO,SINGAPORE,1,8386.972256469404,0.47906436458522794,0.7700925389590887,3.3993507901607574
QINGDAO,DALRYMPLE BAY,3,9727.072261802421,0.9138310894927105,0.9254488677038575,4.971178440837522
ROTTERDAM,RICHARDS BAY,8,2331.8052862675227,0.9572191492093396,0.42580255643157894,3.578212037244592
QINGDAO,ROTTERDAM,1,2750.143517514141,0.7896515154818492,0.5494094913401387,3.231561896808937
QINGDAO,SINGAPORE,2,9252.348838000196,0.8554336896370037,0.8982358297697178,4.335918492543487
QINGDAO,ROTTERDAM,4,6911.325662708566,0.5420829197907506,0.01367864427367782,1.352019606456956
NEWCASTLE,RICHARDS BAY,4,2499.1587207500224,0.5949943722599202,0.6581937453298798,3.4995330085878034
NEWCASTLE,QINGDAO,2,2609.0228258641973,0.19780445367316957,0.2827507059853085,0.5548842442675876
SANTOS,SINGAPORE,4,11253.874576649068,0.8325074228768271,0.6478892016631599,3.537162050238753
RICHARDS BAY,DALRYMPLE BAY,2,5256.401900084656,0.22374279356973759,0.9163467223807427,2.972110154881813
NEWCASTLE,SINGAPORE,9,8243.710440338542,0.36942428475448097,0.4726866664355971,2.742787399256313
RICHARDS BAY,SINGAPORE,8,11536.10166318262,0.53848460951904,0.7311639095432015,3.280147345004494
QINGDAO,RICHARDS BAY,9,11015.265233747545,0.9527841495754501,0.003481923684611754,2.238656590156889
SINGAPORE,SANTOS,3,10046.695030848035,0.35347487180574844,0.46085687629310235,2.4537130394368263
ROTTERDAM,SANTOS,5,6780.388433032073,0.9163864104223756,0.5501270478179646,3.7375986457627
DALRYMPLE BAY,NEWCASTLE,1,3187.653903365777,0.021652875032036834,0.9470626418914286,2.2046272254516395
NEWCASTLE,SANTOS,7,1752.529994569348,0.5015409120998952,0.7323954332549851,2.8875723760001986
RICHARDS BAY,ROTTERDAM,12,10406.89325404506,0.6215184202299502,0.5836406748348093,3.8857513607001417
SANTOS,NEWCASTLE,10,10639.0698567267,0.6724368027566785,0.36266465785701696,2.939439697785424
SANTOS,DALRYMPLE BAY,3,3487.947217437637,0.2302113587793363,0.7805133395762727,2.5171954094834916
NEWCASTLE,SINGAPORE,3,1978.1955498717537,0.333635037126335,0.9615332425411374,3.047303381715319
ROTTERDAM,SANTOS,12,5527.294917807248,0.6484061284483223,0.9761267791625894,4.194024519115899
QINGDAO,SINGAPORE,9,10784.205436432545,0.6712804288995956,0.2983297651327481,3.4181578792665834
SINGAPORE,RICHARDS BAY,4,10469.527614534616,0.8933758158837523,0.9140365668297785,4.112486336251393
DALRYMPLE BAY,NEWCASTLE,12,8155.74493118086,0.9061813657481139,0.976670366806066,4.508840406057468
SINGAPORE,QINGDAO,1,11802.429608003593,0.9027264787666992,0.028052556248201355,3.004464763823904
DALRYMPLE BAY,RICHARDS BAY,5,5462.613599752372,0.14571976173337875,0.997691305959671,2.3674207910736635
SANTOS,DALRYMPLE BAY,10,10017.45077786635,0.6161984729623928,0.8879565826958018,4.233096554320994
SINGAPORE,DALRYMPLE BAY,2,6882.499672908207,0.5738634521648246,0.897321769137301,3.180995298487053
DALRYMPLE BAY,RICHARDS BAY,11,9567.701311430046,0.7422330710244271,0.6679232304681411,3.566351107834862
SANTOS,NEWCASTLE,3,10367.837888296051,0.3198855907070157,0.7418892668382021,3.4734755752092146
NEWCASTLE,QINGDAO,12,10969.906010348286,0.048933695525843146,0.8383117218922788,2.6791937715108314
ROTTERDAM,SINGAPORE,9,6717.676088640189,0.9492321321243601,0.5726218716131959,3.1594912437930067
SINGAPORE,RICHARDS BAY,9,8789.49062217038,0.2538831613687479,0.06377750646072533,1.413097135809028
ROTTERDAM,RICHARDS BAY,12,3749.68614080135,0.761761605322083,0.7933983204890724,3.775445801881911
SINGAPORE,ROTTERDAM,12,8367.733625112529,0.9352020913957291,0.1453503050084376,2.0299810526497892
RICHARDS BAY,SANTOS,7,3325.6616706876603,0.9353486953301278,0.40157095380329677,3.6250646663349775
DALRYMPLE BAY,QINGDAO,11,11715.503552219308,0.996919572209523,0.669800095180972,4.922688475513544
NEWCASTLE,ROTTERDAM,5,5427.48364409633,0.3686231538668159,0.03171715281088772,1.2280989834815665
RICHARDS BAY,QINGDAO,8,4836.600146664782,0.8302519090172897,0.11138510685706648,2.0396629278262948
DALRYMPLE BAY,SANTOS,1,6849.484193857172,0.18095261608129332,0.46301534973632963,0.975098910811661
ROTTERDAM,NEWCASTLE,6,3975.597316226566,0.2736887189585846,0.04528522509163657,1.4745822439134022
ROTTERDAM,QINGDAO,7,2096.200857473218,0.399222725202494,0.8566151423839511,3.1465036745210706
DALRYMPLE BAY,ROTTERDAM,2,8376.820931844735,0.43816193119924574,0.3343895008205219,3.0009445641006907
SINGAPORE,SANTOS,4,6125.312739256235,0.507687779735764,0.45784219349337685,2.938570503772203
SINGAPORE,QINGDAO,7,8268.46831629842,0.2878302964393745,0.8118468461486851,2.689648746866443
DALRYMPLE BAY,ROTTERDAM,1,2764.6094350208355,0.027986559208900363,0.34786682559405435,1.5464587272598824
DALRYMPLE BAY,RICHARDS BAY,4,8165.689931720978,0.0038638823417082024,0.7275570523545992,2.2632622911446285
QINGDAO,SINGAPORE,10,11502.533728865408,0.6840515412175877,0.4276060072889357,2.724412166135015
SINGAPORE,QINGDAO,10,4593.888932981787,0.5049147371706423,0.22298928231839388,2.080000733783469
RICHARDS BAY,SANTOS,12,8985.238495005533,0.5005679607905664,0.1768488681070587,2.502766104109099
QINGDAO,DALRYMPLE BAY,11,5485.286624284119,0.2711367178927484,0.1951200554537248,1.3968264746503363
NEWCASTLE,RICHARDS BAY,7,5063.965114010087,0.945079385371402,0.03061060956023609,2.538214303523349
NEWCASTLE,RICHARDS BAY,7,4843.055593949533,0.5540892456215902,0.6593276777642525,3.4802138344532914
DALRYMPLE BAY,QINGDAO,6,11872.6425783196,0.20685236170151533,0.7902752670742368,3.083750865091068
QINGDAO,SANTOS,9,2446.241558596203,0.6931771194590108,0.6036207627815519,3.665696328807102
ROTTERDAM,QINGDAO,12,4322.685798329158,0.06986442597481102,0.5998678448275786,1.5123826129427687
DALRYMPLE BAY,ROTTERDAM,3,8883.446856509372,0.5469993414022956,0.8397612482502805,3.4007369183433047
ROTTERDAM,QINGDAO,4,10336.680265907235,0.7411925257292111,0.6128734889795205,3.3827101420494916
QINGDAO,DALRYMPLE BAY,3,7682.05034601229,0.6942170596879913,0.033428312711904384,2.4522863366063716
DALRYMPLE BAY,SINGAPORE,1,9660.865852729663,0.9705166637521067,0.9484069616377143,4.819632115068612
RICHARDS BAY,SINGAPORE,1,5276.982905550001,0.29803454754690695,0.2193456358189767,1.5011766114780405
ROTTERDAM,SINGAPORE,9,5526.221631803837,0.6558820518629006,0.5840792922454121,2.6912473356767066
QINGDAO,NEWCASTLE,8,11424.237933327215,0.662688239103272,0.9547733295477041,3.7432835745307473
QINGDAO,SANTOS,12,2980.3670741649353,0.41092952752865664,0.8733737525606602,2.989100949671727
DALRYMPLE BAY,RICHARDS BAY,12,5995.755509771246,0.651619187456582,0.3942758691671191,2.4105732614985613
QINGDAO,ROTTERDAM,9,1549.8912221060457,0.6928529548962581,0.296053727808011,2.6824696519116538
SANTOS,SINGAPORE,4,3754.580397149154,0.22884650080776792,0.21481936472549545,1.0071949924865777
SINGAPORE,ROTTERDAM,9,5845.7321073215235,0.28696393661233455,0.9043261840584723,2.858205142948132
DALRYMPLE BAY,SANTOS,11,8617.57582520356,0.35999279478012935,0.2563513425238556,2.2851930004464958
QINGDAO,NEWCASTLE,11,3188.0713983272367,0.8141311607656276,0.5102872691763625,2.7647038772854344
RICHARDS BAY,QINGDAO,2,7011.964980199649,0.01410875928450872,0.7799292605482002,2.2447015421602186
ROTTERDAM,SANTOS,9,10909.928513701201,0.926938795357227,0.972835948318037,4.68079745698728
ROTTERDAM,DALRYMPLE BAY,8,10501.44279666959,0.5611764211639523,0.9441269454117227,4.512691030589553
ROTTERDAM,SINGAPORE,6,3938.5846589209345,0.9520723793339971,0.5593213336534095,3.776527303344825
SANTOS,SINGAPORE,9,7227.662279579033,0.8153427297292126,0.8400843726481325,2.972177921931582
SINGAPORE,SANTOS,3,4029.8980758888692,0.7639205068146299,0.7098712544371741,3.124235582795209
SINGAPORE,ROTTERDAM,12,5838.396015823742,0.24498759429885453,0.48710824683899145,2.268940281557799
SINGAPORE,RICHARDS BAY,9,7428.6247857406015,0.3193288663871382,0.0010920743123419285,0.45785653174036267
ROTTERDAM,QINGDAO,11,3288.539238964699,0.41062115878431593,0.8402655470638813,3.3024576056433794
QINGDAO,DALRYMPLE BAY,4,8767.930935761926,0.39322665960100844,0.7513373397254689,3.033891716208993
SANTOS,SINGAPORE,7,4698.587575146131,0.7096274911637859,0.8819525217561553,3.751893326744842
SANTOS,DALRYMPLE BAY,5,2838.719455148886,0.412943530232906,0.12561116946261086,1.9039378946012966
QINGDAO,SANTOS,6,11839.286316042808,0.4886871513669695,0.00882392580448621,2.5953679635014772
RICHARDS BAY,SANTOS,4,7563.137245668606,0.12592070148643741,0.8186615236426579,2.512536273619448
SINGAPORE,QINGDAO,5,2183.526424985528,0.26454652801742706,0.9902236670893015,2.8082344559450796
ROTTERDAM,SANTOS,3,3590.0235539934406,0.17968201537963513,0.7487140885678323,1.4217213836154048
DALRYMPLE BAY,NEWCASTLE,11,7809.010275296113,0.6021949207321816,0.2959166054048117,2.633807996245845
NEWCASTLE,DALRYMPLE BAY,3,5000.304853049425,0.3971394463995984,0.7254045103526182,2.900972423024546
RICHARDS BAY,DALRYMPLE BAY,12,5239.814100071803,0.4193747570769143,0.6985143678678206,3.333835368369325
SINGAPORE,NEWCASTLE,3,4213.288289956786,0.41940334929763756,0.5538191416540592,2.6373370518279726
NEWCASTLE,QINGDAO,4,4475.4822869106765,0.33801483215783223,0.6048245580761592,3.1670674209594707
DALRYMPLE BAY,SINGAPORE,8,6965.889178987399,0.5741368068116216,0.8856501159071357,2.7908523679051176
SANTOS,NEWCASTLE,3,5120.128427109291,0.3915144150801313,0.5529951203076955,2.2169477134987683
NEWCASTLE,RICHARDS BAY,7,3625.3620561790476,0.3928591518569807,0.9646774979390604,3.0517030790493873
DALRYMPLE BAY,NEWCASTLE,11,8067.80476185863,0.571667407928034,0.5395003433218426,3.084241559036092
QINGDAO,SINGAPORE,7,11250.338201339742,0.37389456154086287,0.4132330079255737,1.9730387508137337
ROTTERDAM,SINGAPORE,2,11208.221809845812,0.903921932411386,0.5191485865855878,4.3010893935306145
QINGDAO,DALRYMPLE BAY,11,7727.637243427271,0.30025038353786304,0.3706216202104349,2.29007478435559
QINGDAO,NEWCASTLE,6,11719.930602569784,0.6677972373447831,0.607136195021009,4.159754247860589
SINGAPORE,SANTOS,10,4761.094017061847,0.7836172559644873,0.327963835405797,3.227324238252279
NEWCASTLE,SINGAPORE,2,11468.312028034348,0.655555112388866,0.23086066128452598,2.0953640261283306
SINGAPORE,QINGDAO,12,6960.517775937928,0.6684219163313505,0.37287547154128065,2.6217764716844836
DALRYMPLE BAY,SINGAPORE,12,3261.1260550964244,0.15468444965857553,0.07311184000917148,1.1046905758589007
NEWCASTLE,RICHARDS BAY,8,8722.061991861025,0.20049415243615587,0.7668481929079557,2.3892781745352396
NEWCASTLE,ROTTERDAM,12,8492.136690006693,0.9645415666934388,0.9341114190429911,5.173467485815678
ROTTERDAM,SINGAPORE,4,9124.44252230229,0.2669083096309681,0.3714716901680335,2.379835694542552
DALRYMPLE BAY,SANTOS,6,7728.6795147643625,0.3933439924003156,0.5041813233656852,2.995880396624589
SINGAPORE,SANTOS,9,9300.053318917397,0.9491301660766093,0.45912361706354743,3.721379115244918
QINGDAO,SINGAPORE,4,1525.2855100781053,0.34449621874560377,0.7047923426129415,2.511308311633694
NEWCASTLE,SINGAPORE,6,8507.112249941447,0.3707378796850713,0.9703361913794945,3.4633221501031186
RICHARDS BAY,DALRYMPLE BAY,3,7246.145097499724,0.9187444211821546,0.8703375100375215,3.7995379096197794
DALRYMPLE BAY,SINGAPORE,10,10602.805265948859,0.214187626437503,0.6993686798620454,3.285454758889493
DALRYMPLE BAY,SINGAPORE,8,2342.9434334574225,0.5845879911684221,0.21270480546445758,2.3714724106282934
ROTTERDAM,NEWCASTLE,6,7448.498535374988,0.6718389818757231,0.35479360723938225,2.31084324237185
QINGDAO,ROTTERDAM,1,2032.8599936623561,0.9039201481982159,0.8826423842482511,3.780476032638002
SINGAPORE,NEWCASTLE,10,10903.18259803045,0.16068239277796226,0.17179569341333545,1.3803285221419825
SINGAPORE,DALRYMPLE BAY,12,2756.11978003095,0.7569488487920653,0.3343258622441275,2.1755305404401506
DALRYMPLE BAY,ROTTERDAM,4,7552.704207062333,0.7231605940548506,0.8364045329374012,3.8328966312086274
RICHARDS BAY,QINGDAO,2,4782.671219045128,0.17189179537702426,0.3858527623441316,1.2692640066308878
SINGAPORE,NEWCASTLE,2,6200.952944655315,0.7014011293817086,0.06086258320570126,2.6769719824587694
SANTOS,DALRYMPLE BAY,10,6789.780432829914,0.16945317960717854,0.5882609716331706,2.4538322713224594
ROTTERDAM,NEWCASTLE,11,8650.67814958324,0.6857520409282152,0.5001622862510787,3.143691912600435
DALRYMPLE BAY,SANTOS,12,10496.634521457914,0.333913553780803,0.0935301513079283,1.9897447802439345
QINGDAO,SANTOS,4,9795.401327201393,0.23399194273181234,0.9640899746596657,3.0168754406672282
SANTOS,ROTTERDAM,8,9512.261450170552,0.784016000956908,0.42045977625077646,3.1140586778527832
RICHARDS BAY,QINGDAO,1,5833.9259358820555,0.8637195199080855,0.022056067310049166,2.2985801062395743
ROTTERDAM,DALRYMPLE BAY,2,11728.02086193513,0.19785564078574158,0.07893967570320448,2.0646596668013824
SINGAPORE,DALRYMPLE BAY,6,8413.164922808235,0.843685564201953,0.6532456772924209,3.7962159031519036
RICHARDS BAY,NEWCASTLE,5,6205.243294293634,0.8018719328635212,0.41651336867588784,3.339403114884665
SANTOS,ROTTERDAM,1,10012.401280337059,0.01921680455661201,0.1742508427312176,1.4502865005241825
QINGDAO,RICHARDS BAY,12,2165.958292685049,0.799234743298472,0.7087661482198349,3.829236721443446
DALRYMPLE BAY,SANTOS,8,3175.0013059077837,0.9143276242873128,0.5566619073622462,3.4715863064237293
SANTOS,DALRYMPLE BAY,8,8651.360600306793,0.27936559294849683,0.5693138084114124,1.9711347864250879
QINGDAO,RICHARDS BAY,10,11580.244208475777,0.394028780183854,0.5622275546215668,2.568738708825582
SANTOS,ROTTERDAM,8,5339.673635563549,0.9676360731796007,0.4154091811485263,3.375658011769625
DALRYMPLE BAY,RICHARDS BAY,9,8241.561754439204,0.03801987120539363,0.19689014389003456,1.6276536949843892
QINGDAO,ROTTERDAM,12,2677.9704936313938,0.2570700480472482,0.18263399299945715,1.3748360074645294
SANTOS,RICHARDS BAY,11,7286.341071831769,0.7435915074123066,0.6616358681905152,2.93344821805156
NEWCASTLE,QINGDAO,10,3028.775201977079,0.6776737327105403,0.7370219123255332,3.0779041919814722
QINGDAO,ROTTERDAM,7,5363.189715386598,0.8980618225582724,0.45523573828796426,3.168998999532985
ROTTERDAM,DALRYMPLE BAY,10,5702.169590586063,0.9508118432576832,0.5245748332713341,3.447250248727665
SANTOS,RICHARDS BAY,2,7111.047540611878,0.0018748478732528717,0.8484213546686984,1.6721639488105402
ROTTERDAM,DALRYMPLE BAY,8,7007.905623698937,0.04352358206706264,0.8715123220777647,2.7598566135038944
NEWCASTLE,SANTOS,8,5810.219157520378,0.5363386363873428,0.05059441289910327,2.0638404202973115
ROTTERDAM,DALRYMPLE BAY,3,9324.698299952452,0.2602903097061914,0.16237010384629535,1.7833806916117583
RICHARDS BAY,SINGAPORE,12,7496.71906965767,0.6859990603718135,0.17803890836326197,2.1369937288829157
RICHARDS BAY,SANTOS,9,5102.357677233676,0.04928774638572142,0.30233869535249847,1.208766287842014
ROTTERDAM,RICHARDS BAY,5,8189.592769534207,0.10781384503042024,0.4787484146820543,2.014365683979947
SINGAPORE,QINGDAO,4,11890.925310064582,0.057399125820559616,0.31939348815736834,2.1389245857305377
ROTTERDAM,SANTOS,1,4884.381612450181,0.9487725805032546,0.9796726349426813,4.79233692168707
RICHARDS BAY,SANTOS,6,7420.184635416229,0.4256520405975992,0.2725548730973607,2.2994212007603148
SANTOS,RICHARDS BAY,6,8732.5480205912,0.5969607055405535,0.8892524000824175,4.0950343686915005
SANTOS,ROTTERDAM,2,9154.206063006042,0.7774351600174635,0.6722735476746602,3.8762574955291913
RICHARDS BAY,NEWCASTLE,4,4085.4700481789305,0.12743076093853856,0.7810904435825796,2.4596690951612086
DALRYMPLE BAY,SANTOS,4,1620.0056049312661,0.035327444707947686,0.7926232705602947,1.4100668991349867
QINGDAO,SINGAPORE,6,7269.839748355173,0.2100066078122269,0.3436710812847671,2.466026539930475
QINGDAO,RICHARDS BAY,1,5176.879689292607,0.7188020785373228,0.13125529872927066,2.2421618344271463
ROTTERDAM,QINGDAO,8,7079.102605338212,0.039627261458415775,0.8026458379953977,1.6773407043372126
SINGAPORE,SANTOS,12,11897.528125480734,0.35921468601454587,0.12586414024923354,1.7884028046623972
NEWCASTLE,ROTTERDAM,12,4377.220232689448,0.5374747246397255,0.3351612493286884,2.4799278657358013
NEWCASTLE,RICHARDS BAY,3,9106.974797131912,0.5673386668454581,0.4014826777231747,3.135323348236257
SANTOS,NEWCASTLE,6,9784.77427641285,0.8290518916228181,0.13729383687639873,3.551274959899228
ROTTERDAM,QINGDAO,3,7753.1627647294,0.10161544289761593,0.2699191530267564,1.8967587398349026
DALRYMPLE BAY,NEWCASTLE,2,2330.2053003678816,0.10290297422363592,0.9685007220294161,2.70898375037785
SANTOS,RICHARDS BAY,6,9879.84459500334,0.8663629629420733,0.23733551474637204,2.356212565994129
SANTOS,NEWCASTLE,2,7968.566400224688,0.6592643070226565,0.3284281034547527,2.2965587266819494
QINGDAO,RICHARDS BAY,9,7374.652926126854,0.5926283244920116,0.47742508525846183,2.5792828479267893
DALRYMPLE BAY,QINGDAO,9,3731.2038548312103,0.7819292557877159,0.5498364621776702,3.410790940594246
SINGAPORE,DALRYMPLE BAY,10,11918.272649409837,0.586401955537933,0.9625876285149049,3.9557469560942726
QINGDAO,NEWCASTLE,9,5533.995104163231,0.4000549658873819,0.6400523092036364,1.3452303241807035
DALRYMPLE BAY,SANTOS,12,3375.600498935544,0.9503398471800862,0.06419148203362157,2.9047796204526346
ROTTERDAM,SINGAPORE,7,9177.57899603984,0.1741854136199813,0.6944367193087689,2.3352592007647144
RICHARDS BAY,QINGDAO,10,7767.3838654750425,0.8093514530182451,0.5914773410703692,3.3565054125485334
QINGDAO,SINGAPORE,9,7244.58219148109,0.18423537854203076,0.8821049626676735,3.4828113671874696
RICHARDS BAY,NEWCASTLE,5,10458.885340638937,0.5959606099411179,0.06755343173266992,2.5237717115269804
SANTOS,RICHARDS BAY,10,10684.925214560402,0.016275182665472343,0.7739988220946491,2.7219559455195164
SANTOS,RICHARDS BAY,3,6653.237713175401,0.7219041809779858,0.9373433213395294,4.0037312291052265
QINGDAO,RICHARDS BAY,10,1878.6358327122452,0.7835892709655194,0.7063878798115087,3.463378321320881
NEWCASTLE,SANTOS,3,4679.291550513016,0.31943663953678614,0.1750398880968118,1.5037272796690884
ROTTERDAM,DALRYMPLE BAY,9,5771.614761225533,0.8135253114345706,0.44288637020362664,2.6460503809417277
QINGDAO,NEWCASTLE,5,6028.69547675973,0.2639436128014252,0.5353472984174117,2.1089664749338306
RICHARDS BAY,NEWCASTLE,4,5117.136837745164,0.44030114814678856,0.4697985075456973,3.0440383850652166
SINGAPORE,DALRYMPLE BAY,8,4453.162949011578,0.14135033381518924,0.9615408704921987,3.1093616708738936
RICHARDS BAY,ROTTERDAM,4,2952.4160581534684,0.11718552283459838,0.06895278424584206,0.8613575275323663
DALRYMPLE BAY,NEWCASTLE,9,6210.602488847715,0.15789442193660497,0.2951260104846021,1.6198101138243433
NEWCASTLE,ROTTERDAM,3,8330.723096987105,0.002439280405267419,0.618473698300743,1.3288137702532157
RICHARDS BAY,SANTOS,5,3257.8086942898026,0.5054821872477532,0.3193660235072032,2.0742062041577856
DALRYMPLE BAY,RICHARDS BAY,11,4630.249768464157,0.07817593304469939,0.03165018071487391,0.9038164405140243
SINGAPORE,DALRYMPLE BAY,7,8206.249004557762,0.8265797947401032,0.5968885557955282,2.9665618903709814
SINGAPORE,SANTOS,2,3395.4911082049966,0.14133809293365796,0.3654307668999135,1.4538621787379968
DALRYMPLE BAY,SINGAPORE,12,8243.923243670175,0.8736587319818913,0.24605698048682545,3.4567700703803625
NEWCASTLE,SINGAPORE,11,8808.07856320521,0.03223458622963926,0.448741399145682,2.128772661012949
SANTOS,SINGAPORE,11,8331.66825685947,0.3919255072461312,0.7111103761994986,3.2172947788336774
SANTOS,ROTTERDAM,10,7002.09339349721,0.7609305521970262,0.8269822038779814,3.856989992923444
NEWCASTLE,ROTTERDAM,5,10818.878259620205,0.46243391263175293,0.2888529203115734,2.5251847258486726
DALRYMPLE BAY,SINGAPORE,3,5330.781049311366,0.607332955744344,0.30759011442192985,1.8363092360119628
SINGAPORE,RICHARDS BAY,5,2436.5518968481615,0.5811148144739334,0.9196400726262897,3.84422632590491
QINGDAO,DALRYMPLE BAY,3,10265.816599507403,0.8570106695222617,0.916700390761965,3.984911844808443
SINGAPORE,ROTTERDAM,5,7759.823331950743,0.6755605071583003,0.34706866674617887,3.4444379858957017
QINGDAO,NEWCASTLE,7,10094.432597671846,0.6881478015409555,0.030505076690639177,2.136850940350869
SINGAPORE,DALRYMPLE BAY,3,1757.8946465563918,0.09307716135256283,0.26630011772454476,0.6668105740874771
SINGAPORE,RICHARDS BAY,5,3837.5453201539904,0.22252236099060763,0.5999525126123422,2.9546522245664213
SINGAPORE,SANTOS,4,6962.052053151931,0.48037001564411563,0.7166430317458448,3.4266465713549774
ROTTERDAM,NEWCASTLE,11,11834.678731544253,0.36478674179219917,0.4976668273419682,2.1460358432960245
ROTTERDAM,SINGAPORE,7,7995.316562231948,0.8512213080693708,0.6092001599261084,4.032773147394019
SANTOS,DALRYMPLE BAY,9,7907.1924699762885,0.28180391234213553,0.6495672790822176,2.220219813193021
QINGDAO,SINGAPORE,1,8802.135279708447,0.4959913541352434,0.625251007687842,2.8894965099022563
RICHARDS BAY,QINGDAO,1,2023.3572123626845,0.7180997852669284,0.23843718680149306,1.7579054834560868
RICHARDS BAY,ROTTERDAM,5,6982.109209812392,0.9723515329399873,0.47001752251063034,3.2855126656473552
QINGDAO,SANTOS,1,10591.207519091162,0.6786456021965513,0.5783084519186734,3.7885160969045764
ROTTERDAM,NEWCASTLE,4,3297.4384728412815,0.6770987190248167,0.024768321406245297,2.1142224369494693
SINGAPORE,SANTOS,7,1879.990565016038,0.4270214819009781,0.09982788181495983,1.6767688302974653
NEWCASTLE,ROTTERDAM,9,7885.155753969178,0.7542208329272434,0.6590916729709847,2.8163308550623865
RICHARDS BAY,ROTTERDAM,3,7436.6485391854285,0.24528369081210477,0.29360810394156966,0.9527885284123518
QINGDAO,ROTTERDAM,5,1806.5643534720998,0.8432543631122329,0.6258339153063843,3.787031500981409
NEWCASTLE,ROTTERDAM,9,2646.544846363742,0.0063619723338859124,0.7439554407717219,2.5077102480916627
SINGAPORE,QINGDAO,12,4942.041151520485,0.33361960949254366,0.6873369528924389,2.5406812296713843
NEWCASTLE,RICHARDS BAY,4,2192.1745846643976,0.7926674342344233,0.5971580869048005,3.363376378645462
ROTTERDAM,QINGDAO,9,9771.324212583128,0.9610204085844203,0.29540715832415443,3.676827183692242
SANTOS,ROTTERDAM,12,8052.818648558086,0.8286156771170003,0.24168113298478922,2.546736827831674
ROTTERDAM,QINGDAO,3,7162.303093066364,0.9000110985252844,0.39195045509149173,3.683651086380946
QINGDAO,DALRYMPLE BAY,5,9001.758978075994,0.46973822201044224,0.8528908846746432,3.3100788804639882
QINGDAO,DALRYMPLE BAY,12,8024.158627044775,0.6008760604784902,0.045005387398110996,2.51333590742064
SANTOS,DALRYMPLE BAY,3,6502.223998935306,0.17742954638101083,0.48794448682908387,2.2526617358822953
DALRYMPLE BAY,QINGDAO,1,5755.02710657462,0.8661916083901089,0.7034059324772127,3.5318751659495757
NEWCASTLE,DALRYMPLE BAY,2,2495.641513691423,0.7880574623804607,0.3684059285719429,2.209162358464941
RICHARDS BAY,SANTOS,11,11244.604757848469,0.34255470441643976,0.6424365881650443,3.362520620538252
NEWCASTLE,QINGDAO,3,10812.633502276563,0.33691824944883986,0.7766628889249426,3.373930013490497
DALRYMPLE BAY,QINGDAO,9,6432.971587103587,0.5301396017304439,0.5205297841379208,3.1963193594375094
DALRYMPLE BAY,ROTTERDAM,1,8395.146885407301,0.8282757592765515,0.42073228359688086,3.505881392363024
RICHARDS BAY,DALRYMPLE BAY,1,10279.31686924451,0.20023182252238636,0.6302546641591356,2.2493346988737715
NEWCASTLE,SINGAPORE,1,6823.487589018504,0.34701928908284685,0.7268846565116779,3.097279317023832
NEWCASTLE,SANTOS,8,2233.743816558607,0.27931878034473745,0.44697400232644147,1.9966639879102839
ROTTERDAM,NEWCASTLE,5,9533.02474362101,0.7708465845880335,0.8885070572621654,4.86705831597989
NEWCASTLE,DALRYMPLE BAY,3,11986.914960629236,0.17467729282147892,0.3355576973748593,2.207430083122574
SANTOS,DALRYMPLE BAY,1,6903.576425243264,0.8866821059184681,0.8177579940148323,5.097178910478652
SANTOS,QINGDAO,7,3717.357660134874,0.7413550906753068,0.6695392826112699,3.827284796930796
QINGDAO,RICHARDS BAY,8,7014.229821623921,0.463921644643847,0.7096004594987196,2.311585398752055
RICHARDS BAY,DALRYMPLE BAY,8,5093.608472721788,0.35632316621507676,0.24672238413525227,1.43749268339992
SANTOS,DALRYMPLE BAY,1,1860.0002075614889,0.5686110179733733,0.20327922268890675,0.7314738106930241
SINGAPORE,ROTTERDAM,9,10255.567492066199,0.49634409003635727,0.2061535869060216,1.7484701987466615
DALRYMPLE BAY,QINGDAO,7,6936.343636100577,0.1775465522783275,0.5630723231419945,1.919785803474635
NEWCASTLE,ROTTERDAM,4,7198.232794183249,0.5265957637875528,0.24739087891180367,1.4237037196199087
SANTOS,NEWCASTLE,2,2943.906129384216,0.2045707527063778,0.17897762359040392,0.5627416382136938
SANTOS,SINGAPORE,4,3151.2033188387327,0.9756778418979017,0.23561023459781505,3.468084648593523
RICHARDS BAY,NEWCASTLE,12,1703.3751933243677,0.08241479070634683,0.3648682259757726,1.0913756459686947
SINGAPORE,DALRYMPLE BAY,9,11644.902580284754,0.35776089028205327,0.999059434735025,3.6723206672494717
SINGAPORE,RICHARDS BAY,2,10999.088001789913,0.3966725989250772,0.9468697515382334,3.564890200004794
DALRYMPLE BAY,RICHARDS BAY,1,2633.927703815141,0.9769523743930777,0.2121672992161523,3.4748130837423816
DALRYMPLE BAY,SANTOS,11,7489.255824773666,0.18616246727567864,0.7230605970747089,1.9387780673198027
RICHARDS BAY,SINGAPORE,10,3346.871950057931,0.932981759897951,0.884565028321187,3.8252190960448016
NEWCASTLE,SANTOS,11,6865.49385289691,0.0857989478293869,0.5737506849528418,2.0922801245672518
SINGAPORE,SANTOS,7,8209.908204620611,0.9623045335751665,0.49381169287984594,3.9770531680165626
QINGDAO,NEWCASTLE,3,11853.528745178422,0.953936399862368,0.4422136385173777,3.9275934653365927
SINGAPORE,DALRYMPLE BAY,9,7013.303169415394,0.1477406924852177,0.9191859438916,2.110136524179338
SINGAPORE,QINGDAO,9,8215.616926431398,0.521544219732872,0.6745391512484857,3.014718593879918
ROTTERDAM,NEWCASTLE,8,7345.389218987897,0.24576246632407073,0.8107652169822539,2.727239934512862
ROTTERDAM,SANTOS,4,2048.0181260078143,0.555082988480368,0.14487789888007963,1.674834737371944
NEWCASTLE,QINGDAO,1,3857.573588280919,0.8247351971256721,0.8096883078082263,4.373305557136028
DALRYMPLE BAY,SINGAPORE,10,2523.6066686438735,0.9132506086268677,0.6373101825116259,4.41980729759795
NEWCASTLE,SANTOS,7,7057.71514305276,0.1952458945455794,0.690362311953684,2.6296595613557843
QINGDAO,RICHARDS BAY,8,5347.264440290181,0.9430206845624496,0.69492536113548,3.9957335091477266
DALRYMPLE BAY,SINGAPORE,1,2245.5263630890263,0.595326755694373,0.7244718330730274,2.938061721263934
NEWCASTLE,RICHARDS BAY,2,3859.7431247748873,0.36088994215583603,0.9492669627698173,3.378748920279895
RICHARDS BAY,NEWCASTLE,4,8270.417354762247,0.024357473784007322,0.5712190773337057,2.429040176074655
QINGDAO,SINGAPORE,11,2559.6078259247815,0.8634911337624348,0.4978094277362325,2.9469081593097957
DALRYMPLE BAY,SINGAPORE,11,9910.030043297389,0.16304853449132928,0.6734209781290618,2.0962932481343133
RICHARDS BAY,DALRYMPLE BAY,7,5290.25469119161,0.759514944478813,0.26397221549202254,2.13826914651378
ROTTERDAM,DALRYMPLE BAY,12,11199.945780673746,0.8707624054063094,0.2788802244577302,2.9291664782668327
SANTOS,SINGAPORE,2,8855.732459483075,0.403996583181529,0.40602956063053186,2.7019552644101092
RICHARDS BAY,SANTOS,2,1557.6281594131992,0.8568915413857133,0.8632073757996691,4.653394373408916
ROTTERDAM,NEWCASTLE,9,7271.9479900515935,0.3827915651139041,0.46494648369225156,2.1902667256884367
SINGAPORE,RICHARDS BAY,2,11767.895635398607,0.27978681167725195,0.3070255393395642,2.1449661255409893
SANTOS,RICHARDS BAY,7,5744.417445795013,0.8594973550806875,0.798518849638182,3.997541036768717
NEWCASTLE,SANTOS,11,1583.4716851617843,0.7301635020553603,0.9881921209971861,3.4916078278704523
SINGAPORE,ROTTERDAM,4,7875.369147911892,0.9398798208543053,0.29843997575876346,3.2573572416181684
QINGDAO,RICHARDS BAY,8,1754.8033784271465,0.1804332312748227,0.622209180690468,2.3467848293164737
DALRYMPLE BAY,SANTOS,9,9823.883696203398,0.6648007655149478,0.8942325832284657,4.388835880023701
NEWCASTLE,ROTTERDAM,4,1711.9363953739144,0.6039759467582875,0.43841757686638805,1.762907304331397
SANTOS,SINGAPORE,1,4565.406833490039,0.45263980304249707,0.5310054319116085,2.595824094871916
NEWCASTLE,DALRYMPLE BAY,5,9315.96166266606,0.7216375598411319,0.5446033439052391,3.637915469092146
NEWCASTLE,RICHARDS BAY,4,3400.887216619199,0.5167716594311051,0.6608312971355824,1.8765887052026637
NEWCASTLE,SANTOS,5,3771.5575064249338,0.9029429044285987,0.23679888192999177,2.3836943139585705
QINGDAO,RICHARDS BAY,10,4510.811209950045,0.05816689132329933,0.40365877029916764,1.8060927437777554
SINGAPORE,ROTTERDAM,3,10619.251700598305,0.6902881673309265,0.05665021929982039,2.653945609658992
RICHARDS BAY,SANTOS,8,11652.817925333133,0.17448101060972787,0.026671999646260325,1.3732317931263782
SINGAPORE,DALRYMPLE BAY,11,7104.714352953439,0.4487462338751643,0.3858609761067945,2.6872035421077465
QINGDAO,ROTTERDAM,9,8963.082278967346,0.8495527822581829,0.008683598463870013,2.03380365844787
RICHARDS BAY,ROTTERDAM,8,3727.4067419417115,0.18458469582464565,0.6394439539862674,1.6804343881886128
ROTTERDAM,SANTOS,1,4167.888073457826,0.6981914596192744,0.36039124513219645,2.8015572432389706
SINGAPORE,ROTTERDAM,8,6944.470558821891,0.5003264481591394,0.15313685268787158,2.0528724164786905
DALRYMPLE BAY,ROTTERDAM,7,9754.579607224068,0.16617018853563004,0.9249160178216781,2.8432278903409034
SINGAPORE,SANTOS,5,10198.230273341227,0.8619565483354555,0.17528537952432577,3.6311590488882297
RICHARDS BAY,DALRYMPLE BAY,3,9624.492061311596,0.03919589118328015,0.9151304492310662,3.2857886073370866
NEWCASTLE,ROTTERDAM,7,10164.111354575622,0.6555109607382937,0.7966936135108804,4.193896669623644
RICHARDS BAY,NEWCASTLE,11,7791.192288516136,0.708542469191227,0.5474281970000026,3.471305800580802
SANTOS,RICHARDS BAY,8,10846.391329031376,0.25269412790170465,0.32683467492391294,1.7993043088222407
NEWCASTLE,DALRYMPLE BAY,6,7107.840115379561,0.5948048959372615,0.0407518436475417,2.9906392804519477
QINGDAO,ROTTERDAM,10,6839.699497413598,0.07519957207847561,0.6807520980477912,2.8167389254100073
SINGAPORE,ROTTERDAM,1,9558.285659435038,0.7061186703805321,0.9031456854703575,3.4231850034942415
QINGDAO,ROTTERDAM,1,10098.949273436656,0.24107137151335634,0.6317430362149195,2.834474158907913
NEWCASTLE,ROTTERDAM,4,6504.239484203113,0.7445862712787308,0.13432854581889409,2.9752647987780856
RICHARDS BAY,SANTOS,2,11753.129992444805,0.01549214278812805,0.010072944817398843,0.44298911390085927
DALRYMPLE BAY,RICHARDS BAY,9,11836.4352841673,0.3367006477392943,0.642415413787249,2.197504894307454
SINGAPORE,NEWCASTLE,2,4450.997851065891,0.011935815375329284,0.9860512943372298,2.9078199448553246
SANTOS,NEWCASTLE,8,5016.065631378777,0.29173795981264683,0.3466957617763199,0.6945028195241247
ROTTERDAM,SINGAPORE,4,3236.143165654252,0.37341039817849764,0.48090777321643585,1.5171121405818506
RICHARDS BAY,QINGDAO,5,5655.779031764788,0.9793461191526043,0.18107137090522096,2.347149839614123
QINGDAO,SINGAPORE,2,11320.120325118558,0.10316499273902846,0.6350927872097057,2.5356742875598863
DALRYMPLE BAY,QINGDAO,10,11962.567400924347,0.2145722952179573,0.129207464633585,1.606618336676541
ROTTERDAM,RICHARDS BAY,7,9389.056471239057,0.7259989571480501,0.11052618941831371,1.7911890997493518
ROTTERDAM,RICHARDS BAY,12,6744.429770427151,0.6237695676599199,0.6587062087749485,2.7016216312003736
SINGAPORE,DALRYMPLE BAY,12,8907.142153446002,0.001273746250890495,0.023279481482253006,0.46523583231366133
RICHARDS BAY,SINGAPORE,11,9228.673095228214,0.9717277333775686,0.8836538793510554,4.002704035737169
ROTTERDAM,RICHARDS BAY,12,5662.04404865277,0.9601006296631156,0.2206850967291053,2.7838327064998376
ROTTERDAM,NEWCASTLE,7,9328.489158009865,0.557026941387431,0.17501697539437222,2.62936158675601
QINGDAO,RICHARDS BAY,2,11551.178008827786,0.6558125382591552,0.809241483573384,4.1330798283854335
RICHARDS BAY,NEWCASTLE,10,3074.5479679482874,0.6339825942509465,0.86870580425382,3.591536869171577
SINGAPORE,SANTOS,3,11737.156459999605,0.7710329966533749,0.9365766803785066,4.086971961000434
QINGDAO,DALRYMPLE BAY,6,5274.649708644428,0.3732674176207038,0.29769439027588473,2.6088869750430366
DALRYMPLE BAY,SANTOS,12,7197.6817294194925,0.4504457901439035,0.3123698046995881,2.859472505938058
ROTTERDAM,SINGAPORE,3,1615.6751399531224,0.9501438855932477,0.12381909267697455,2.578211961764188
ROTTERDAM,RICHARDS BAY,11,7348.107552358471,0.21034359542276004,0.7355095314125814,2.620305368269708
RICHARDS BAY,QINGDAO,11,6944.787874711312,0.9208332957250901,0.008480864522397713,2.7831898107329445
SINGAPORE,NEWCASTLE,11,1962.8878331435205,0.34014086964374357,0.35134788938872075,2.6773978274805206
DALRYMPLE BAY,RICHARDS BAY,2,7387.610984156478,0.3750880256655451,0.5392108022955706,1.9828448244191976
QINGDAO,DALRYMPLE BAY,11,3040.222636905604,0.5037217730196659,0.31790915875652337,2.1157159806436323
ROTTERDAM,SINGAPORE,7,4315.336527298285,0.6609353652671474,0.8730377863606604,3.530250752399462
NEWCASTLE,RICHARDS BAY,2,7588.088080932017,0.3482178540406512,0.24310697739589815,2.655463282296544
QINGDAO,SANTOS,10,11170.008468495107,0.09909859076010386,0.6824706006861725,2.486721148365509
SINGAPORE,ROTTERDAM,6,6631.397192792044,0.7016621021644194,0.5684267210550511,3.204455620988333
NEWCASTLE,SINGAPORE,6,1529.0689955210846,0.5650154359213367,0.7040287689723489,3.5036184525917826
ROTTERDAM,SINGAPORE,9,9930.45155354609,0.7177015708893945,0.6630122425535516,4.207185457605659
RICHARDS BAY,SINGAPORE,6,5291.759403909109,0.5275967145487956,0.7626190539217277,3.6949171866971966
SINGAPORE,RICHARDS BAY,5,5711.293898977098,0.29951044730764287,0.003356913887012647,1.878232942169158
DALRYMPLE BAY,SINGAPORE,11,1893.912283584133,0.9306475661290093,0.7902094370310964,3.6536702704796986
ROTTERDAM,QINGDAO,4,10826.217473261051,0.4107528699673414,0.3758875419042321,2.296238263885056
SINGAPORE,ROTTERDAM,11,5955.696640025002,0.473130045948536,0.291472428066738,2.4473826944100665
ROTTERDAM,DALRYMPLE BAY,8,5218.668721874618,0.18789124219665132,0.134346194403696,1.806470271517234
RICHARDS BAY,NEWCASTLE,3,6100.98104882862,0.9554386208080249,0.19952502092412727,3.2230212288748543
NEWCASTLE,SANTOS,2,4704.772811134355,0.7541523380344677,0.8459919080013034,3.3365117483893276
QINGDAO,RICHARDS BAY,11,4072.485293276424,0.5729776937992509,0.6109604135626425,3.2471254709937214
DALRYMPLE BAY,ROTTERDAM,2,8883.696592580967,0.13210736149470037,0.026569893364223662,0.4610929947526575
SINGAPORE,DALRYMPLE BAY,5,6843.604167089659,0.9742689906618556,0.41738855214277626,4.242452045325304
ROTTERDAM,SANTOS,3,1531.7833936952818,0.23589601547334327,0.19314383235509036,0.823653658398379
RICHARDS BAY,SANTOS,8,3481.735485483759,0.9312780452080364,0.6041734461977185,3.419194267696115
SINGAPORE,SANTOS,12,1690.8530732740874,0.9522372151232462,0.3915902176041651,2.631696821479986
ROTTERDAM,NEWCASTLE,6,6668.534554875368,0.5601744987674754,0.7425210934274884,3.668444502388472
QINGDAO,SINGAPORE,9,8949.13638555706,0.823299793860326,0.5407225609599173,3.254762732902344
DALRYMPLE BAY,RICHARDS BAY,5,6729.46376033778,0.9873969184835301,0.23517248584891792,3.148456182138577
SANTOS,DALRYMPLE BAY,10,7437.634017148195,0.25504639869816137,0.5217418945268236,2.4247061109786987
DALRYMPLE BAY,RICHARDS BAY,6,4736.349328467288,0.635376650632306,0.6014929634649732,3.1834325749713384
NEWCASTLE,SANTOS,7,7462.038028375221,0.6466816947038385,0.4405783001781288,3.4562959698365887
RICHARDS BAY,DALRYMPLE BAY,12,6812.55644890771,0.5847281548129437,0.20992550999297444,1.9447695970708925
QINGDAO,NEWCASTLE,1,2864.433552304493,0.5182508627607912,0.3096722756319128,1.8897901713451266
ROTTERDAM,NEWCASTLE,12,3472.02987455312,0.42380722264067106,0.26406058915346464,2.377366561464111
QINGDAO,SANTOS,6,7913.760355687656,0.003942332532681725,0.626400033436537,1.9020595257545145
QINGDAO,DALRYMPLE BAY,7,5920.506855810861,0.30400311552335624,0.38103554689879116,1.7079907596784887
DALRYMPLE BAY,RICHARDS BAY,11,2379.9572859755895,0.046972367034381346,0.274858086117992,1.8190213728012523
SINGAPORE,SANTOS,7,7034.470698425522,0.17449194202407925,0.3960552026783334,1.9009209440648782
NEWCASTLE,SANTOS,9,4134.08047830092,0.8621589142138149,0.38388990822613855,2.967681748788618
ROTTERDAM,RICHARDS BAY,1,10267.020928678694,0.39766987047039104,0.06680376359693929,2.2474219762500356
NEWCASTLE,QINGDAO,12,2043.3454743473549,0.7957463798574325,0.6457165579415387,3.304151645417117
QINGDAO,DALRYMPLE BAY,3,4158.837557598952,0.45003395590376594,0.9500881822978404,3.118386077505191
RICHARDS BAY,QINGDAO,9,8435.23428971722,0.7712118706198419,0.36592916426748545,3.4169108368366112
SANTOS,NEWCASTLE,5,2389.9605300063713,0.017288627185812477,0.7821417573220727,2.2950548813484515
RICHARDS BAY,ROTTERDAM,12,3301.77890809524,0.06152690381254433,0.6534673837817484,2.5440547928190482
NEWCASTLE,ROTTERDAM,4,6053.336425202011,0.9621457196129947,0.6524879806439825,4.450811458051551
DALRYMPLE BAY,RICHARDS BAY,5,9029.351162066856,0.1570713623070341,0.3483398982705226,2.2610071535388037
SANTOS,DALRYMPLE BAY,3,3182.8813061688847,0.7729315638839585,0.24313957539314401,3.09487734209149
SANTOS,RICHARDS BAY,7,11209.694881949135,0.21436304976156284,0.9281584525516764,3.438890675113239
SANTOS,SINGAPORE,12,10350.080984763219,0.3362573879884535,0.5185932856859061,2.8951070352716473
NEWCASTLE,DALRYMPLE BAY,3,10230.122176135075,0.3246808321999267,0.9344261156550162,3.9516844116543712
RICHARDS BAY,NEWCASTLE,7,9623.746376795936,0.4210841596112086,0.26143722470273545,2.0170415012519354
RICHARDS BAY,NEWCASTLE,6,6026.947491877022,0.6838995770678498,0.6087341157586086,2.7254187661848834
QINGDAO,NEWCASTLE,6,5997.977567921648,0.8022356546439461,0.45500260849157825,2.525830386128056
RICHARDS BAY,QINGDAO,9,9483.31575525779,0.8744933040184423,0.7915725888150836,4.617389483488785
NEWCASTLE,DALRYMPLE BAY,12,3646.5211222495686,0.19444985846416063,0.8797715108807204,2.6815102790825556
NEWCASTLE,QINGDAO,9,11575.475304845348,0.7776337382402986,0.48616259310155396,3.759574807240755
QINGDAO,NEWCASTLE,9,2169.222619536237,0.855111440485344,0.6072617006994568,3.252712642046196
QINGDAO,SINGAPORE,8,2257.7184636915813,0.9689917342439318,0.8927828895587206,4.458846320693717
DALRYMPLE BAY,RICHARDS BAY,8,8186.981686002897,0.3212254315588653,0.4979276130685336,2.0216886862665664
DALRYMPLE BAY,QINGDAO,6,10073.989149492088,0.1436835861589889,0.3356964631494067,1.983129443615283
QINGDAO,SANTOS,8,8869.194985037051,0.9923176335992474,0.7779218408318094,3.448778097654777
SINGAPORE,QINGDAO,3,2577.2325087703343,0.19593255356819417,0.7956044214490035,2.205557199462235
SINGAPORE,SANTOS,1,2519.446468877445,0.42821208748488515,0.49882459493206066,2.1115932595935605
NEWCASTLE,SANTOS,7,10192.732874105513,0.8732824152552696,0.4804845926588137,3.1020768087731447
RICHARDS BAY,SINGAPORE,6,7850.9480170996385,0.8783468283705153,0.8471138628934799,4.351580610277129
SANTOS,NEWCASTLE,3,7393.802075790466,0.9806781824633444,0.5503097758072746,4.015258327877418
SANTOS,ROTTERDAM,10,7954.138821243771,0.2957580063243892,0.5076247488886996,2.3009558316533396
QINGDAO,SANTOS,4,1864.4894409134781,0.16946276018590223,0.9866293932871518,3.469894316420706
SINGAPORE,DALRYMPLE BAY,6,1870.4819938858627,0.7093958205800527,0.9846025020724225,3.927105176534142
SANTOS,SINGAPORE,9,5473.246092438526,0.9410841254587267,0.7896584537635604,4.370150099162192
SINGAPORE,SANTOS,4,5960.245536211867,0.15946234329329845,0.31289883284903264,1.5315843462327496
NEWCASTLE,SANTOS,6,10316.43975882371,0.48499874321746794,0.9298039345693829,3.943203963200038
DALRYMPLE BAY,RICHARDS BAY,1,4588.235789957337,0.24912362838350643,0.42957765504543,2.047701616074305
RICHARDS BAY,QINGDAO,6,7648.611141164553,0.14952700881469905,0.3352830205289248,1.7921690414681182
NEWCASTLE,ROTTERDAM,10,4223.327377990984,0.24980209930624997,0.989353854891609,3.661235333335795
RICHARDS BAY,DALRYMPLE BAY,3,11346.175127328961,0.8162897702489879,0.5230760124885764,3.852438016915406
QINGDAO,ROTTERDAM,4,10616.924423761177,0.10179878563058609,0.24954380556093847,1.1030873420268206
DALRYMPLE BAY,SINGAPORE,4,4577.791291313795,0.2290792687700708,0.9356763701960428,3.0330200648395085
RICHARDS BAY,SINGAPORE,8,9314.979486109805,0.7266679583153499,0.26500133614066224,3.5461036845544767
SINGAPORE,RICHARDS BAY,6,4462.038513583014,0.6490085486322071,0.6906017229466844,3.1202811840923914
SANTOS,SINGAPORE,2,8686.515434646388,0.3296451078753825,0.07853528044294944,2.177225828850848
ROTTERDAM,QINGDAO,10,8170.657816438338,0.24423404855814423,0.8052953571950614,3.422576607867717
NEWCASTLE,RICHARDS BAY,6,6252.813411287039,0.4205111926984868,0.6066300664409169,2.3140738172713506
SANTOS,SINGAPORE,9,8585.369967762372,0.4930006477829699,0.3910225482037011,2.553308174059143
RICHARDS BAY,QINGDAO,3,2041.5453055142068,0.6950105263868747,0.9731458459920731,4.457197972855803
SINGAPORE,RICHARDS BAY,12,7414.273741184131,0.23263254856010063,0.4960047695243439,2.6144475356275674
ROTTERDAM,DALRYMPLE BAY,11,6970.560975900518,0.8499222201663773,0.3773879721161115,2.9063601956257408
QINGDAO,SINGAPORE,6,8677.21449318629,0.9621191496915854,0.29918785238520373,3.421511121178916
SANTOS,QINGDAO,9,6508.666852688671,0.24533134628339748,0.06621531961013594,1.198629119898963
ROTTERDAM,QINGDAO,9,7757.585431385735,0.6570185293286328,0.6522220466175943,3.5025159524635807
NEWCASTLE,RICHARDS BAY,2,7033.667126691014,0.6528763398176977,0.7172054497375816,3.933456489757781
SINGAPORE,RICHARDS BAY,12,10907.770582602507,0.3599659271576924,0.25785513993820264,2.356622216762646
DALRYMPLE BAY,SINGAPORE,12,7983.376657607822,0.3768816797380167,0.9187879760667995,3.17469228713952
NEWCASTLE,ROTTERDAM,12,11577.8099965571,0.9607673188788862,0.8188973939074429,4.825522375590147
RICHARDS BAY,ROTTERDAM,7,11191.545686456633,0.9703921628814296,0.9476741468753561,4.412029543765973
NEWCASTLE,DALRYMPLE BAY,3,11613.414126331269,0.6891948218241696,0.5363040097981578,3.4049791139680856
ROTTERDAM,SANTOS,1,10804.523413686737,0.9128486611353276,0.4000881656528953,3.1948699730064702
SANTOS,ROTTERDAM,7,7571.521417128951,0.33783673613077314,0.27211830063864817,2.0742717076499004
ROTTERDAM,SINGAPORE,6,4229.123269835099,0.8960483154281321,0.6091859537519174,4.340636511368425
DALRYMPLE BAY,SINGAPORE,10,5171.697386177808,0.7638506964114639,0.5430402583444278,3.3734475671434176
QINGDAO,DALRYMPLE BAY,10,2759.092073894214,0.8073758898371202,0.6474890426235859,2.6992363634863614
NEWCASTLE,RICHARDS BAY,9,4529.419088901746,0.9750186958610365,0.5710055479395585,3.7489382890681604
RICHARDS BAY,ROTTERDAM,5,11633.520270498431,0.767640855349951,0.2424947637025352,3.269470654637203
DALRYMPLE BAY,SINGAPORE,12,5466.480433922633,0.2631736044838443,0.9950563387560393,2.9936288642704936
SANTOS,ROTTERDAM,2,10401.264780254847,0.9646602316007996,0.3283221093697162,2.4912009146555016
SANTOS,NEWCASTLE,11,6211.519934932091,0.36975568256589153,0.25345161201088784,1.9826758146846868
ROTTERDAM,QINGDAO,12,3763.636952072357,0.25628680248768243,0.9359086483383025,2.7654343887985733
NEWCASTLE,SANTOS,4,3829.376329860977,0.3451855720606416,0.8985057550784483,3.174807262818492
ROTTERDAM,SINGAPORE,2,4935.191211143742,0.9565115917053534,0.31522724624365883,3.030825516624934
DALRYMPLE BAY,QINGDAO,8,8707.926158184955,0.19348948861063664,0.7086302648851405,2.299755491260728
SANTOS,DALRYMPLE BAY,6,7303.873601143101,0.23731560280537956,0.678111995325425,2.392859181422158
RICHARDS BAY,SANTOS,2,6041.97992399407,0.8590916585467206,0.09441954911414663,2.3212171455411768
QINGDAO,NEWCASTLE,3,6000.761081179078,0.3617843508398749,0.3855741461959179,2.090543222612057
SANTOS,SINGAPORE,6,3241.2094229210393,0.36305170179163204,0.4429616744259298,2.256167070762752
NEWCASTLE,SINGAPORE,2,4809.69124873299,0.35429174968792143,0.22284278064151264,1.0466917764788155
DALRYMPLE BAY,SANTOS,3,11736.29544313824,0.7810347972792044,0.9298996499807005,5.041103140225472
NEWCASTLE,QINGDAO,2,9029.905294814242,0.02567268630734243,0.14204221491797708,0.9717322963290289
ROTTERDAM,RICHARDS BAY,9,2962.915223749351,0.14630436113648138,0.2303001967590993,1.3049047855454134
QINGDAO,DALRYMPLE BAY,7,4286.097192621277,0.18855757144364094,0.7195345389617299,2.430524692827261
QINGDAO,NEWCASTLE,1,10778.528767375,0.7277616465325542,0.7879073965410064,4.118901490973992
DALRYMPLE BAY,SANTOS,5,5966.666294810074,0.7012876809646438,0.9208213047146138,4.235878431939152
SANTOS,QINGDAO,11,2192.7404145207984,0.3975712089613459,0.9400469260809028,3.200021942646528
NEWCASTLE,SANTOS,4,8301.090217588562,0.6107915686801879,0.01667206828833967,1.8663058527717782
RICHARDS BAY,QINGDAO,2,8516.037771228614,0.17839030965367542,0.11831017824792633,1.8179514924551623
DALRYMPLE BAY,SINGAPORE,4,9625.315793818096,0.3124051715078844,0.07971557936743767,1.4090691383452099
RICHARDS BAY,ROTTERDAM,7,9571.225593945303,0.3714984221207238,0.6491026546276127,2.3741848445289566
SINGAPORE,ROTTERDAM,11,8578.093956037164,0.7470800889310658,0.06175504723733516,1.5043368283842344
NEWCASTLE,QINGDAO,8,6108.0002340223655,0.7571323532701827,0.7398578032688461,3.7105327413791818
DALRYMPLE BAY,RICHARDS BAY,2,3987.0098144340245,0.4906596154566065,0.2502081104371201,2.1936953845463254
SANTOS,NEWCASTLE,3,6478.946065453079,0.050504365190850664,0.22934062843550584,1.9407643576647549
RICHARDS BAY,DALRYMPLE BAY,6,4511.814978232534,0.061980972002314894,0.13666630474832364,0.6704128186184568
SANTOS,QINGDAO,4,4857.617643245275,0.958407014177961,0.20377059794242258,2.736244631911514
QINGDAO,SANTOS,11,2463.131149631275,0.6043034294274493,0.50169976602035,2.386188557381562
ROTTERDAM,NEWCASTLE,12,6058.014575296904,0.22856694043833492,0.8348527125302225,2.4611469260295378
SANTOS,DALRYMPLE BAY,12,10699.464611785914,0.7347029123873744,0.642174960647797,3.6897148810995213
NEWCASTLE,QINGDAO,10,7564.375276244377,0.2597533605262068,0.8754390270879648,3.1355321900329813
DALRYMPLE BAY,SANTOS,6,2600.3810980420835,0.22232892758527967,0.3487087888964836,1.7243402468973525
QINGDAO,SANTOS,5,6874.212909224479,0.859799722094611,0.14938995350554118,2.4165647089893962
DALRYMPLE BAY,NEWCASTLE,12,11543.337895822573,0.41306182943174774,0.4150317306551369,3.2503467617025583
RICHARDS BAY,SANTOS,7,3784.54150828505,0.6128056746614275,0.1812058748383879,2.4760136215006074
SINGAPORE,NEWCASTLE,2,5966.301842468985,0.9669585789814206,0.053619514706363613,2.575247313965257
SINGAPORE,NEWCASTLE,2,6946.931962120352,0.9227316827700696,0.20040755819742673,3.729381968918932
SINGAPORE,ROTTERDAM,6,11194.792320167475,0.17169579944790592,0.8007285593054033,2.856118144964571
RICHARDS BAY,NEWCASTLE,2,11580.862133846329,0.06269172296013448,0.06548339799438829,1.338223428071334
ROTTERDAM,RICHARDS BAY,6,6318.129309540427,0.5334921747803945,0.33364289028713,2.471458768591629
QINGDAO,SANTOS,4,5037.542028473433,0.4543667969796701,0.702568699550067,2.7985277488603577
QINGDAO,NEWCASTLE,6,11768.236669572947,0.7865862657683655,0.5727217686340125,3.6442748484757077
QINGDAO,SANTOS,9,5410.491111446878,0.5128451714565949,0.18795803796396204,1.88661792448474
SINGAPORE,DALRYMPLE BAY,3,9572.013182619687,0.5090584341970155,0.8154539365256507,3.357366000604373
NEWCASTLE,DALRYMPLE BAY,2,2310.835435396012,0.692900405115938,0.8347854319240385,3.4733443427905746
QINGDAO,SINGAPORE,6,10401.013318001102,0.5144733414642263,0.5399252440937878,2.4355593534576103
NEWCASTLE,QINGDAO,4,4375.10144119434,0.2677917195450501,0.05059541802235612,1.387522984065343
SANTOS,NEWCASTLE,6,10293.368114760586,0.9603787275570217,0.367291614129165,3.328537819645728
SANTOS,SINGAPORE,11,1555.619357866509,0.4927421650152318,0.42399912715898014,2.3501077164110153
QINGDAO,NEWCASTLE,4,5689.500609252498,0.3413718626101272,0.038887989662542144,1.7506137909378625
NEWCASTLE,DALRYMPLE BAY,11,9880.672762936583,0.8455738478281971,0.6238003614254719,4.535051628747094
NEWCASTLE,SANTOS,1,10641.461640343487,0.23319350729579214,0.7366506157002934,2.996710642777376
DALRYMPLE BAY,ROTTERDAM,9,5314.711881309196,0.015942438966691785,0.9880226313768419,2.5526586892268353
DALRYMPLE BAY,ROTTERDAM,10,10799.079508617218,0.30171369207708654,0.4869686228459622,2.542331970410467
RICHARDS BAY,DALRYMPLE BAY,8,2791.954084480398,0.265524969893571,0.35322658826631137,1.6216102135245904
SINGAPORE,SANTOS,8,10539.655930770417,0.015687527283303915,0.8984836357454766,3.244791050736872
SINGAPORE,RICHARDS BAY,8,7565.543401639295,0.04968702624797405,0.05949637182278256,0.31469791256846824
RICHARDS BAY,NEWCASTLE,8,10342.503718239366,0.04956812077470496,0.4278731612336244,2.4494874711076893
NEWCASTLE,SANTOS,5,4402.250705449449,0.6527430920994067,0.133624137002897,1.801361245709249
RICHARDS BAY,ROTTERDAM,9,11591.227575711095,0.7196477850144256,0.5929936233279961,3.125520965437116
QINGDAO,SANTOS,2,6035.677821904406,0.4559745790275158,0.7333125052307272,3.399813764031162
RICHARDS BAY,QINGDAO,3,9963.534154462788,0.06800669031955309,0.33415893085389126,2.081543777035844
DALRYMPLE BAY,NEWCASTLE,10,4999.741306025826,0.3827522955532656,0.8656339482254493,2.5195130972048987
NEWCASTLE,QINGDAO,10,3985.3187913502015,0.9010411480720117,0.6707229017674402,3.6077525389758227
ROTTERDAM,NEWCASTLE,9,2438.0863614032287,0.8488329397889457,0.12756003113018,2.3888019124680677
ROTTERDAM,RICHARDS BAY,1,2464.2720598193414,0.003742428349045035,0.0791615763814778,0.7289745141671676
ROTTERDAM,SANTOS,2,5038.708642711937,0.14657412546819748,0.2866927035819472,2.279856133686109
DALRYMPLE BAY,RICHARDS BAY,1,4662.6954483857435,0.20922066770401915,0.9784533737558676,2.7624374517689265
NEWCASTLE,QINGDAO,3,2985.3029200188507,0.4870161449144311,0.510929536711377,2.344724721409546
ROTTERDAM,NEWCASTLE,7,5753.742246779577,0.6088023698406829,0.5901950714499575,3.451566680447566
SINGAPORE,SANTOS,11,5930.2981660163105,0.5273959540644526,0.5628728610344788,2.500065107730052
SANTOS,RICHARDS BAY,8,11938.21374365353,0.7720432914533956,0.4172514334843075,3.4657399972813523
QINGDAO,NEWCASTLE,9,10834.491552241163,0.4562952263104093,0.6695211484476647,3.1475483724925613
SANTOS,QINGDAO,5,11426.64231563672,0.5070462129669179,0.3643518799981412,2.8549731283980204
ROTTERDAM,SINGAPORE,11,10337.39601589896,0.1990151109554612,0.26867807176225533,2.48360139379178
QINGDAO,ROTTERDAM,8,4721.353148806912,0.8459914164903171,0.7320838968708833,3.5866622325863626
QINGDAO,RICHARDS BAY,10,3665.549106017404,0.5032288499555093,0.11824173038867036,2.0292637220024505
NEWCASTLE,SANTOS,2,2070.7158228560984,0.09533968590820108,0.35135624595514103,1.7499121148958119
RICHARDS BAY,QINGDAO,7,11825.933716974041,0.09464391228969171,0.5478807422402548,1.8773130307846644
RICHARDS BAY,ROTTERDAM,12,8851.845750932838,0.18096984972182417,0.8579721410057863,2.927191534498549
RICHARDS BAY,SINGAPORE,10,5293.755161751923,0.713343106720973,0.5793465660113004,3.0649945881983145
QINGDAO,DALRYMPLE BAY,12,3103.1519923496467,0.30999974966948507,0.759311677101791,3.800366886927618
ROTTERDAM,SANTOS,9,8546.091896831358,0.9594674702665283,0.3465292084267393,3.576860977224154
SANTOS,SINGAPORE,11,11321.43683422505,0.06829145167012174,0.5901455926806208,2.257699653880828
QINGDAO,ROTTERDAM,7,5086.750594934434,0.64899925814905,0.22639751725071267,2.556317310755656
SINGAPORE,DALRYMPLE BAY,10,7065.683131419401,0.5778133142638463,0.6992750118977196,3.3829312682379116
SINGAPORE,QINGDAO,10,3477.8365544248404,0.7162056519771793,0.625495333689061,3.0925579957544684
ROTTERDAM,SANTOS,2,3248.8259175258468,0.28996052511074055,0.763828362452521,2.8220466290344977
ROTTERDAM,QINGDAO,9,7913.4861454235415,0.5184219787137135,0.19781668687026976,1.896049989340234
SINGAPORE,DALRYMPLE BAY,1,9105.731424374664,0.6437903382505226,0.23726481600074723,2.91180305697859
SANTOS,QINGDAO,10,8375.417660611032,0.6955413518175873,0.28574088837739,2.2546079167695035
DALRYMPLE BAY,QINGDAO,11,6132.716755250218,0.26693951256556203,0.8611124468976891,2.823967834745733
RICHARDS BAY,SANTOS,11,10503.365024648676,0.6352712227808992,0.534773555730818,2.8704901251578288
QINGDAO,ROTTERDAM,5,2824.955901008381,0.25144110883738613,0.36773412143970663,1.9550340258204597
SINGAPORE,SANTOS,7,7979.410311092112,0.5321275318971607,0.9518566512169402,5.427435440598648
NEWCASTLE,RICHARDS BAY,11,3775.053000093752,0.03869407087030885,0.6089396733379924,2.2743091970219274
QINGDAO,DALRYMPLE BAY,10,1908.3528329857556,0.048565688818078545,0.6202090987258799,1.631283178617064
NEWCASTLE,QINGDAO,11,11765.583998280625,0.10752424337177813,0.7959048531962796,2.8373461666513005
ROTTERDAM,NEWCASTLE,2,5097.4090021999755,0.25579896585567397,0.3832198898062551,1.40526357930425
ROTTERDAM,QINGDAO,12,9004.897698367868,0.6178438426509827,0.8128320197331531,3.569035673586188
QINGDAO,SANTOS,12,4324.237736546362,0.9854211845321202,0.8163899154714166,4.278390954460215
RICHARDS BAY,NEWCASTLE,12,9186.93351769419,0.7514648141692567,0.19075589112121338,2.1759011331950773
RICHARDS BAY,SINGAPORE,11,9779.451157848529,0.5960338793894108,0.1399484864874425,2.3779809791501476
DALRYMPLE BAY,NEWCASTLE,6,9094.541790652434,0.5399586326005054,0.45497180070816556,3.6706660513852927
ROTTERDAM,SANTOS,2,6029.557933079033,0.5233332392721941,0.4382344771889698,2.9504647350228064
SANTOS,NEWCASTLE,2,9542.105338083335,0.20774894171209513,0.48897612957397574,2.353199060565423
SINGAPORE,SANTOS,2,9066.367798120653,0.29584463078087786,0.5182800132019674,3.2335076878498414
SINGAPORE,ROTTERDAM,1,4023.2049445567905,0.0739409290671752,0.4687387309924248,1.685048185722141
SINGAPORE,RICHARDS BAY,6,3557.939857474455,0.17872937592491844,0.300656470133444,0.9050633659623499
NEWCASTLE,DALRYMPLE BAY,9,10498.640025909699,0.3622728068539839,0.14419498112248563,2.1374679361672015
QINGDAO,SANTOS,8,6939.689801696778,0.35363392150358075,0.07505583038802022,1.3491262067984326
ROTTERDAM,DALRYMPLE BAY,1,6301.962894113034,0.9554230339518591,0.052783380786441736,2.636517277196319
NEWCASTLE,QINGDAO,12,11101.089776256318,0.5847989552462312,0.21784457399824553,2.6598899780083523
RICHARDS BAY,SANTOS,7,10995.262383797828,0.4768540401054504,0.34470896179838784,2.670040598607658
RICHARDS BAY,SINGAPORE,2,4843.023785170956,0.8678009793663987,0.5055317486338219,3.565246917327454
RICHARDS BAY,NEWCASTLE,7,2059.410946403528,0.12124975645755098,0.7019752022074804,1.5897934483676277
DALRYMPLE BAY,ROTTERDAM,7,2971.977408674317,0.08943602913329018,0.4388587351883817,1.375101956016719
DALRYMPLE BAY,ROTTERDAM,6,2723.2429716015727,0.7374009455193812,0.7003029571437156,3.6707038231444993
SANTOS,NEWCASTLE,12,2403.8121477827676,0.6490133036748073,0.7052573945651862,2.9945679151413165
DALRYMPLE BAY,NEWCASTLE,8,11895.086313915834,0.1262254238089625,0.3924543432677957,2.2061076907020256
SANTOS,DALRYMPLE BAY,11,9552.21339460889,0.6284761969329175,0.15257561456002255,1.8297830994027562
RICHARDS BAY,QINGDAO,4,6702.968947286309,0.3902589690884125,0.3872916720859666,1.8954809718128132
ROTTERDAM,DALRYMPLE BAY,6,5875.517076310228,0.6006208784891227,0.6088696178493316,3.001637924125109
SINGAPORE,QINGDAO,10,6009.015817218016,0.7343269301794787,0.16711694660786114,2.463093039369529
SANTOS,NEWCASTLE,1,5099.220333777206,0.39132323013965187,0.7157493118516688,3.1875752442668404
DALRYMPLE BAY,QINGDAO,2,2373.054332828297,0.8712793157065106,0.5159928712602737,2.998283430758658
RICHARDS BAY,QINGDAO,7,6543.270753262068,0.7507347465532593,0.8261896225185549,3.9279040084742216
SINGAPORE,QINGDAO,12,2094.4982806902794,0.4088772856873999,0.7722820839186489,3.2800008098508875
ROTTERDAM,SINGAPORE,10,7006.296513764192,0.7057869959719498,0.1039161648688589,2.7192964490442293
SINGAPORE,QINGDAO,1,3303.427465778576,0.7192576492195367,0.07040625396877898,3.006178473008335
RICHARDS BAY,QINGDAO,8,6945.290280929473,0.8421196096504375,0.2885896077051602,2.8267000496280925
SINGAPORE,DALRYMPLE BAY,10,5497.074528655063,0.30411880887769827,0.8095313753250729,3.3380200197330705
ROTTERDAM,SINGAPORE,1,3326.3447876475198,0.14743835459023447,0.11588200281303673,0.9967494844804793
ROTTERDAM,QINGDAO,4,3034.342693364964,0.2562057067827658,0.5368497633760414,2.103615914206634
QINGDAO,SANTOS,11,6957.236428709632,0.6333568408536914,0.4116205503318684,3.8062354183213287
SINGAPORE,NEWCASTLE,12,6722.997643346355,0.07020078184155021,0.4284174616368909,1.3394089627847956
DALRYMPLE BAY,ROTTERDAM,7,8948.849671642014,0.7225709767221682,0.06635888074610485,3.1783618075797326
RICHARDS BAY,SANTOS,2,11222.64139991172,0.1722185110217539,0.0746043081576857,1.6681663134000353
SANTOS,DALRYMPLE BAY,12,9536.13669394018,0.6738945835846691,0.22291132401544778,2.7327486777533263
ROTTERDAM,RICHARDS BAY,7,7046.612865280965,0.4176810380656609,0.08541901142438868,1.7664309114678922
RICHARDS BAY,ROTTERDAM,11,8891.969691274191,0.0042127219141461225,0.3120433743548727,1.4193939958601336
ROTTERDAM,QINGDAO,5,2581.5664704743813,0.5072511055466711,0.16995582745936177,1.7791601446391352
NEWCASTLE,DALRYMPLE BAY,4,2949.995276314265,0.7355451016577587,0.4454491672565015,2.7424639123998205
NEWCASTLE,SINGAPORE,11,11542.510909381104,0.27613986855552963,0.6282954827431336,2.289693870427374
DALRYMPLE BAY,RICHARDS BAY,5,8781.805261948995,0.7164271143471794,0.22114880116474123,2.7256304105650617
ROTTERDAM,QINGDAO,6,3121.557550417376,0.454248660621965,0.8785365566129374,2.772742677105061
QINGDAO,SINGAPORE,11,8383.248856243406,0.350895288082536,0.9141602612471649,4.47852050597843
QINGDAO,DALRYMPLE BAY,10,6411.530189311896,0.8587114232637186,0.462917806466153,3.282278585378692
SANTOS,DALRYMPLE BAY,3,7672.143617988261,0.1438420705503477,0.223689788603891,1.0950942239152937
QINGDAO,ROTTERDAM,2,6639.244255203643,0.09289842009181715,0.5152356815238681,2.992660907355258
SINGAPORE,RICHARDS BAY,10,5907.255093828137,0.15286717190071442,0.15586678577764124,1.5337064642219789
QINGDAO,SANTOS,10,3757.9103703789456,0.428370674059694,0.9384844388049298,4.179182519542647
RICHARDS BAY,QINGDAO,7,3304.10264678373,0.6217142559566773,0.9895426432148756,3.8628879682483532
SANTOS,QINGDAO,4,3507.1169272795883,0.1539589124091998,0.012162631714018768,1.1998615769352639
DALRYMPLE BAY,QINGDAO,10,4172.055722146196,0.7832577033112026,0.42216454679679827,3.17484205944298
ROTTERDAM,QINGDAO,4,9383.723399767436,0.7531071245941489,0.35628941831924354,3.155378773721406
RICHARDS BAY,QINGDAO,5,3846.451810804151,0.37464601955022037,0.09375307985962356,2.0411724969485388
ROTTERDAM,SANTOS,9,9126.486168293899,0.5276812458267756,0.2068504083355922,2.440587518928955
DALRYMPLE BAY,RICHARDS BAY,11,11465.094209260531,0.6301855021255962,0.9659560357533433,4.222350197821362
DALRYMPLE BAY,QINGDAO,6,6572.861216189628,0.010866177993366422,0.2357964080246565,1.2651729546592543
ROTTERDAM,RICHARDS BAY,6,4231.4816580886045,0.8531035967306924,0.11315851754047279,1.9847282311604215
NEWCASTLE,SINGAPORE,10,5845.430328120225,0.8426644943620367,0.6423054796934369,3.468135992050102
SANTOS,ROTTERDAM,9,7860.15526089048,0.8100713681262028,0.44952927224227623,3.3658039645246687
RICHARDS BAY,SANTOS,12,3891.7268284511265,0.4016920253529206,0.7962325716648236,2.9540617744830793
DALRYMPLE BAY,NEWCASTLE,1,10351.801546914208,0.7786155456256356,0.2880413453895164,2.564182608881975
SANTOS,QINGDAO,9,1838.8153912379817,0.5968596883095181,0.6889795482561073,3.183405452234749
QINGDAO,SANTOS,11,8283.104058962057,0.084161940687836,0.8100884609760892,3.4992659619304876
DALRYMPLE BAY,NEWCASTLE,11,1501.3115186405334,0.25750871211747506,0.487542449176412,1.2471666534384607
QINGDAO,SANTOS,5,3929.891274254989,0.21806248453910415,0.7361098970080604,2.253153227749417
ROTTERDAM,SINGAPORE,8,6820.164861407722,0.8545217274980156,0.682433872541263,3.8492260207280786
RICHARDS BAY,ROTTERDAM,7,9348.198719457212,0.5128671987834625,0.32738461069660096,2.1745294117303824
SANTOS,DALRYMPLE BAY,9,8493.89186419018,0.15254591149330166,0.7137531219223341,2.6154952810934273
QINGDAO,RICHARDS BAY,7,5441.8212320414805,0.4713051505508362,0.3088888825562579,2.7252504574994116
ROTTERDAM,RICHARDS BAY,3,7300.5851753516035,0.08299112623272742,0.5456864027076922,1.6729467428613825
ROTTERDAM,SANTOS,1,5600.848303070774,0.534150408200547,0.37680194831502256,2.51157020940995
DALRYMPLE BAY,SINGAPORE,4,7861.885554814067,0.2560250986070861,0.2689884518056338,2.3791440244646624
ROTTERDAM,RICHARDS BAY,3,5916.687997754582,0.35183969297962614,0.990024914123176,4.122050241051448
SINGAPORE,ROTTERDAM,9,5719.701528683719,0.42234986943880704,0.979324581370405,3.3451219390809133
RICHARDS BAY,SINGAPORE,8,9385.664935603505,0.6364598736168452,0.3292839979029708,2.5143054445507484
SINGAPORE,RICHARDS BAY,11,9721.320226298461,0.3658777838109468,0.6322214235246982,3.559944015818533
DALRYMPLE BAY,NEWCASTLE,5,9247.195878132763,0.9119931713105572,0.9192260157195751,4.256709730657325
ROTTERDAM,DALRYMPLE BAY,2,10404.21851703576,0.6837758569838599,0.19545631015659948,2.6837726062143306
ROTTERDAM,SINGAPORE,7,6507.104155859292,0.27552903592141964,0.9838455949248598,3.5214132073223974
ROTTERDAM,DALRYMPLE BAY,9,6960.478643593569,0.27371044242286724,0.28173591984167345,2.377302408320189
RICHARDS BAY,DALRYMPLE BAY,6,2521.9192502362407,0.6665464813294362,0.009523031695485629,2.067322839509166
RICHARDS BAY,SANTOS,7,4455.8435516320405,0.41529746062389516,0.8949092819155667,3.3052649139510986
ROTTERDAM,QINGDAO,2,9488.353945973438,0.10346739258457471,0.6652620936172707,2.471853548190463
SANTOS,DALRYMPLE BAY,5,11508.108680984697,0.325273801011434,0.5578471670519016,2.4898975572650066
QINGDAO,RICHARDS BAY,9,5874.469257107024,0.8916445326395909,0.27399188857313794,2.765763793867368
SINGAPORE,ROTTERDAM,5,8384.246867701244,0.23316793325924545,0.5728144120710477,1.695987178361945
SINGAPORE,QINGDAO,2,6364.477035654976,0.7446505696606273,0.2964443857818584,2.6425931651145405
QINGDAO,DALRYMPLE BAY,3,6881.16195210582,0.8068119136312163,0.6917181124976282,3.7320383378880897
ROTTERDAM,SANTOS,9,8825.306836192334,0.6700576640296851,0.3821346921426636,2.493423471451775
QINGDAO,ROTTERDAM,3,3925.687437074589,0.6564898383508689,0.5132227948407885,2.669743707021303
RICHARDS BAY,QINGDAO,5,3944.74274286942,0.2950782090937888,0.09511718927339685,1.3065959059571512
ROTTERDAM,SANTOS,12,11317.340647069308,0.09937731143570594,0.24371102717533222,1.0884090733621452
RICHARDS BAY,SINGAPORE,12,5108.732728597543,0.7150931911854932,0.8827429476215864,3.941485991679657
NEWCASTLE,SINGAPORE,9,5102.765560223514,0.4062266139725018,0.33986109568755607,2.401531525828184
NEWCASTLE,ROTTERDAM,12,9878.278792124003,0.23381927426107785,0.29777826808815355,1.9199136182617174
NEWCASTLE,ROTTERDAM,10,6307.581201609969,0.12824001688479048,0.10748918426952836,1.3053162632023407
NEWCASTLE,QINGDAO,9,1796.7583623518917,0.469023431480573,0.0522641490142326,1.844436413559349
SANTOS,SINGAPORE,5,7634.050304469477,0.5046052731360201,0.5994832622802416,2.720848352440198
NEWCASTLE,SINGAPORE,4,8366.02360174345,0.1480957257452764,0.49541961359626707,2.095557364823731
SANTOS,RICHARDS BAY,4,11290.105302418835,0.6551437946449565,0.10303270247073837,2.3740267033130014
RICHARDS BAY,QINGDAO,12,11460.88653165074,0.29295260781219334,0.7169499079603164,2.9046028234498014
SANTOS,ROTTERDAM,11,10378.817209062552,0.2934245913682769,0.5300315310993231,2.5195219452415674
DALRYMPLE BAY,NEWCASTLE,11,10651.294040986168,0.1600593991937228,0.7430409461629872,2.7759544098917197
ROTTERDAM,SINGAPORE,11,2839.194461158988,0.9340962722063331,0.2883191880871163,2.977441386846491
QINGDAO,RICHARDS BAY,12,3836.2264313493897,0.17950074083870793,0.5353643690407835,1.726737755772576
RICHARDS BAY,NEWCASTLE,3,3030.5136025182724,0.24624321870946764,0.9324432315692422,2.950764726903565
DALRYMPLE BAY,QINGDAO,7,7436.862556998176,0.8798656433112854,0.24109791937122826,2.895533459927873
NEWCASTLE,RICHARDS BAY,6,3305.041306206064,0.9015100578627374,0.11796499490637535,2.502896440643451
QINGDAO,DALRYMPLE BAY,10,3389.325811562156,0.6503269415210357,0.3135283288376345,2.978046363867807
RICHARDS BAY,DALRYMPLE BAY,1,4884.69334807235,0.23658262435965616,0.8928006424077998,3.2407910821240344
NEWCASTLE,SINGAPORE,2,8060.689415104501,0.5901922557632251,0.2702000726585758,2.1974158502147922
SINGAPORE,NEWCASTLE,6,11520.039097623663,0.14758582291747113,0.8892641018881947,3.1600946874585145
NEWCASTLE,QINGDAO,7,4500.57845310002,0.2898210189266912,0.9271385771926535,2.919098690258402
DALRYMPLE BAY,QINGDAO,7,7344.178155095876,0.9241660894178338,0.17929842684242103,3.745097041872806
RICHARDS BAY,SANTOS,1,2308.403485266335,0.5971487429017218,0.5513679621540587,3.0524894064799186
SINGAPORE,ROTTERDAM,5,4892.020194603754,0.7632689463058524,0.34801550112372814,2.701072116965834
ROTTERDAM,QINGDAO,7,6489.3186088904085,0.266974583605303,0.5159045818197838,2.3195127454814917
SANTOS,QINGDAO,10,11121.0189162124,0.30056149857477965,0.2643862040993116,2.3566554690731936
SANTOS,DALRYMPLE BAY,8,9814.574135112363,0.7680103413702376,0.4888454917546158,3.28966499892391
RICHARDS BAY,SINGAPORE,4,10203.229516492978,0.8442941484035814,0.034073921340017854,2.852597444780481
ROTTERDAM,SINGAPORE,1,9369.82495005009,0.608125974631964,0.3944427387313236,3.4140475964828045
NEWCASTLE,QINGDAO,9,5951.80185327538,0.38997966783452975,0.19035610024746197,1.5305487863876261
SANTOS,ROTTERDAM,11,7216.896481009222,0.38562523485979217,0.704032214597996,2.8081302977549103
SANTOS,RICHARDS BAY,3,9455.460223647695,0.3997214477538079,0.45299834288249274,3.2279880657715463
ROTTERDAM,NEWCASTLE,3,8739.164250235403,0.4490946374184077,0.38860634007427475,3.4371867879783204
RICHARDS BAY,SINGAPORE,7,2207.222687471956,0.36734608083829356,0.4728866021919116,2.879324035433825
SINGAPORE,NEWCASTLE,2,2848.03702292584,0.004506097560003308,0.6963805660651069,1.8303338634024586
ROTTERDAM,DALRYMPLE BAY,7,2632.626793266107,0.7207393096472045,0.9614682044834372,3.750024630778399
SANTOS,ROTTERDAM,1,3070.3382057015747,0.8308114447396812,0.145113080319759,2.5484976193803006
QINGDAO,RICHARDS BAY,11,7291.697232688618,0.30450820649750365,0.9414608550542626,3.8201022273707474
ROTTERDAM,SINGAPORE,10,10187.477972886743,0.058703397200336016,0.625369228462319,2.0692523641259686
QINGDAO,SINGAPORE,9,6662.799297877873,0.7816991009107112,0.7228930322291087,4.330694012175657
DALRYMPLE BAY,RICHARDS BAY,8,6604.181255830485,0.7287611221416688,0.35651169844142727,2.9307505567228476
SANTOS,NEWCASTLE,11,9490.207019876552,0.3901323686645124,0.5356392353912296,2.544972567385636
SANTOS,DALRYMPLE BAY,1,3260.18099997544,0.4115980320856145,0.7179131070167719,2.2037114898038017
ROTTERDAM,NEWCASTLE,8,5860.477013252425,0.09756239628159258,0.052527988794775715,1.5236786061871894
SINGAPORE,QINGDAO,12,7149.003163781392,0.6287113323103868,0.18448396114049304,2.540212965828481
DALRYMPLE BAY,QINGDAO,11,8200.845931195268,0.5625350794580178,0.12432970799514931,2.2929611691158005
RICHARDS BAY,QINGDAO,2,11272.231470613791,0.10953785317232001,0.20837710666824705,1.300346775520492
NEWCASTLE,QINGDAO,9,5740.26215550853,0.026213532467259992,0.9639168783200247,2.8635377675155924
NEWCASTLE,ROTTERDAM,10,5670.814237011377,0.6584496214590319,0.9090735845464855,4.284668387245963
RICHARDS BAY,SINGAPORE,1,3660.8510864327322,0.8276216446853436,0.15321318761720082,2.2882054013267865
SINGAPORE,QINGDAO,6,3895.1474795633508,0.9924136839779331,0.16344601732126784,3.6678608965050277
SINGAPORE,RICHARDS BAY,12,3963.3241406864336,0.9589391371657489,0.4633797406331909,3.05993782453254
ROTTERDAM,SINGAPORE,4,3441.8474839182345,0.09468538541331106,0.07627067030716383,0.934733816677008
SINGAPORE,SANTOS,8,6751.604323736714,0.8706358689794534,0.8347702099641873,4.194309386168741
ROTTERDAM,RICHARDS BAY,7,4224.49402399862,0.4127685492421006,0.42030469987880803,2.2015359743961094
SINGAPORE,NEWCASTLE,10,6682.418656264026,0.3898585382052917,0.8285742782003216,3.461017678883978
ROTTERDAM,RICHARDS BAY,7,7322.213008971635,0.6676754164228271,0.6550352551008597,2.464363505951476
DALRYMPLE BAY,SANTOS,1,9214.706134159878,0.45701344747949024,0.551441552286137,2.6446041994807556
QINGDAO,NEWCASTLE,2,8526.385534080617,0.23598494666568215,0.11460486854982666,1.5158299699355353
NEWCASTLE,QINGDAO,8,11614.734662978428,0.22884336115151804,0.8804526970506575,3.091948303861624
DALRYMPLE BAY,SINGAPORE,3,8892.084148670789,0.01605613135518469,0.464901706051533,1.995772543444077
RICHARDS BAY,SINGAPORE,11,5058.512252194864,0.19837510182229212,0.5105787539152029,2.0118387680878502
QINGDAO,NEWCASTLE,4,8039.072756026041,0.8929215850434725,0.2215143650960122,3.3730145750623315
SINGAPORE,ROTTERDAM,5,4765.8753876100045,0.003719425067400639,0.9973081004456583,2.024015913056521
SANTOS,QINGDAO,12,7462.206666590821,0.9996913443012582,0.7673299092753699,4.387215142518208
DALRYMPLE BAY,QINGDAO,10,3894.552162048417,0.514035897986198,0.6579441422246665,2.744436275094457
SANTOS,QINGDAO,8,3660.523623206855,0.9434511591699268,0.17486039476730653,2.736878291041049
SANTOS,SINGAPORE,8,3337.7052654160425,0.2964848515130212,0.32208672579565156,2.075026956258013
NEWCASTLE,DALRYMPLE BAY,1,9672.144295473545,0.9837223383651236,0.6595471592665643,3.6706187197643274
NEWCASTLE,SANTOS,9,6236.356954149471,0.45629985058180933,0.3188318240680694,3.177270946901109
QINGDAO,DALRYMPLE BAY,2,2513.4019424762523,0.06174354700882767,0.05905677584054769,0.6010411877113302
QINGDAO,RICHARDS BAY,12,9254.052713823216,0.8893128703076673,0.7323430296357656,4.825215423618912
NEWCASTLE,QINGDAO,2,5899.957384009937,0.09168567168606256,0.16930403155433116,1.1723780098237075
NEWCASTLE,QINGDAO,11,4664.054462170113,0.6738768229283607,0.6344667611590806,3.3383752522403927
ROTTERDAM,SANTOS,12,11028.6227266379,0.20571211209092655,0.7426451477213933,2.7515866717698625
RICHARDS BAY,QINGDAO,9,8419.632592582051,0.4314636178931456,0.2481168805635673,1.9438387238841428
SINGAPORE,ROTTERDAM,11,9619.988612375553,0.10592489895062163,0.06502900065367068,1.3615623933368748
DALRYMPLE BAY,QINGDAO,1,6395.534094059453,0.36089509145992715,0.6765756670198043,3.120067297451766
QINGDAO,SANTOS,2,3575.1345985588437,0.8038889828433134,0.23516699003801378,2.8724302521365432
SINGAPORE,DALRYMPLE BAY,12,4059.4855637817236,0.5366394736969131,0.38564141178513567,2.66655102710512
ROTTERDAM,SINGAPORE,5,11720.056688836446,0.483283276004682,0.1779968599360494,2.8675311671883126
SANTOS,NEWCASTLE,8,6734.587388977038,0.3308129910530334,0.30139401086301343,2.1664740226751444
NEWCASTLE,QINGDAO,5,10266.905039979083,0.4041058956918999,0.29476179792595236,1.8875042628047871
SINGAPORE,SANTOS,7,5385.40303348765,0.5346064209614584,0.20400166658718222,2.337307794538946
RICHARDS BAY,SINGAPORE,6,2074.0013562473537,0.49977433591672227,0.5635694303612403,2.5151888439686427
SINGAPORE,NEWCASTLE,7,4078.262606037469,0.6508553479043843,0.7288417038111124,3.0693598310022603
QINGDAO,SINGAPORE,6,8294.234924523458,0.7559929065219589,0.9495438475079023,3.943683053598315
DALRYMPLE BAY,ROTTERDAM,8,5144.128917915744,0.14882270222259675,0.5226328820229693,2.6292119943046153
DALRYMPLE BAY,NEWCASTLE,5,8005.290105977511,0.4323734507511886,0.26232693653997186,2.334044765620668
RICHARDS BAY,QINGDAO,8,3937.5595864140823,0.1274604501728117,0.6636185651121598,2.2218192274375297
SANTOS,ROTTERDAM,5,5372.84722275134,0.7505727606724842,0.5102657746354712,2.913113701967537
SINGAPORE,SANTOS,12,7903.796006360523,0.8356078453038202,0.5414068237934746,3.4110186494476746
RICHARDS BAY,SANTOS,2,7861.032638885353,0.5969473940466132,0.7855035569753578,3.3763410477782
SINGAPORE,SANTOS,2,10976.569736436162,0.26300963694954893,0.9014756288113434,2.67544216088363
NEWCASTLE,RICHARDS BAY,2,9938.603322309304,0.9842320620416789,0.2969765085697681,2.9479232140919605
SINGAPORE,QINGDAO,4,11236.813007345007,0.1184390852842464,0.5295238512104824,1.6555465353366654
DALRYMPLE BAY,SANTOS,1,9837.17953364827,0.37644485419096874,0.6684318774590476,3.4393109432406948
DALRYMPLE BAY,NEWCASTLE,2,2157.819147243017,0.9591314171847817,0.6806769089738685,3.928854244090267
ROTTERDAM,DALRYMPLE BAY,11,4445.719787387903,0.37104798717763987,0.2757429641984457,1.6972836463101166
SANTOS,ROTTERDAM,3,8409.998730355033,0.5181849401446683,0.04209510721139831,1.693492372219871
NEWCASTLE,ROTTERDAM,10,5105.395074727149,0.6218507912838264,0.6179148014564922,3.44944308072692
NEWCASTLE,SANTOS,8,11675.329271252212,0.39539100600482113,0.2988035284449051,2.5199855886189617
SINGAPORE,DALRYMPLE BAY,11,2862.290893079089,0.08165317909202363,0.9937107843347391,2.628148158552729
DALRYMPLE BAY,RICHARDS BAY,4,1992.3011256862376,0.6145304926431803,0.7167776685390507,2.7509256189202267
DALRYMPLE BAY,QINGDAO,11,11400.71901445876,0.0995149183687436,0.7516808671545532,2.2024514860470807
SANTOS,SINGAPORE,1,9260.00091510164,0.4063596385646381,0.148486072534602,2.7447292813509296
SINGAPORE,DALRYMPLE BAY,2,6310.094969921981,0.7971062507813321,0.265792750868431,2.420114252149437
RICHARDS BAY,DALRYMPLE BAY,4,7884.801739154208,0.12110690874959507,0.6100350881315129,2.5092962448757623
SANTOS,RICHARDS BAY,4,7578.873741442746,0.9269703972441979,0.6250713107588963,4.362525477540113
QINGDAO,ROTTERDAM,4,11952.921951216791,0.49015232331077996,0.3309049631034272,2.255274982207713
SANTOS,SINGAPORE,1,9083.229181975481,0.32547454586182356,0.1685363112420898,1.9117851689229837
DALRYMPLE BAY,SINGAPORE,7,2662.2500267076266,0.21914239706296945,0.1903170435638315,1.7168419158945234
RICHARDS BAY,SINGAPORE,1,10640.911260283207,0.30558110709871145,0.09528214637638055,1.8123116555891676
SANTOS,ROTTERDAM,12,3169.175063413342,0.20136867690549798,0.6004649113952157,1.830957934699254
DALRYMPLE BAY,SINGAPORE,8,4152.951682026379,0.6132876074913306,0.08866120808360944,2.107199160184014
DALRYMPLE BAY,ROTTERDAM,10,1693.4490206472778,0.9050870333062111,0.615743145528579,3.263993173166519
RICHARDS BAY,SINGAPORE,10,6861.138856993749,0.3711466375680317,0.9455393614155355,3.3373532284677454
DALRYMPLE BAY,RICHARDS BAY,11,10691.231221803526,0.8597142142737162,0.4422577446528374,3.8884026962838525
SANTOS,RICHARDS BAY,11,2476.7126987558418,0.2874185048352005,0.8657898463226186,3.012180727508234
RICHARDS BAY,ROTTERDAM,3,4380.707341920986,0.31262740711682246,0.655587631346092,3.1538518279505707
SANTOS,NEWCASTLE,5,11487.353097641519,0.3952451031443228,0.6061323963379256,3.079540157605876
RICHARDS BAY,DALRYMPLE BAY,4,7740.09275269065,0.39990820764380397,0.9857915589252276,3.7894350981396596
QINGDAO,NEWCASTLE,7,3979.3489967853293,0.14931665040769027,0.628399562858418,2.4358240694189317
ROTTERDAM,QINGDAO,8,2007.61874326499,0.39170742681438453,0.17268561586575137,2.1381802761181716
RICHARDS BAY,SINGAPORE,7,7733.6175608873755,0.022104099720065995,0.03598571085049862,1.0310388050994332
RICHARDS BAY,NEWCASTLE,12,8529.479556786508,0.5161473415322018,0.9668259506101438,3.782112243873808
RICHARDS BAY,QINGDAO,12,11055.902871624481,0.3040717187519454,0.8461574758483994,3.445923557692202
ROTTERDAM,SANTOS,1,3928.4038175034857,0.042386232858316,0.4272699227998513,1.0407984441595102
SINGAPORE,NEWCASTLE,5,6813.270159680685,0.5084511700854011,0.11320851693607237,1.0866847755860767
ROTTERDAM,SINGAPORE,5,3685.4710853690026,0.8768268228395328,0.24493131235079557,2.645302683803822
NEWCASTLE,SANTOS,3,7486.057323314769,0.9130280253334802,0.3166075723616504,3.199327485990211
QINGDAO,SANTOS,11,3151.019602883091,0.12497882442661401,0.6114967442944877,2.437741576578104
SANTOS,ROTTERDAM,6,10891.760721190356,0.8962964503214064,0.524858876911572,3.6232116076757745
SINGAPORE,ROTTERDAM,3,3549.60863393577,0.4785036326888996,0.3521062160588222,2.250482276177946
RICHARDS BAY,ROTTERDAM,9,3114.3064405693963,0.9190285563392183,0.8925860707079997,4.12948565685131
SANTOS,ROTTERDAM,6,5603.211131872412,0.5590705574658124,0.333518830744159,1.8917643833995816
ROTTERDAM,SINGAPORE,12,5822.810972764097,0.44945319428588726,0.45603251224316566,3.0498697604475162
ROTTERDAM,SINGAPORE,12,8094.86760635557,0.06624647410468398,0.562437059426841,1.7506280354986385
DALRYMPLE BAY,ROTTERDAM,6,11956.623090790132,0.6673840849607608,0.5139297423912409,3.1997469941593333
RICHARDS BAY,DALRYMPLE BAY,12,7614.479596384011,0.47735649484318043,0.7626209462910666,3.1858625527748226
SANTOS,DALRYMPLE BAY,11,9575.275568809271,0.3426081425159513,0.7063390029507729,2.8189574273005547
RICHARDS BAY,SINGAPORE,11,6181.948182504276,0.9052721474353892,0.7881745256449069,4.174273206294893
DALRYMPLE BAY,RICHARDS BAY,3,5590.412872696369,0.7518792486190812,0.15696927880306155,2.20219564039078
RICHARDS BAY,DALRYMPLE BAY,7,5932.548246795111,0.6966045409179036,0.22671760340935176,2.267739824120746
DALRYMPLE BAY,QINGDAO,6,3285.005609574726,0.818551080268873,0.2610972780171562,3.1688332305842937
QINGDAO,ROTTERDAM,2,8866.75150268415,0.9771683470502623,0.3772520073162384,3.136240643712918
NEWCASTLE,QINGDAO,1,7356.995107777595,0.3628382410016284,0.3813330412376269,2.66387865265763
ROTTERDAM,SANTOS,4,8966.669939951356,0.677145650682818,0.24198927310452334,2.8114026892998316
RICHARDS BAY,DALRYMPLE BAY,12,8155.0472802763325,0.8942717039415783,0.4480084193213887,3.7881482651084726
DALRYMPLE BAY,ROTTERDAM,8,5354.167005295189,0.820576661792203,0.7015003212185768,3.6884175292104513
ROTTERDAM,DALRYMPLE BAY,9,9176.87183151524,0.7531825793010949,0.39103879549019605,3.262380529864072
RICHARDS BAY,NEWCASTLE,9,4700.070683667805,0.8452859146449596,0.3111242520093307,3.0847837066723414
DALRYMPLE BAY,NEWCASTLE,10,4401.6462503126395,0.9929366717118111,0.9369984322070727,4.282507326708968
SANTOS,DALRYMPLE BAY,7,5665.803984348259,0.05653649968633123,0.5175828440095407,1.8226081265756293
NEWCASTLE,DALRYMPLE BAY,3,9414.757298337456,0.38170347050070785,0.4369381301951787,1.6477163184316193
SANTOS,NEWCASTLE,6,8747.617240439906,0.4964071194998567,0.5668470801399786,3.2324825766468877
NEWCASTLE,RICHARDS BAY,6,7583.4837523371025,0.49987509720301393,0.10794895427725915,2.1473916173942205
NEWCASTLE,SINGAPORE,1,6718.483388687414,0.1884955042723706,0.4946224112792327,2.3182431835235393
SINGAPORE,RICHARDS BAY,5,9831.298193206154,0.2605624559899281,0.924973071500241,3.155451241538649
RICHARDS BAY,DALRYMPLE BAY,7,4867.105188845173,0.7688190125100985,0.2222276435962557,2.6950694676717846
DALRYMPLE BAY,SANTOS,6,3811.7695539860715,0.4032227427493651,0.06301860769564438,2.2759432960585304
DALRYMPLE BAY,ROTTERDAM,2,5700.742014282496,0.5467778864190459,0.6408934114321947,3.2168693617792994
QINGDAO,SANTOS,4,10583.02480181755,0.9575550963898491,0.8474937056269137,4.938075998896908
SANTOS,DALRYMPLE BAY,1,9821.744786676763,0.5062331497548033,0.17687325343187266,2.1492032155478404
QINGDAO,SINGAPORE,5,11094.567139368146,0.6483200999863272,0.8031593249315631,3.778168647786112
DALRYMPLE BAY,ROTTERDAM,10,9310.05424686902,0.8516228307693663,0.7393903346787433,3.796387358103383
NEWCASTLE,DALRYMPLE BAY,2,5353.462752245312,0.5525907983318721,0.7547175438615689,2.9582435833824117
NEWCASTLE,SANTOS,7,3886.831152876112,0.4898780892368314,0.5485682845687174,2.4567903111247604
SANTOS,NEWCASTLE,11,7498.182249439229,0.3188652277022179,0.9209709479842584,3.134421690660466
QINGDAO,NEWCASTLE,5,10893.849200524071,0.9004429908255421,0.7775255586604485,4.499597356900801
NEWCASTLE,SANTOS,7,11114.949120461984,0.8741985740996646,0.7274961533163808,4.115169183891285
SINGAPORE,QINGDAO,12,9836.668083086899,0.5200471644306524,0.08661835454126132,2.173959942068654
QINGDAO,SINGAPORE,8,9216.631422874625,0.013570088888551601,0.4275120029604318,2.3096312466394666
RICHARDS BAY,DALRYMPLE BAY,10,4920.053744190361,0.7749311779299499,0.360099630475033,3.264089165950071
SINGAPORE,ROTTERDAM,3,6180.36826302438,0.9449405883303325,0.5854549619023482,3.7469116452010067
RICHARDS BAY,NEWCASTLE,12,4952.800938706794,0.6099527786289806,0.5839543176533192,3.101921887403447
QINGDAO,RICHARDS BAY,1,11034.081945302583,0.9500392076557908,0.0024614834245593187,3.8931303465907776
QINGDAO,RICHARDS BAY,6,2309.1790139693494,0.6923310971826252,0.6206759919694284,3.2861482151381187
QINGDAO,NEWCASTLE,11,9913.273426449332,0.8824249949675781,0.9958408982739928,4.8498381872965055
DALRYMPLE BAY,SANTOS,9,6231.673696193967,0.18013798985405693,0.7447393461359687,2.5110984946669936
ROTTERDAM,SANTOS,5,5409.757349323485,0.8834253925406446,0.41556207544438517,2.6941945521181383
NEWCASTLE,SINGAPORE,2,11551.461634281924,0.6569518353212652,0.6260756173487486,3.4475778855415244
SANTOS,QINGDAO,12,5942.801304844759,0.37149898240954415,0.03496126729883442,1.6797785344839395
SANTOS,SINGAPORE,4,9059.83354920481,0.6211831264646035,0.5298775601258555,3.00450350850312
RICHARDS BAY,DALRYMPLE BAY,6,8177.050659480295,0.3142159523264475,0.17878286594669535,2.3065549675135486
DALRYMPLE BAY,SINGAPORE,8,2172.14283995616,0.12326364578576832,0.4291968621341872,1.8679882217761503
SINGAPORE,NEWCASTLE,4,6041.647727063794,0.3863116868643608,0.3418835416500199,2.1134462648444785
SINGAPORE,DALRYMPLE BAY,4,9384.29824029353,0.5731001725867135,0.09417491100775033,2.5097564276455326
SINGAPORE,QINGDAO,2,6274.138724347476,0.15897573265917297,0.15019079505790445,1.7162072500957786
SINGAPORE,DALRYMPLE BAY,3,11296.342195152156,0.9055818297552952,0.6389323959265706,4.452572369130629
DALRYMPLE BAY,SANTOS,6,4478.481893238407,0.6157328142238714,0.9053019229646232,3.067935950008227
SANTOS,SINGAPORE,12,8234.05398154821,0.5348785451541519,0.4073580290193777,2.107850322286742
SINGAPORE,NEWCASTLE,6,10881.170939824864,0.7375478825234788,0.2194431486932915,3.00501094777191
QINGDAO,SINGAPORE,9,10929.632813827164,0.7383154782815458,0.9294595176410199,4.239118396666872
QINGDAO,ROTTERDAM,9,5158.798727334586,0.0013173718800592038,0.09393821517178547,0.972047333740375
QINGDAO,NEWCASTLE,8,3690.3442605781065,0.9225374877418276,0.5663996817850598,3.429911041124174
ROTTERDAM,NEWCASTLE,2,2811.242739445151,0.3985962559968351,0.6996603559850991,2.342322576452114
ROTTERDAM,SINGAPORE,12,3044.9922833521905,0.6982622932993342,0.3716624656000017,3.2720238641146633
NEWCASTLE,RICHARDS BAY,3,7951.850214227877,0.3367714916503607,0.7037780731138085,2.6550439127958207
SINGAPORE,DALRYMPLE BAY,6,7501.2646551737225,0.7487768336204009,0.2169414566698773,2.8657757778548327
SINGAPORE,DALRYMPLE BAY,8,7907.516660663331,0.6571118331030485,0.2523176168092264,2.7751142992563294
RICHARDS BAY,QINGDAO,11,4926.67356784445,0.019879082665319237,0.1416257376588499,1.1491501773013943
DALRYMPLE BAY,ROTTERDAM,11,1999.0578742877426,0.46972286414476394,0.7870753721294209,2.7927471051371495
ROTTERDAM,NEWCASTLE,5,10065.97050410889,0.3114700507909728,0.09330730391569475,1.8677823230155388
QINGDAO,DALRYMPLE BAY,4,8234.309139787109,0.999122996171992,0.24380654846107208,2.9073872509073753
SINGAPORE,SANTOS,11,8024.399813682241,0.6714355470230783,0.7729857514279932,4.025754963901548
DALRYMPLE BAY,SINGAPORE,12,8281.245232313338,0.633286848124865,0.5524650667772937,3.552434445512649
DALRYMPLE BAY,QINGDAO,4,3531.1267128071827,0.8010699694340887,0.9643285037206298,4.120724503688786
ROTTERDAM,RICHARDS BAY,2,3721.66124805044,0.09620938386557487,0.5828791669869586,2.0815350148658998
RICHARDS BAY,DALRYMPLE BAY,7,9675.459970746602,0.7916836754396348,0.9772701315244898,4.815489801663533
DALRYMPLE BAY,RICHARDS BAY,7,1896.1005533189145,0.08695198532413306,0.02183892401687315,0.4008653149576416
SANTOS,RICHARDS BAY,9,1830.820214651177,0.8395263602558672,0.14619037938299073,2.3892601631092236
RICHARDS BAY,SINGAPORE,10,9157.799349138428,0.5276823307120317,0.665627337999162,3.1951955775885947
RICHARDS BAY,QINGDAO,12,3909.9397855828943,0.4848643835041996,0.2237665797911056,1.856851784078893
QINGDAO,DALRYMPLE BAY,10,4894.540159941125,0.4708167822838516,0.6566220460091815,2.572011253362829
ROTTERDAM,RICHARDS BAY,2,11229.592103181325,0.9820933862211272,0.7741231076902921,4.33006180906846
SANTOS,DALRYMPLE BAY,4,6989.644032764096,0.741987269043999,0.7214940741954778,4.260770312422441
NEWCASTLE,DALRYMPLE BAY,10,7080.203928465564,0.736236597043577,0.9761025078445899,4.133807571972924
QINGDAO,SANTOS,10,1973.2500847557428,0.35943475000846337,0.7116846082760352,2.874274320581934
SINGAPORE,DALRYMPLE BAY,4,11854.847872379683,0.1863526411160017,0.7615950092779024,3.0000935985323194
NEWCASTLE,RICHARDS BAY,1,10302.026701930297,0.8148083485866593,0.16253973378633635,2.743625240953355
SANTOS,DALRYMPLE BAY,11,9062.28387614543,0.652114529502332,0.7212886715850879,3.6553891092824164
RICHARDS BAY,ROTTERDAM,11,8337.847869930432,0.5983007620887452,0.10904821117158103,2.5485021381976334
DALRYMPLE BAY,NEWCASTLE,12,5172.191116557221,0.251529150599892,0.646019769494277,1.9547036015919494
ROTTERDAM,RICHARDS BAY,6,2079.466551245133,0.8267863804814273,0.11365808498470065,3.460107151639681
ROTTERDAM,SANTOS,8,2427.9224149084434,0.5767320482685504,0.7203996096439838,3.133782165964388
DALRYMPLE BAY,ROTTERDAM,5,11164.739538203514,0.22535676761480072,0.5837022785250142,2.691483472517361
NEWCASTLE,RICHARDS BAY,4,9680.754135611929,0.7006897319336088,0.1813523586003103,3.2606379590150723
QINGDAO,SINGAPORE,8,7679.913022760163,0.016762772363767664,0.19921483509393956,1.0160116670422812
RICHARDS BAY,NEWCASTLE,12,7817.3714185022955,0.916976274528907,0.1850078561592079,3.1829440191939775
QINGDAO,DALRYMPLE BAY,1,5003.486606996611,0.8779569853919893,0.22547979580003863,2.2478401597465605
DALRYMPLE BAY,SANTOS,6,11468.399734285334,0.49196202914353415,0.7450808348030031,2.7078071224911904
SINGAPORE,ROTTERDAM,4,9335.976072915013,0.5049922610185026,0.34859725664740626,2.236681709142548
ROTTERDAM,RICHARDS BAY,8,10089.584774268513,0.35818757274019697,0.4649192505462585,2.179791427444833
DALRYMPLE BAY,SANTOS,5,10738.41487951099,0.9274173118952642,0.8023402408025992,4.32537395756343
DALRYMPLE BAY,ROTTERDAM,11,7386.725850965703,0.22540448684345893,0.2045557027857562,1.9626751190327827
SANTOS,NEWCASTLE,4,8939.483372445642,0.4560206032945494,0.2994418344461037,2.780830661297933
NEWCASTLE,SANTOS,11,7561.653492792454,0.8150152921990125,0.11216400808381122,2.7481855250516967
RICHARDS BAY,ROTTERDAM,7,9521.038625143956,0.7796103942986415,0.8880812995058609,4.64830985039997
SANTOS,SINGAPORE,3,7818.51706185532,0.058005203805912564,0.6768682790089725,1.9616642873770338
NEWCASTLE,DALRYMPLE BAY,7,1559.3068724859709,0.5768827369426034,0.006609075317959956,1.3753874927177072
QINGDAO,SINGAPORE,5,9465.377480053025,0.9425617005006367,0.5210948151684298,3.152780668089366
SANTOS,ROTTERDAM,11,6540.621839820007,0.7654469831297759,0.8482105282148957,4.178643074705311
NEWCASTLE,SANTOS,8,3942.2326602428234,0.8945816628234634,0.39702842118961534,3.6353965816796414
DALRYMPLE BAY,ROTTERDAM,1,5854.5890003446475,0.3349519234335785,0.6157918102751082,2.8124930546830105
DALRYMPLE BAY,QINGDAO,6,7774.5235747155975,0.7438719778032219,0.6852680667972217,3.475721594571452
SINGAPORE,QINGDAO,3,4043.2353170296124,0.47475021743810475,0.2378210310405845,1.6346849034310367
RICHARDS BAY,SINGAPORE,7,1531.9203816500365,0.5423722883025308,0.2983029229195504,1.9136751865084909
SANTOS,QINGDAO,6,8832.808046366317,0.9231393326245212,0.4895470679395497,3.255931121967839
RICHARDS BAY,SINGAPORE,2,9707.922135121024,0.6895217048954053,0.5619031293366379,3.7458251039425328
SINGAPORE,SANTOS,5,3300.8315495183815,0.8459764431198916,0.41557027955933024,3.8562529849272384
RICHARDS BAY,NEWCASTLE,12,2452.302221545749,0.37346882743095344,0.3480461323397299,2.048068836693094
ROTTERDAM,DALRYMPLE BAY,8,4218.042696495365,0.4070802865284776,0.6136949316450189,2.677975408137261
QINGDAO,ROTTERDAM,5,6402.5321698691505,0.472921137197278,0.7705162153313778,3.1789149274413964
NEWCASTLE,ROTTERDAM,6,9998.772247351331,0.45767470857430637,0.4148106751148408,2.813916394265031
RICHARDS BAY,DALRYMPLE BAY,7,6983.649519938189,0.058328562151084284,0.7796071213096329,2.684247068395967
SINGAPORE,NEWCASTLE,3,9865.116571926457,0.4414796068083493,0.013176738342756678,2.5204539954643703
SANTOS,NEWCASTLE,2,4894.467142767197,0.7265400015621563,0.3689184177383654,2.9894339290714504
SANTOS,SINGAPORE,3,2900.910742670903,0.05517784456772401,0.9766923541996315,2.7070012885775445
NEWCASTLE,RICHARDS BAY,5,9288.499427525609,0.711733126662779,0.43223378658202005,2.9767013600491596
DALRYMPLE BAY,QINGDAO,11,7852.70537952199,0.02558153036246613,0.7226048455230962,2.5747197158246093
RICHARDS BAY,DALRYMPLE BAY,2,6478.717034641152,0.8480335050297315,0.9103985749314552,4.377354444876861
ROTTERDAM,SINGAPORE,11,7592.521484735126,0.11326817539323097,0.303748229967166,1.8779301695728432
RICHARDS BAY,NEWCASTLE,7,3301.514143274384,0.31263237257993803,0.9535812796736063,2.9252528715968906
SANTOS,ROTTERDAM,10,9755.089231234264,0.4354987989430482,0.8936522621571245,3.4985516938150947
DALRYMPLE BAY,NEWCASTLE,2,9442.452432814016,0.6698658168957007,0.8155049094622993,4.618083313191297
DALRYMPLE BAY,QINGDAO,8,10793.524874792134,0.47384464038782836,0.1779873780232063,1.876412709473982
NEWCASTLE,SINGAPORE,8,9901.850388179104,0.407615376822399,0.8223481870540525,3.7896731733483935
ROTTERDAM,SANTOS,2,5055.307195471474,0.6593480948968385,0.9799300818600778,4.497157780415051
SINGAPORE,DALRYMPLE BAY,9,9923.882937457172,0.8185712751845756,0.8796298590008821,4.710363070794069
DALRYMPLE BAY,RICHARDS BAY,3,6782.084148595035,0.6457841753035913,0.8282219839376573,3.9605635325326225
DALRYMPLE BAY,NEWCASTLE,12,8061.184299260204,0.5706183712804003,0.6255294346428657,2.4953817679281625
QINGDAO,NEWCASTLE,5,7239.231077313844,0.32519742589817713,0.7603308848068839,3.278477375781656
SINGAPORE,ROTTERDAM,2,4865.505916121188,0.6373344359770395,0.21274040984159737,2.4926859768242977
SANTOS,DALRYMPLE BAY,8,10206.166249686583,0.21968256776177664,0.6327424608644573,2.524161897835395
SINGAPORE,RICHARDS BAY,4,3998.701754994385,0.46434925167943586,0.8497445254895262,2.818913029490638
SANTOS,RICHARDS BAY,1,7068.485659821151,0.06541302684788353,0.9239049236577108,2.2281848613419695
QINGDAO,SINGAPORE,4,6657.708620889129,0.5664628913141605,0.8408047476545205,3.6846970112983612
NEWCASTLE,RICHARDS BAY,1,9849.287140936829,0.5007565935918098,0.5617634499482246,2.7947570340280685
RICHARDS BAY,DALRYMPLE BAY,8,6221.643839575107,0.3612741328478981,0.10644942619474118,1.2757875641825156
SINGAPORE,RICHARDS BAY,1,11799.40789853012,0.8359320164086644,0.2143302208112139,3.7270017516319154
QINGDAO,RICHARDS BAY,3,2741.2114020852905,0.24980527811942432,0.7412597453470313,1.575175209571964
QINGDAO,SINGAPORE,8,2637.9401446187644,0.6678407272164062,0.4007018523489062,2.508904881682662
NEWCASTLE,DALRYMPLE BAY,12,1946.693204637557,0.5624044218821825,0.22435423038109636,2.453779314723488
QINGDAO,SANTOS,12,6369.386500082966,0.03938839035481334,0.8194251498104737,1.9092103494960209
NEWCASTLE,QINGDAO,12,7728.525867571114,0.7515421693281058,0.9377667186473392,4.598788051860225
ROTTERDAM,DALRYMPLE BAY,5,8057.7984207333875,0.7805450320388616,0.2175992874580316,2.634504956492196
RICHARDS BAY,NEWCASTLE,5,4011.542690908203,0.6211578377584276,0.6751620876684642,3.2194618962860693
NEWCASTLE,SANTOS,1,6760.779420295279,0.1843408135638115,0.6468419680554339,2.6821177424130562
RICHARDS BAY,QINGDAO,9,2883.1793579763576,0.771503314693293,0.6550131816019255,3.3534962239904558
NEWCASTLE,QINGDAO,11,8591.610337131162,0.6228752490714417,0.7326892009866032,3.80728490703349
ROTTERDAM,DALRYMPLE BAY,6,11611.697756015248,0.8083485090316044,0.2943110924393203,3.4777544875100226
DALRYMPLE BAY,NEWCASTLE,11,4025.8480013845183,0.16041190728292753,0.07090436369097253,0.32981222304258095
QINGDAO,ROTTERDAM,3,6609.527618205382,0.26087793930576675,0.17039075970445883,1.500149285060504
DALRYMPLE BAY,SINGAPORE,2,4844.475922120267,0.7508637014382885,0.0669862511685263,1.8175277378248542
QINGDAO,NEWCASTLE,9,11753.083382343237,0.8085493580191582,0.1237682008191836,2.9388721041752994
DALRYMPLE BAY,ROTTERDAM,12,3134.835574111724,0.7771033854090867,0.40525925426315823,2.3966954335647244
SINGAPORE,DALRYMPLE BAY,9,2648.2388187375154,0.19622029848486577,0.07857536724937997,0.9557817970743596
QINGDAO,ROTTERDAM,3,8559.252694280685,0.3987652304398289,0.8354791538003123,3.218400025551849
SANTOS,ROTTERDAM,5,5866.246293960115,0.5430733977784997,0.7337000277982368,3.4411775324494998
NEWCASTLE,QINGDAO,8,4932.761434087423,0.07628151339283551,0.9258024620299178,2.2549942685220286
DALRYMPLE BAY,QINGDAO,6,8669.051228081562,0.003914905809406677,0.5656746116660285,1.482213157200707
NEWCASTLE,SINGAPORE,11,7520.497780010035,0.20918510972003623,0.9791274396872415,2.972656783163385
SINGAPORE,SANTOS,2,6341.8305833603845,0.2801035511544888,0.16178361304365152,1.2879590887548318
ROTTERDAM,NEWCASTLE,5,1555.6067390077717,0.3079403858870764,0.6693765926140859,2.185271848967948
SINGAPORE,DALRYMPLE BAY,1,10921.925144997464,0.8080653559253039,0.5670642453943905,3.471433629666645
RICHARDS BAY,NEWCASTLE,12,4934.127902017865,0.7388710598134054,0.33002975263744827,3.084473187331248
QINGDAO,DALRYMPLE BAY,1,2610.5975506120867,0.5801799098693466,0.22339518833992555,2.5805380770107527
NEWCASTLE,QINGDAO,4,10466.185962062253,0.554494232368132,0.21510883126161517,2.5464123987056055
DALRYMPLE BAY,QINGDAO,8,5552.615220200167,0.16480522045456747,0.6870161387127679,2.224547326331341
ROTTERDAM,SINGAPORE,5,3034.1411768349312,0.9461510281666101,0.7174466968694084,4.160166407258315
NEWCASTLE,ROTTERDAM,10,4970.410950308069,0.00956294222831433,0.6600607021214705,2.4255295499146694
NEWCASTLE,RICHARDS BAY,5,10744.325863318352,0.72181379944403,0.03602815490289557,2.5309201939378
NEWCASTLE,RICHARDS BAY,8,5506.231792755387,0.3499232224363732,0.5049078164394036,2.0219589885813574
QINGDAO,SINGAPORE,9,4293.845496561035,0.9065127688022294,0.34421289780276565,3.050095747969076
ROTTERDAM,QINGDAO,7,10809.464880593716,0.11488409066885352,0.20988351890545454,0.9746219251635071
RICHARDS BAY,DALRYMPLE BAY,6,8574.894747403287,0.561041104651366,0.7761199524984544,3.7459238383208797
QINGDAO,SINGAPORE,2,3391.935904079003,0.2230507821396488,0.40176207259025354,1.5975954906923395
SINGAPORE,QINGDAO,4,9907.144455211414,0.11048622811819742,0.3011031806581871,2.356008972102996
SINGAPORE,QINGDAO,7,2742.140844988442,0.6080533499121532,0.3520111828941702,2.5914211584339246
NEWCASTLE,DALRYMPLE BAY,5,4631.388214333033,0.6727820215628657,0.7179739212327281,3.3558707883946757
ROTTERDAM,DALRYMPLE BAY,6,11960.164906741562,0.17641460449583923,0.7960994590417848,2.7658087235718627
ROTTERDAM,DALRYMPLE BAY,2,7818.355269615907,0.9981488091589312,0.37475461323525905,3.2896162487594176
ROTTERDAM,QINGDAO,7,2424.1290606802845,0.6230402827640222,0.42569894895038185,2.603209609630707
NEWCASTLE,SINGAPORE,10,6847.824136310098,0.28575445209854233,0.9536012779381571,3.463277474541059
SANTOS,SINGAPORE,8,1866.9887558147896,0.5888570705608768,0.9331876418681869,4.067432604110544
SANTOS,DALRYMPLE BAY,10,3760.2118763409135,0.5534867619645172,0.3546432771179143,1.7572245324475826
ROTTERDAM,RICHARDS BAY,11,8648.546709882157,0.5752563540375724,0.866804746823225,3.259155798956316
RICHARDS BAY,ROTTERDAM,11,7928.991838019347,0.9187403853145995,0.564953930562639,4.413059919128866
ROTTERDAM,SINGAPORE,9,11493.551488976405,0.2754618478649913,0.7518524426622003,3.058704214760587
QINGDAO,SINGAPORE,7,6345.9412681019685,0.07652640970206159,0.21409620581535505,0.5342708155384519
RICHARDS BAY,SINGAPORE,7,2940.367554642077,0.797601295557767,0.532959625125667,3.194297819286732
ROTTERDAM,NEWCASTLE,1,1871.9708152969965,0.34936810509535676,0.6885380961614872,2.7131839120383043
DALRYMPLE BAY,SINGAPORE,8,5953.0357414633345,0.23908681793521014,0.5202980893324648,1.6350166101987185
SANTOS,SINGAPORE,7,1832.8607944601883,0.6107172404696143,0.7503152934975034,2.7528303289068803
ROTTERDAM,DALRYMPLE BAY,3,4668.8350372975265,0.741180781879376,0.03799017757764245,2.5486842615687446
ROTTERDAM,RICHARDS BAY,7,2906.6620090979045,0.8817262080096606,0.7545901678308551,3.902665612769053
SINGAPORE,SANTOS,2,5810.755606278311,0.34556945399778305,0.003923786200879853,1.5812524085293567
SINGAPORE,ROTTERDAM,8,3278.1878665178347,0.6182111256651116,0.7575968944487361,4.068949938901565
SANTOS,QINGDAO,3,8638.757948344306,0.7731868546759277,0.9675312003214016,4.077109066402282
NEWCASTLE,ROTTERDAM,10,8783.83555424401,0.977939777674916,0.24343198894074403,3.7646493538372465
QINGDAO,RICHARDS BAY,3,3233.7779472325533,0.8101976212539794,0.015445155437674774,1.3270959486310345
QINGDAO,RICHARDS BAY,1,9918.65501707668,0.1257072038064413,0.28078748415970567,1.3244083617413502
RICHARDS BAY,SINGAPORE,11,6102.333906258744,0.7876731278415507,0.8843589389432764,4.021979646423025
QINGDAO,SINGAPORE,2,11058.808776351136,0.9353072073593923,0.3030282177037976,3.924236934306027
SINGAPORE,DALRYMPLE BAY,7,1511.978149533025,0.976791677203179,0.41398341745050315,3.4788930587836027
ROTTERDAM,SINGAPORE,2,10187.306459445555,0.48337717634640254,0.6724742936467212,4.244472996200304
ROTTERDAM,DALRYMPLE BAY,4,4885.434540578133,0.6614787426125196,0.9257929886612333,4.858426447492634
QINGDAO,RICHARDS BAY,9,10292.389440375602,0.7986493124444201,0.3458430447561033,2.982558603331331
DALRYMPLE BAY,SANTOS,8,7900.8759410111425,0.07712943329417465,0.17985165343674625,1.0418527105973618
NEWCASTLE,QINGDAO,10,6720.539518929931,0.5387891305470927,0.46895814026791616,2.68535032341468
NEWCASTLE,QINGDAO,4,11931.751270529821,0.3858125558241988,0.5106972077540088,2.8355971609079442
ROTTERDAM,DALRYMPLE BAY,6,9058.848188948878,0.9586566916295705,0.0028313399537372996,3.052050874615906
QINGDAO,SINGAPORE,3,7598.776195242813,0.3949934589171552,0.019510265335404342,1.4617194003617362
DALRYMPLE BAY,RICHARDS BAY,1,11994.514947302336,0.3321144411656285,0.4802221480611898,2.3102405114426743
SINGAPORE,ROTTERDAM,11,8711.578415605109,0.04502427543041465,0.7169449061792978,2.3689107506725904
ROTTERDAM,QINGDAO,6,11874.26006973732,0.7365117333594722,0.8072929575138921,3.7857976173109344
DALRYMPLE BAY,SANTOS,1,4914.217325437557,0.9729987631744599,0.0931066421281248,2.9162384453803263
RICHARDS BAY,NEWCASTLE,9,9601.542863053231,0.318957496788679,0.5169628705958457,2.8963790367173265
DALRYMPLE BAY,NEWCASTLE,5,2660.2498230074652,0.799603183658746,0.3375056313950089,2.4109579803875474
NEWCASTLE,QINGDAO,2,10711.308571051426,0.9483303075574022,0.6952558530293419,4.392903743570816
RICHARDS BAY,DALRYMPLE BAY,1,4784.901623854231,0.1913247758328236,0.9924082488344622,2.5234225193340234
ROTTERDAM,RICHARDS BAY,6,11661.774525925499,0.9012167296093352,0.7594513422601925,3.897402702427935
QINGDAO,DALRYMPLE BAY,2,11698.902007448509,0.6535913715875568,0.09650048291379276,3.268207746314019
ROTTERDAM,SANTOS,3,11480.961669858098,0.09992304463514046,0.6648115470741713,2.2895320849365324
DALRYMPLE BAY,SANTOS,12,1835.8445346872393,0.4273103785190441,0.2882653535049121,2.2004276717673377
NEWCASTLE,ROTTERDAM,2,11515.333358253012,0.10076470716922103,0.3470175468825175,1.8358335213620154
QINGDAO,NEWCASTLE,2,3411.805309982889,0.0523140279289096,0.49085183890682627,1.6028755960004768
QINGDAO,NEWCASTLE,10,1506.808023205783,0.568024241338772,0.16666012956693788,1.942762855683192
DALRYMPLE BAY,QINGDAO,7,11494.587514316188,0.05915912409208668,0.8159876678426242,1.9695411079230594
RICHARDS BAY,ROTTERDAM,9,2415.8983038385745,0.6179952950406163,0.6208969013905683,2.296619111452057
SANTOS,SINGAPORE,3,6718.182886433082,0.07794226228138745,0.9555618904688526,2.5518113206571704
RICHARDS BAY,DALRYMPLE BAY,9,3102.99552310154,0.40460567402604186,0.6450612298137465,2.6582868202007806
RICHARDS BAY,SINGAPORE,10,4090.7363163130926,0.7643565566803482,0.5697099061679207,2.8449900040974487
QINGDAO,SINGAPORE,11,9052.190304923184,0.651100016701223,0.28148344932213887,3.4671295036182657
QINGDAO,NEWCASTLE,6,3970.2294322328958,0.05288833198659171,0.6160108919889606,1.781002581886084
SANTOS,ROTTERDAM,7,8078.742005513031,0.46860494380007456,0.877370605949072,3.033517782084849
QINGDAO,NEWCASTLE,4,4252.813908077878,0.15397667904887735,0.7235715638162128,2.1424663162057533
SINGAPORE,NEWCASTLE,12,2633.1384467450453,0.5980551753640352,0.4818472358468181,3.212041639646761
DALRYMPLE BAY,ROTTERDAM,10,2377.971773463933,0.10175125132087781,0.9594303187635166,2.366181419407655
QINGDAO,NEWCASTLE,5,6119.874610677737,0.7183819195727064,0.2274543147531337,2.693172654726989
RICHARDS BAY,NEWCASTLE,5,3400.662166145395,0.73958032506574,0.9479674243626378,3.7986366005832113
DALRYMPLE BAY,QINGDAO,12,8071.156822731495,0.4970556926136773,0.917636254370219,3.3587808317614485
SANTOS,DALRYMPLE BAY,9,4692.470110977997,0.5187886542957384,0.07611948671376045,1.4750073954362257
QINGDAO,ROTTERDAM,10,8157.068041873435,0.4646260242233954,0.33160136738801504,2.520961278501564
RICHARDS BAY,DALRYMPLE BAY,7,5948.059612359919,0.9605520437314566,0.8957249965310168,5.169193654949951
RICHARDS BAY,NEWCASTLE,3,7751.660578105409,0.36991654835907206,0.34743832557035315,2.5206385766774937
SANTOS,SINGAPORE,7,6006.363672151651,0.4544609061484737,0.32025112844434855,1.9331789864082085
SINGAPORE,ROTTERDAM,2,2160.614785847541,0.20830662499744212,0.700575461161567,2.055392126920875
ROTTERDAM,QINGDAO,9,8294.943553521842,0.2897131876148469,0.25010010172791797,1.3435087897181355
SINGAPORE,RICHARDS BAY,4,5630.91053151683,0.08093490394342173,0.404065214453321,2.129203320385164
SINGAPORE,SANTOS,6,4171.7256573557515,0.15194752549520008,0.6962286739436482,2.8149687906087975
RICHARDS BAY,DALRYMPLE BAY,10,11226.73518355756,0.02336258960713422,0.412098217708192,1.3567001923771218
SANTOS,QINGDAO,9,1807.1296206525149,0.18803970651757562,0.6168737542309264,2.4510110415301165
DALRYMPLE BAY,RICHARDS BAY,6,1783.2250946061065,0.8639692530521021,0.3379484153861816,3.1552985743341084
NEWCASTLE,QINGDAO,4,11409.721162113603,0.5508930191635677,0.36577201899192346,2.5413693623994265
QINGDAO,DALRYMPLE BAY,2,3592.4646116665813,0.24774260390757807,0.11108564926160291,1.5089508598909658
RICHARDS BAY,ROTTERDAM,1,4166.95155651447,0.8870938238883462,0.9081228185288022,3.5359251715003372
NEWCASTLE,DALRYMPLE BAY,2,2399.0239685324573,0.07369721203144775,0.6061496346662488,1.5393077414407965
NEWCASTLE,SINGAPORE,7,2214.156093359717,0.9151941577934949,0.7428021444726454,4.0023462862747445
ROTTERDAM,RICHARDS BAY,12,9264.632498429422,0.468930207071793,0.04711573079071518,2.075529185898771
NEWCASTLE,DALRYMPLE BAY,6,4393.042748359662,0.05410028705441505,0.9890471668808795,2.822285445854007
QINGDAO,SINGAPORE,4,3446.6022900809057,0.29697571662213196,0.2471535497961499,1.5339775332843586
ROTTERDAM,RICHARDS BAY,7,4885.300121493373,0.6352698632399278,5.0627027428640226e-05,1.189385047776234
DALRYMPLE BAY,SANTOS,9,8458.357387281025,0.665407116479567,0.43745482312046113,3.055388808902017
RICHARDS BAY,SANTOS,3,6051.634738042728,0.436085435766277,0.9844044712748163,3.5810009873200683
NEWCASTLE,DALRYMPLE BAY,11,3424.8954556651815,0.42560334889836404,0.9839216312683395,4.257033715318233
DALRYMPLE BAY,NEWCASTLE,2,10746.730730205523,0.8691069419867508,0.01463458294069786,2.778701784368255
SANTOS,RICHARDS BAY,5,10053.700298042515,0.17319111500726658,0.7012764745763828,3.207308341131921
RICHARDS BAY,SANTOS,5,10141.991198163676,0.806659130936897,0.08006199712078244,2.72869215489116
SINGAPORE,DALRYMPLE BAY,4,8480.0003784335,0.17481574623696672,0.8174558496046032,3.5087972226608
SANTOS,RICHARDS BAY,3,2818.5667491270247,0.14879541871509805,0.9364372389284052,2.3891210774403464
QINGDAO,SANTOS,4,6444.100282859856,0.7265759792020422,0.6760320858394464,3.0753803443321814
SANTOS,ROTTERDAM,9,4331.035460065953,0.6489468973564484,0.42925762072131857,3.030322026230564
QINGDAO,DALRYMPLE BAY,5,3497.150023887259,0.7031428523891479,0.4361287464608543,3.1298638221388075
RICHARDS BAY,ROTTERDAM,12,11542.852729257987,0.7047708679098876,0.7601479264864329,4.172910290036951
DALRYMPLE BAY,SANTOS,9,7723.820969012089,0.4131671253268977,0.33638989368603744,2.419166037662598
QINGDAO,SINGAPORE,1,7626.305197263809,0.6356840707440323,0.1452621897234352,2.8640734900164757
SANTOS,NEWCASTLE,10,9329.960514310487,0.3302323445577159,0.11170737977515854,1.6415727780292195
RICHARDS BAY,NEWCASTLE,2,1597.1137826781762,0.6216069621477621,0.040095518429485,1.5168047206804434
ROTTERDAM,SINGAPORE,1,6675.482570357107,0.27627539743199225,0.8927750135891924,2.2005074611966617
ROTTERDAM,RICHARDS BAY,12,3601.6512954888094,0.3130580019067061,0.8855934125269594,2.5410780525704277
DALRYMPLE BAY,RICHARDS BAY,7,5766.495106871417,0.2774592337705588,0.3691301735538661,1.8593116726973786
SINGAPORE,NEWCASTLE,7,4661.525109310453,0.05059098297487097,0.3496377968732406,0.8624782540606017
QINGDAO,SINGAPORE,6,5190.360086507185,0.2015828632314156,0.372506257056864,1.7136586841486054
SINGAPORE,SANTOS,11,2256.218017134131,0.2763392213362481,0.4167112704085759,1.1518519666697786
DALRYMPLE BAY,NEWCASTLE,4,10076.9643286806,0.5580005541276593,0.49049048292269126,2.8298812778099243
SINGAPORE,SANTOS,3,9478.563362099398,0.6633799879158684,0.949238768401167,4.215777099827746
QINGDAO,NEWCASTLE,6,2947.493026726156,0.9866832362991309,0.7203637027958554,4.605928365057077
NEWCASTLE,QINGDAO,5,2823.2635090311433,0.021347544877200808,0.7558934151415505,1.7343592348858745
SINGAPORE,QINGDAO,9,6333.21014914564,0.9189611574060509,0.4844171938016525,3.517993540730998
ROTTERDAM,NEWCASTLE,8,8255.66696966166,0.4510656397241962,0.10460867501667936,1.9204125376081087
QINGDAO,RICHARDS BAY,3,6500.1230429524485,0.09698696267699525,0.7159462861832028,2.6939841103350526
ROTTERDAM,QINGDAO,6,3033.0732356048534,0.059344071692626676,0.3142429780247745,1.3378218864109304
DALRYMPLE BAY,NEWCASTLE,4,5471.179897071729,0.7822562614304541,0.2142999511211381,2.1287115413965743
NEWCASTLE,ROTTERDAM,1,5329.290401322339,0.8109280142732043,0.8239030086174305,4.2585336570900845
NEWCASTLE,ROTTERDAM,8,11830.750508200723,0.5027962963912317,0.3754843749260325,1.9331242657683836
SANTOS,SINGAPORE,5,9072.433153433547,0.7935901783588653,0.9858670493444452,4.435116385017875
QINGDAO,ROTTERDAM,9,6181.6599001321165,0.793923498347001,0.2825647953343958,3.154169116269843
RICHARDS BAY,SINGAPORE,12,9537.736411441256,0.12074233720784622,0.6118689191713708,2.8407103003098957
ROTTERDAM,RICHARDS BAY,11,3201.38470266283,0.8141313223715929,0.06147564434405195,1.7685986848401458
NEWCASTLE,SINGAPORE,1,7522.726753249316,0.15547461055460587,0.8087047494299412,2.909953039956508
SINGAPORE,RICHARDS BAY,11,5698.1014250829385,0.10833629601362293,0.9846680927625059,2.12159212988346
SANTOS,QINGDAO,12,3802.4604872869645,0.47823809793893135,0.22943110567610459,1.369856942710685
SANTOS,SINGAPORE,7,4204.70543898449,0.01436520708330058,0.7547909499110205,1.7000907669752645
SANTOS,NEWCASTLE,2,6900.1036522618215,0.9017224548934856,0.054243666952088376,2.7450026159958156
QINGDAO,SINGAPORE,11,4883.848993487262,0.05174202339100509,0.08322093448254864,0.22419147028514863
ROTTERDAM,SINGAPORE,2,11802.667925543677,0.03036816110574947,0.7249672446196165,3.491008657046126
NEWCASTLE,RICHARDS BAY,9,4570.742329834162,0.22431978207726977,0.5125443927046205,1.1821010772523137
SANTOS,NEWCASTLE,8,3995.5043566444615,0.12813791300863586,0.1125129546723529,1.08239872682771
ROTTERDAM,QINGDAO,1,10480.962100353441,0.3675873958503002,0.34296588297495967,2.9751689726332
ROTTERDAM,RICHARDS BAY,9,8036.892158874802,0.7792782297197487,0.6965392849047252,3.2338076396891466
DALRYMPLE BAY,SANTOS,9,4252.674769139881,0.5418228220000308,0.11133238841085491,1.7456700178693938
RICHARDS BAY,SINGAPORE,10,5702.864731516458,0.9807481225906534,0.8086943602172022,4.347449044437884
SANTOS,QINGDAO,6,8533.682727177385,0.6408897156596528,0.35709916413355336,2.3498015727635226
NEWCASTLE,QINGDAO,9,10040.970940506137,0.49076337453487895,0.08774731165304417,1.963606207008854
NEWCASTLE,QINGDAO,6,2419.510711141912,0.983674629066707,0.24466187024414532,2.894621588243126
SANTOS,RICHARDS BAY,3,7047.464912521151,0.9547950274403274,0.910897837268964,4.89233321195195
SANTOS,SINGAPORE,10,5558.068381441348,0.8862104055106454,0.3781577956321234,3.0673355732597
NEWCASTLE,DALRYMPLE BAY,1,6855.105884564956,0.7244324353025886,0.15851909520714969,2.8035213785906095
QINGDAO,NEWCASTLE,6,3354.503132208812,0.19539636433865037,0.785506399766325,2.8561507360984786
DALRYMPLE BAY,SANTOS,12,5974.3807221308325,0.3370473781484389,0.4655385659895781,2.4677757267199776
ROTTERDAM,DALRYMPLE BAY,6,7230.241104563231,0.11067003104038386,0.1535271230427352,1.1399992716793665
ROTTERDAM,QINGDAO,2,5636.030531246402,0.1576124705097246,0.80880897927029,2.4493652449321113
RICHARDS BAY,SANTOS,10,2591.116152926424,0.5316813156503174,0.6536828601464468,4.180381351446676
ROTTERDAM,DALRYMPLE BAY,12,10079.879681269636,0.7256322903000096,0.6460792421452668,3.6033187341634365
NEWCASTLE,DALRYMPLE BAY,2,11467.66123628548,0.6466689761012863,0.5556462834133568,2.9144969325207057
SANTOS,RICHARDS BAY,3,4153.780515165684,0.5257431304011215,0.4616968857452247,3.4286367208682127
SANTOS,RICHARDS BAY,1,11216.027572060724,0.9920122516586692,0.12702076232250803,3.2934175347077086
RICHARDS BAY,DALRYMPLE BAY,5,3010.9106708865233,0.4919245253229946,0.8957741633213641,3.1857767683717952
DALRYMPLE BAY,ROTTERDAM,8,10527.012925352752,0.0027936265412819017,0.15996467764772404,1.3975196133950836
RICHARDS BAY,NEWCASTLE,3,8268.061669958413,0.5591467410776473,0.4308380824599254,3.114352072485396
QINGDAO,ROTTERDAM,6,6015.36248595721,0.4909659850294138,0.45207791215603976,2.908390487718913
DALRYMPLE BAY,NEWCASTLE,4,2013.4571307943852,0.6589986997482541,0.3615142615058172,2.1748392279152906
RICHARDS BAY,ROTTERDAM,12,8322.985985265017,0.8751290554711104,0.16005319927114237,2.6841943064353804
DALRYMPLE BAY,SINGAPORE,5,8981.59254751338,0.013736889118711404,0.7625592251228497,2.0706879136334226
SANTOS,ROTTERDAM,10,10595.363731214293,0.48547693027849725,0.5074421679483215,3.080342092576721
SINGAPORE,SANTOS,10,8395.483988323627,0.8142183311115826,0.16433582694414128,2.76093862228352
ROTTERDAM,SINGAPORE,10,7186.988317173606,0.05327627788716338,0.6250867496839783,2.2695002473680934
SANTOS,SINGAPORE,10,9944.725606214099,0.8879859306942076,0.08947994062362463,2.567853834380046
NEWCASTLE,QINGDAO,7,2115.1222366426205,0.6437161698960808,0.945083153589398,3.91292700494966
SANTOS,SINGAPORE,12,2126.806558905897,0.307229882789968,0.6156834804027174,2.7797828909822435
RICHARDS BAY,ROTTERDAM,7,4242.028578498522,0.6864288469288122,0.895701391159704,3.0856210275909657
ROTTERDAM,SANTOS,9,2289.9605790618934,0.7684864802628129,0.7936275392732756,2.9916486740299404
QINGDAO,RICHARDS BAY,1,7080.934154220077,0.8605664108328479,0.2679037395805204,3.5743191506567893
RICHARDS BAY,NEWCASTLE,3,5416.068255150914,0.44091205449614246,0.7684005326733794,3.0673011606824905
SANTOS,RICHARDS BAY,1,2689.2046222695417,0.164655265191898,0.6899377909810886,1.849255439263775
RICHARDS BAY,DALRYMPLE BAY,9,3023.5578702577454,0.1532982379356882,0.8956066707112827,3.176511734855788
QINGDAO,RICHARDS BAY,8,9757.281082469211,0.571693263542767,0.8510465393314273,3.215768347005351
ROTTERDAM,DALRYMPLE BAY,8,10380.12112757397,0.9115961356134713,0.3821417210453065,3.1242960669945834
DALRYMPLE BAY,RICHARDS BAY,12,10406.647065268018,0.6323659139264902,0.14228175087155004,2.6258382824462876
SANTOS,DALRYMPLE BAY,9,4779.245449687405,0.8857595921605502,0.5986303681809407,2.606066225308836
RICHARDS BAY,QINGDAO,7,9488.3664612556,0.9688245135866038,0.8922268367082375,4.401476741325703
ROTTERDAM,NEWCASTLE,1,11472.720513264492,0.824976107766212,0.20490621571138046,3.2011047672312785
DALRYMPLE BAY,QINGDAO,2,6380.68474605141,0.5673235905344871,0.7229546435104984,3.025031762393588
NEWCASTLE,QINGDAO,11,11429.750982296453,0.7552864064591722,0.20110433446335396,3.1416919769602667
SINGAPORE,QINGDAO,12,6834.114030219425,0.19144221939347605,0.7975747540940085,2.2666781421798023
DALRYMPLE BAY,SINGAPORE,10,8047.678576196262,0.8310851985744055,0.02151955792381921,2.4045068172512
DALRYMPLE BAY,QINGDAO,8,1874.007561771459,0.04558871253671082,0.7988364099051478,2.7967630824098775
SANTOS,DALRYMPLE BAY,12,1989.5921185147997,0.5609487008588433,0.5417978670954396,2.126277256636971
NEWCASTLE,RICHARDS BAY,2,9214.728204339126,0.4544164101662782,0.795218930579716,3.338996144219676
DALRYMPLE BAY,SINGAPORE,11,5545.5422781208545,0.016789545293107166,0.5100217929712108,1.8984576186247577
DALRYMPLE BAY,QINGDAO,3,10195.068459457383,0.925431461868108,0.40333575421646384,3.994485748449262
NEWCASTLE,SANTOS,3,4570.499720682576,0.2961579662203433,0.32581994805540704,1.972436572297333
DALRYMPLE BAY,SANTOS,1,4424.673297404204,0.4083901679845867,0.5477872792823836,2.1388045969534266
SINGAPORE,NEWCASTLE,5,5942.656867767661,0.9363882543140165,0.8919043909600172,4.354407254129192
ROTTERDAM,RICHARDS BAY,9,2473.0108213941307,0.9198411261756897,0.7188739681446799,4.085579497135703
ROTTERDAM,RICHARDS BAY,7,11665.319042447927,0.28107739594763237,0.6505581823273245,2.3333748679581237
DALRYMPLE BAY,RICHARDS BAY,11,1533.1603051450463,0.4372352196054431,0.5841987241196327,2.349374130070658
DALRYMPLE BAY,QINGDAO,7,5904.623231182219,0.0429185918029964,0.9639147656713813,2.9734238071531123
NEWCASTLE,SANTOS,12,4546.751653887351,0.9482711167461528,0.330387119618589,3.4750728287399353
QINGDAO,SINGAPORE,11,2584.7216722529774,0.2669474449564988,0.9209234986945555,3.0135207559797914
DALRYMPLE BAY,NEWCASTLE,11,2023.200377054487,0.5297776977774984,0.06347302582946257,1.9365924684588465
ROTTERDAM,QINGDAO,9,10673.051867516597,0.08110912904741241,0.6288291915777666,1.837798662133237
SINGAPORE,QINGDAO,12,11681.187484133638,0.5836364610945396,0.79618207474235,3.704332012523546
DALRYMPLE BAY,RICHARDS BAY,8,3915.7231870418404,0.7321281868747055,0.1497119775945398,1.8507606254472786
SINGAPORE,NEWCASTLE,5,5271.564524625387,0.6070198057045824,0.7438482997188635,2.6603649777347065
SINGAPORE,DALRYMPLE BAY,11,7287.332356817198,0.5486735897540134,0.3265114621752283,2.656136437077657
SINGAPORE,ROTTERDAM,7,4276.904849796491,0.30427179645744185,0.1570233087088193,1.7956175125546012
SINGAPORE,DALRYMPLE BAY,1,2225.620256688682,0.6541001382797029,0.1529711709697238,1.7699113788962582
DALRYMPLE BAY,QINGDAO,11,9149.182304853859,0.7757103632666991,0.7918153276458105,4.047280531076515
RICHARDS BAY,QINGDAO,1,2368.3574773521627,0.4336784869242679,0.7734776562453295,2.795526712600291
NEWCASTLE,RICHARDS BAY,4,5728.177227361289,0.5456680874391777,0.9407600789466919,3.55134474635076
RICHARDS BAY,NEWCASTLE,10,2233.0570302017672,0.7115052413891659,0.5183421704228265,3.175242084604968
SANTOS,ROTTERDAM,2,8381.89641942298,0.8196720888220118,0.3181783407362515,3.3335344105355076
NEWCASTLE,SANTOS,3,11941.484682626808,0.2025662028991594,0.6948214362367935,2.4643523377948946
DALRYMPLE BAY,QINGDAO,9,8018.430630558175,0.31850357062743295,0.11858091881908583,1.0752632280161234
QINGDAO,ROTTERDAM,1,9296.756155405752,0.010410252541492748,0.4702962327601784,2.3828111226134436
NEWCASTLE,DALRYMPLE BAY,5,1796.8719009047188,0.05739505895543151,0.9315724469297185,2.857292801790595
DALRYMPLE BAY,SANTOS,8,5270.116460886081,0.5289880917707172,0.6275421881553053,2.7606880761500454
RICHARDS BAY,SINGAPORE,6,5685.5070487280245,0.2756713184663234,0.025831926791167636,1.1665604229611044
SINGAPORE,DALRYMPLE BAY,11,4830.126679065008,0.9595545938754595,0.8649341721203545,3.873422433026193
DALRYMPLE BAY,NEWCASTLE,11,6823.977329311654,0.8904673071537378,0.720547879189317,4.41623685604701
QINGDAO,NEWCASTLE,12,2593.5429321980932,0.27199285494687864,0.547013120681191,2.4407289529380005
DALRYMPLE BAY,QINGDAO,5,4886.677074485764,0.21967863117921138,0.8401287361857906,2.8844727047398453
SANTOS,RICHARDS BAY,10,7467.336251213735,0.3751743939380624,0.22904976152019574,2.0907139561282175
QINGDAO,SANTOS,6,3029.225675296713,0.0013181117499577732,0.2704393140699658,1.2349882659093847
NEWCASTLE,SANTOS,3,10736.544347737696,0.9459993446956352,0.04103351575265879,3.4712086404079936
RICHARDS BAY,SANTOS,11,1715.8313314828736,0.6025468129491236,0.2755761939802671,2.858669630089583
NEWCASTLE,ROTTERDAM,8,11220.972652700984,0.7939224015235666,0.736717031502554,3.690871128726484
NEWCASTLE,QINGDAO,10,3077.7324739063606,0.04699217272735212,0.7408556868660656,2.3501431392254797
SANTOS,ROTTERDAM,8,1798.3234013072906,0.5792642345702999,0.9024302050410231,3.4412048138968605
SANTOS,QINGDAO,11,9517.2252902008,0.49104645755984544,0.24521393839977312,2.4306179723953685
RICHARDS BAY,DALRYMPLE BAY,12,9228.7775220283,0.9559364221216793,0.005794019803126438,3.1924702444179447
NEWCASTLE,QINGDAO,10,1994.2616078392307,0.5438511121894881,0.5624643315425171,2.7565230627140833
SINGAPORE,DALRYMPLE BAY,2,1716.7237115560467,0.580871160223449,0.3159298516629212,2.1578773553820025
SANTOS,DALRYMPLE BAY,4,10282.46074075849,0.49531470739002426,0.4276474924650482,2.9355904152305223
RICHARDS BAY,SANTOS,11,9912.144035601044,0.4102913014701073,0.34674008664141776,2.66307536755707
RICHARDS BAY,SINGAPORE,1,11457.317869186882,0.06059424432054006,0.2708715183109395,1.2446669171637237
RICHARDS BAY,SINGAPORE,12,4126.120998717332,0.9562139778788705,0.23137460379401875,2.9824679475166915
NEWCASTLE,QINGDAO,10,3732.1747769906347,0.962857314841953,0.29548363864760685,3.0941075604491926
NEWCASTLE,RICHARDS BAY,1,7379.943503006781,0.6066274080727636,0.40195592040195993,3.4425335125211665
RICHARDS BAY,QINGDAO,1,7212.369569153055,0.2520614330091897,0.5617399054845131,2.764107430166356
SANTOS,QINGDAO,4,9720.231831204448,0.10754484735838976,0.24324612903017995,1.9957490368501531
DALRYMPLE BAY,SANTOS,5,8286.573588191852,0.6487067270227045,0.24059148668401853,2.9398852845744394
ROTTERDAM,RICHARDS BAY,8,7902.688179529894,0.2674178482743774,0.5689636719505107,2.485940649911629
ROTTERDAM,NEWCASTLE,11,5734.90903340598,0.9425524342432506,0.8769380233242583,4.155447650177208
QINGDAO,ROTTERDAM,7,3035.6514248091758,0.7606918781883185,0.7144018649790849,3.297990532224038
QINGDAO,SINGAPORE,3,4695.462688841737,0.3483397836390738,0.6249773591332093,2.5212755897004366
QINGDAO,SINGAPORE,5,2912.189050983194,0.3626900012368419,0.40019929521163566,2.3133670943406615
ROTTERDAM,NEWCASTLE,1,8232.643012453433,0.09367900753897984,0.8101416455313178,2.6260423580764973
NEWCASTLE,QINGDAO,1,2904.030846503817,0.6722248948609137,0.4700868953797185,2.299957226975147
SANTOS,SINGAPORE,7,10401.033520373505,0.010755385000829953,0.6167476278346294,1.970117614874032
SINGAPORE,SANTOS,6,11976.542488077583,0.8560513560296767,0.06997241867495119,3.3187147312859473
QINGDAO,SINGAPORE,2,7348.908358275044,0.9106756511028123,0.34119468233315253,3.507669082840402
DALRYMPLE BAY,SANTOS,8,3362.8893364004593,0.11313888061485966,0.06995528235397341,0.980924331648173
QINGDAO,RICHARDS BAY,5,1869.8545091911544,0.5359723100047215,0.2520082661331764,1.4608411681037912
SANTOS,QINGDAO,10,3645.243032628485,0.07069488222336306,0.19270098738807973,1.5502845575699435
DALRYMPLE BAY,SANTOS,5,10870.5252283952,0.9581285182084599,0.7916549209601059,4.279794376361145
QINGDAO,DALRYMPLE BAY,3,3556.834915590089,0.1444366621953218,0.9594144056003471,2.924204228106395
RICHARDS BAY,SANTOS,3,6879.601979434094,0.33250966084452427,0.4325192680146577,2.396399549202736
QINGDAO,DALRYMPLE BAY,2,9216.858663653953,0.591879398987689,0.3856221070728476,2.8918407773146284
QINGDAO,RICHARDS BAY,2,9254.230287185908,0.21251499101320048,0.22315804771616843,2.270869730115824
SANTOS,RICHARDS BAY,6,5636.372253693438,0.26578621192923446,0.7099426136830395,2.0595079043061957
SANTOS,SINGAPORE,7,11249.838678846503,0.4215955686177445,0.4269684534188126,2.5479859388900366
SANTOS,QINGDAO,6,4434.393815049061,0.005737690303365683,0.019460639298323645,1.1423564852481722
NEWCASTLE,RICHARDS BAY,9,6509.513064379299,0.774631897458691,0.9657783875926372,4.543664838625717
SANTOS,RICHARDS BAY,2,10338.78199945521,0.7212062490727114,0.9533666281947981,3.954759544993957
QINGDAO,SANTOS,9,6642.600285061835,0.5627801909689245,0.22330706470148998,2.979626455723309
RICHARDS BAY,QINGDAO,2,8781.628875702414,0.21494516272075626,0.9616834358893142,3.9188004055536405
QINGDAO,SINGAPORE,10,3208.6019637354993,0.9330478604760809,0.9905927389552103,5.670813770579422
SINGAPORE,NEWCASTLE,8,10795.649766309245,0.4539746143431608,0.6348680993675447,3.2782128220237943
QINGDAO,ROTTERDAM,6,5087.567125910662,0.9461838252524052,0.2528578441476489,2.7605146619239447
DALRYMPLE BAY,QINGDAO,1,8101.8866786446215,0.5082534577351304,0.9330580798908226,3.8774728390863267
SINGAPORE,RICHARDS BAY,7,4382.2551564363475,0.5503133201738051,0.9080458655659637,3.865433414798029
SINGAPORE,ROTTERDAM,3,4652.598432193193,0.06740235006184703,0.3196627405610307,1.7057428857522827
RICHARDS BAY,NEWCASTLE,6,3821.182148960316,0.3913441331656956,0.18343111749758734,1.471951101937833
SANTOS,QINGDAO,8,8695.28823216774,0.512321730993041,0.9393395728478708,3.2097361781906946
SINGAPORE,RICHARDS BAY,10,5974.455006772886,0.7381811613564506,0.17106570614946814,2.744962387511221
SANTOS,DALRYMPLE BAY,8,6002.536217724573,0.8337911301307364,0.5794892229508141,4.255582807741162
SANTOS,RICHARDS BAY,8,3563.074440201558,0.40575192672228866,0.8487320589981576,2.7512804938998956
SINGAPORE,RICHARDS BAY,3,8687.18240464907,0.14871981159347036,0.5194003901718577,2.136108488919022
ROTTERDAM,RICHARDS BAY,6,6673.3877140080995,0.7202542106531372,0.07471993197503579,2.1812185587518624
SANTOS,SINGAPORE,6,7049.102001544987,0.47082384903565255,0.6384675274649015,3.5526028545933412
SINGAPORE,QINGDAO,9,8227.423343335588,0.08332715332917362,0.711129639736074,2.4393833264690428
NEWCASTLE,DALRYMPLE BAY,12,4548.423741857567,0.19454464199979737,0.684947529354962,2.32637610502245
RICHARDS BAY,SANTOS,8,2565.9514515194346,0.09446255016379745,0.07146856680054658,0.7685274816862804
SANTOS,QINGDAO,11,1529.3043499726803,0.3801493383195974,0.47934406046965405,2.0257040693380746
SANTOS,NEWCASTLE,2,5711.092871297057,0.9630596339250075,0.21432759405726853,2.417669317833824
QINGDAO,NEWCASTLE,3,6668.2650180516775,0.4986881464581462,0.9683715611183437,3.2961796378430286
SANTOS,NEWCASTLE,8,9413.915199232222,0.9259623628061254,0.7538351056556392,4.92804125425542
SINGAPORE,SANTOS,10,5637.592785413676,0.5936375712259545,0.3496245897850264,3.2274116494916383
SANTOS,QINGDAO,12,5865.030178365753,0.3873788684666185,0.9169061357141745,3.2963684909079505
SINGAPORE,DALRYMPLE BAY,6,6689.804168156275,0.11461027184607053,0.6469536133543663,2.3937919847539484
QINGDAO,SINGAPORE,1,3730.7111641531965,0.7243464948204557,0.8285141276008635,4.271002030122643
SANTOS,DALRYMPLE BAY,10,2433.3105662142266,0.43711858061891895,0.9905056817499768,3.84492377387528
NEWCASTLE,ROTTERDAM,8,6820.404168403406,0.9288143623370332,0.39473336710769535,3.1867275849513224
ROTTERDAM,RICHARDS BAY,4,2035.36055641608,0.8092599635047751,0.6220099206934171,3.3472591535742864
ROTTERDAM,SANTOS,8,11754.106875277581,0.874805631201768,0.10426040494565936,2.41991675083586
RICHARDS BAY,SANTOS,9,1783.8152476355085,0.27673625244208355,0.6858203228735955,3.3516467820479745
ROTTERDAM,SINGAPORE,4,2987.8799675629625,0.08193609822352321,0.637878996824556,2.609649615310178
ROTTERDAM,NEWCASTLE,8,5284.090176491296,0.8653496142399302,0.7625454707608623,4.202259700718445
DALRYMPLE BAY,QINGDAO,10,10564.984314732863,0.457016740937051,0.05957088923714593,1.7404854381536965
ROTTERDAM,RICHARDS BAY,11,10842.457366746647,0.8323876116422353,0.19934856016940372,2.843835752446564
SANTOS,SINGAPORE,3,7361.436882886678,0.6658190116583507,0.27248906152006747,3.0819816272437768
NEWCASTLE,SINGAPORE,4,8097.001592132139,0.8693633532082976,0.5405632384702634,4.024525292087143
SANTOS,RICHARDS BAY,11,2769.59145985386,0.09748283901336163,0.5350090938005817,2.2098235197327454
SANTOS,SINGAPORE,1,2335.54513407253,0.4382178664290145,0.8653721757121197,3.5111273927416145
QINGDAO,DALRYMPLE BAY,5,9182.196422500729,0.7269186844637285,0.17752102721853613,2.5953411530493087
RICHARDS BAY,DALRYMPLE BAY,3,5570.153563262348,0.45256250920857355,0.8090392416694437,2.9245080806924664
ROTTERDAM,NEWCASTLE,11,7802.670286798804,0.9605600714599187,0.68699776674738,4.292930737748514
SANTOS,ROTTERDAM,10,9420.521242032111,0.6303256601693596,0.34407159976724266,2.7312199874192724
ROTTERDAM,SINGAPORE,7,9709.185098924245,0.41904828442922093,0.38335279958595914,2.3256161981318337
DALRYMPLE BAY,SANTOS,4,6202.13960582565,0.5961820570924085,0.8336754428782402,4.195001786928869
SINGAPORE,QINGDAO,3,2094.1152384178226,0.27758761670996657,0.13684868884670076,2.0724024662372704
SINGAPORE,RICHARDS BAY,1,6781.255544607192,0.5100818762301141,0.30129683891840187,2.315304013524475
QINGDAO,ROTTERDAM,1,3409.3282071722265,0.3566219618200228,0.9659807425187686,3.3498462457493114
SANTOS,QINGDAO,6,6711.1739874226605,0.957449091641458,0.08319504799204525,2.5328295207027978
RICHARDS BAY,QINGDAO,11,10600.304838328431,0.7181275067830907,0.14240414671486024,2.75848714029663
SINGAPORE,NEWCASTLE,3,11705.207261694317,0.4005730904994095,0.7857276608097634,3.808217153867963
NEWCASTLE,RICHARDS BAY,1,11665.744622027167,0.716069043844747,0.8126066279358483,3.789517600634282
NEWCASTLE,DALRYMPLE BAY,2,1825.0959981449028,0.0386815934960667,0.4466383645234687,1.8905283926481564
ROTTERDAM,DALRYMPLE BAY,7,10241.703672134345,0.636496119677168,0.13980581365953482,3.076192318030636
DALRYMPLE BAY,NEWCASTLE,12,3856.279698631827,0.3921569106394216,0.29639808145102786,1.8401582189416708
SINGAPORE,DALRYMPLE BAY,2,10152.78867594487,0.30651200180303506,0.3092233698888558,2.352153090698567
DALRYMPLE BAY,NEWCASTLE,6,1824.5346699588918,0.15880062013033347,0.7662898086856959,2.211186328264392
SINGAPORE,SANTOS,5,3979.8627646706045,0.6718455818431287,0.7799310541806278,3.5557540085545116
DALRYMPLE BAY,SINGAPORE,10,1655.1999508219144,0.7184847314356495,0.07945097023118519,1.54339108700362
ROTTERDAM,RICHARDS BAY,9,8337.928913587513,0.6412759590068303,0.3496546400413997,2.940207176332246
NEWCASTLE,ROTTERDAM,8,9734.747118876454,0.7042093419104312,0.5595395407009442,3.6413949320178354
QINGDAO,SINGAPORE,7,3656.250418335095,0.8688955784016181,0.3043097704838039,2.108707436268788
SANTOS,NEWCASTLE,8,7862.164932805437,0.4601822922598777,0.4489170965425162,3.061025133720473
NEWCASTLE,QINGDAO,9,2307.7098669653287,0.9905121608804818,0.14373757716961566,2.8662111681007265
QINGDAO,NEWCASTLE,10,4270.493692883069,0.10120609027044414,0.3314599987140767,1.0572189436581005
QINGDAO,SANTOS,6,10151.694912035853,0.026819453573774465,0.8648864992094799,1.656142158809965
SANTOS,DALRYMPLE BAY,10,4313.193728275791,0.3406027198236815,0.8121675460170514,3.5326120518928277
DALRYMPLE BAY,SANTOS,7,9331.75813157244,0.7394286435511823,0.6089222722467452,3.4192860368474896
QINGDAO,ROTTERDAM,3,3679.746329787241,0.04256951918409757,0.6924546517991628,2.2618840308300063
RICHARDS BAY,SINGAPORE,11,7797.947600036693,0.8173922948410067,0.43502471563596545,2.5372511033081646
RICHARDS BAY,QINGDAO,1,2363.0030138280745,0.7813719867183654,0.34885082697389713,1.991655823290215
ROTTERDAM,SINGAPORE,9,9987.842156014416,0.4870107305178776,0.36692755740621197,2.127243999134582
RICHARDS BAY,QINGDAO,10,9219.874523412724,0.1174166294840725,0.3239074843391698,1.917131788043685
RICHARDS BAY,DALRYMPLE BAY,4,1542.6443558612789,0.020220090963587012,0.24044622573625862,0.09816661312016017
NEWCASTLE,SINGAPORE,6,3031.0952373538667,0.3772257348072394,0.9896838596675823,3.5191761631339067
RICHARDS BAY,QINGDAO,3,11626.71698806505,0.42529369789091553,0.021087306742710532,1.6991719003595334
SANTOS,DALRYMPLE BAY,8,2339.455757116797,0.3123089974307902,0.6081326622676865,1.9219486944091015
SINGAPORE,RICHARDS BAY,10,10235.791896139368,0.09843501892734252,0.23255291218085195,1.8538489974110104
QINGDAO,SANTOS,12,10985.924254729063,0.44090140719442705,0.7448519172309263,3.0563064141638705
SANTOS,RICHARDS BAY,9,5423.322061055194,0.4541075813875254,0.10187639851754826,2.72638680899643
QINGDAO,RICHARDS BAY,4,8708.35925618554,0.7932101535531324,0.10243590878299969,2.772157606510552
QINGDAO,SINGAPORE,9,2525.1813769144137,0.9370803194387888,0.9374083398400184,4.357642886980196
ROTTERDAM,RICHARDS BAY,7,10515.61680787603,0.6110667795807843,0.19583435479674471,2.3248556991165246
RICHARDS BAY,SINGAPORE,3,2550.9802659237776,0.5620072108693006,0.8271937436749931,3.710968622139594
QINGDAO,SANTOS,3,11275.720746017267,0.6348869794523638,0.8430563005782071,3.972145579168653
SINGAPORE,RICHARDS BAY,10,6961.920570561733,0.2716539218267705,0.38577380999391975,2.3046746873563033
NEWCASTLE,QINGDAO,4,10485.438914860788,0.4173686067763447,0.4419225453746177,2.704081439865673
SINGAPORE,SANTOS,3,11318.213428443276,0.5679212680617419,0.7196048904951929,2.3904668268733293
SANTOS,NEWCASTLE,12,5168.335002517833,0.8732368522346308,0.21899030419169507,3.147811327359331
NEWCASTLE,QINGDAO,1,11113.917480777192,0.32840203391386014,0.6957954198770839,3.6498596420097384
ROTTERDAM,SANTOS,2,8983.616955901725,0.11769256092193647,0.6657015368766365,2.508027221013982
NEWCASTLE,RICHARDS BAY,12,7521.297668166824,0.5085049770981446,0.9868496922020976,3.1072117322827375
SINGAPORE,DALRYMPLE BAY,7,4787.497219111203,0.39765196705467487,0.08971292401678987,1.9187067760611878
RICHARDS BAY,QINGDAO,2,4576.41866306038,0.6335690159041251,0.03125149111086578,2.342985454909806
SINGAPORE,ROTTERDAM,10,4714.184760064904,0.808887494217285,0.6658314521679224,4.183153629668609
SINGAPORE,DALRYMPLE BAY,7,10098.929347267382,0.6413622179569134,0.12539920974439245,2.7176501864252414
QINGDAO,SANTOS,7,8797.059923373756,0.84902335307941,0.8382313169345351,4.203711635414417
QINGDAO,RICHARDS BAY,5,9191.222893915896,0.30944999259312567,0.006318246536731964,1.9595222320202506
ROTTERDAM,NEWCASTLE,8,9505.073044340894,0.6110934643762647,0.41607081480232067,3.271112706856821
SANTOS,DALRYMPLE BAY,2,11057.741438232002,0.33508204608236036,0.2246929635870294,1.9566729164511123
ROTTERDAM,QINGDAO,2,1938.9438623201115,0.09514056114036795,0.005032828812111867,0.43812469894965345
SINGAPORE,SANTOS,1,2247.2065435059617,0.18214637530518296,0.3165895268691147,1.7289815593099198
QINGDAO,ROTTERDAM,10,6654.2508985873355,0.047254015809257144,0.7878073311663888,2.7153827226776075
RICHARDS BAY,QINGDAO,9,5799.821651861685,0.8884671865290465,0.5528088251993479,3.2500058742519293
ROTTERDAM,NEWCASTLE,3,10061.713312397083,0.015283610255563573,0.5873133776997324,2.0098369670681264
QINGDAO,ROTTERDAM,3,9953.62228201522,0.22775830023064736,0.736971994496366,2.248628408609946
RICHARDS BAY,NEWCASTLE,6,7616.80890528817,0.9933808668877622,0.1791521404774551,2.923766057836
NEWCASTLE,ROTTERDAM,5,5002.003664260536,0.8932486245948724,0.1420434586119319,2.5798610578139005
QINGDAO,ROTTERDAM,11,7900.2818924578305,0.8232184189140432,0.06852194020321967,1.9759745867731309
DALRYMPLE BAY,QINGDAO,7,8487.607547476759,0.3615950857646727,0.5007392442806308,2.65711585947392
DALRYMPLE BAY,NEWCASTLE,3,4438.146136163995,0.6417530811939492,0.9616234566532215,3.875166037450966
RICHARDS BAY,DALRYMPLE BAY,8,11338.389676180448,0.6695778620974299,0.017218893157644688,2.414180790726818
SINGAPORE,NEWCASTLE,12,1999.7502446443668,0.27991523243942407,0.3267486476430953,1.552020657530136
SANTOS,NEWCASTLE,4,8562.013786540745,0.36755730482872495,0.41837004754660434,2.0953727766027463
SANTOS,SINGAPORE,9,7240.517987585565,0.22800360403922315,0.890495773964752,2.900225159170342
SANTOS,NEWCASTLE,7,7755.344501950816,0.8916317814524498,0.5010980657464822,3.8437374904774413
ROTTERDAM,NEWCASTLE,5,10324.551947509768,0.09563464258992527,0.7021768561816121,2.6356016407175527
NEWCASTLE,QINGDAO,11,11185.357149235313,0.9236098348240473,0.00483489210517829,3.37362700030273
RICHARDS BAY,NEWCASTLE,7,6183.223943287511,0.9475760907554891,0.4402328263640848,3.227722284816788
SINGAPORE,ROTTERDAM,5,5038.358145228968,0.846551185976985,0.9199151742159861,4.0541811692133916
ROTTERDAM,QINGDAO,6,3859.0831899455084,0.5254508692581371,0.017479936487160064,1.282085828174548
QINGDAO,SANTOS,3,10778.877797948871,0.6820932551782672,0.8702963420696663,3.606256891620012
RICHARDS BAY,SANTOS,3,3026.516883282709,0.27310446229560315,0.014251509517366756,1.4612331191013428
ROTTERDAM,NEWCASTLE,1,4611.268522650352,0.15679769816860312,0.6955189968940562,2.3155862104716323
RICHARDS BAY,DALRYMPLE BAY,9,11934.531205236279,0.2783062014094674,0.9969061426175135,3.7245183358300946
RICHARDS BAY,SINGAPORE,3,2124.6146074689054,0.14895820972210694,0.3552234403211858,1.5793216263861107
NEWCASTLE,DALRYMPLE BAY,12,9443.01961198727,0.7569792207075243,0.9032026793072856,4.633174807495047
RICHARDS BAY,SINGAPORE,2,7946.6252642374475,0.7998809092009446,0.2748617863056988,2.98057285736063
RICHARDS BAY,SANTOS,10,5729.954108457628,0.6796166245275972,0.4333328946883943,2.9076489315836644
RICHARDS BAY,SINGAPORE,3,9106.429100637482,0.06892135157943158,0.5175749361529872,1.6319463873909026
DALRYMPLE BAY,ROTTERDAM,1,4669.420855632776,0.4442737205850066,0.8635621386302259,3.390298729625445
SINGAPORE,DALRYMPLE BAY,6,8238.31015609555,0.7027984895994934,0.7860162886189165,2.9987216965405477
SANTOS,NEWCASTLE,4,2970.9432856451144,0.9264916927181045,0.8553561561264484,4.195575542044466
RICHARDS BAY,SINGAPORE,2,2689.8138619797055,0.4002794669541091,0.005377888775621842,0.7086235945293367
SINGAPORE,QINGDAO,3,6597.394996590267,0.49982325051564513,0.33899477289320334,3.256095617203109
SINGAPORE,DALRYMPLE BAY,9,7582.50423332546,0.16004354684222755,0.6862688551777198,2.6002253525951433
ROTTERDAM,SINGAPORE,2,5855.387255653938,0.7378398210987182,0.8990498468292674,4.269011836139875
DALRYMPLE BAY,NEWCASTLE,4,10433.078982477246,0.3982439036523395,0.8224339544280378,3.031977299809153
SINGAPORE,QINGDAO,10,11855.573653431262,0.7942171367003721,0.7605914129199614,4.0025911737769935
ROTTERDAM,DALRYMPLE BAY,6,11250.19278683913,0.08233980689960785,0.9062593387060004,3.302689443833976
SINGAPORE,RICHARDS BAY,3,5347.279863889051,0.8732509359731118,0.5819371359149375,3.1975286126824733
NEWCASTLE,DALRYMPLE BAY,2,10600.629223698861,0.2608991160852637,0.9961941583429196,3.507646973966135
QINGDAO,SANTOS,12,8663.166101915001,0.21345056560408382,0.5388533049632954,2.0955875139481845
NEWCASTLE,RICHARDS BAY,1,8605.257622887568,0.7819847448421914,0.4251413806420554,3.3131282488768115
SINGAPORE,QINGDAO,1,3467.588954230628,0.48409829814216654,0.9703893596565586,3.462228031599898
NEWCASTLE,DALRYMPLE BAY,6,3021.446366016522,0.08358211523104353,0.10913723595923452,0.7557292983109845
NEWCASTLE,SINGAPORE,2,5878.5027525476635,0.5790797377649594,0.023355414497008287,1.8987486225010441
RICHARDS BAY,NEWCASTLE,5,6816.721580633249,0.13549347684699975,0.5463379497775377,2.292602054654555
NEWCASTLE,DALRYMPLE BAY,1,6300.064124250283,0.6556856984039794,0.6175212153247837,3.3295516169845607
SANTOS,SINGAPORE,7,9590.09432269132,0.9204678240979582,0.5859066401244994,3.958233879010409
SANTOS,RICHARDS BAY,6,3487.205839346708,0.4936098628119563,0.6179567944667287,3.0623368051311584
RICHARDS BAY,QINGDAO,6,8441.270458253814,0.5148888641489952,0.834127251874082,3.4814639697945036
SANTOS,NEWCASTLE,5,9471.620140277488,0.7150202346962508,0.8244796887366972,3.4818128090605565
RICHARDS BAY,ROTTERDAM,8,9592.949143448534,0.5615717142012796,0.3035547680549495,2.1131544734323153
SANTOS,RICHARDS BAY,1,4950.345510348648,0.5716651153847612,0.42292359399195223,2.57024646393907
QINGDAO,DALRYMPLE BAY,7,7560.195538766951,0.3320640542289681,0.33873125903813384,1.8680728554983947
DALRYMPLE BAY,NEWCASTLE,3,8842.253689756704,0.5489656713907635,0.7622886211225538,3.5415707194092696
ROTTERDAM,SINGAPORE,12,11968.465660728887,0.15647591528779492,0.003568723635277493,1.6232982151560704
NEWCASTLE,SANTOS,6,9176.990976671479,0.2295376549757513,0.8406720152138185,3.1932673730896637
QINGDAO,DALRYMPLE BAY,6,10382.717464868027,0.5483442856258971,0.05558696082733783,1.715351440328808
SINGAPORE,SANTOS,11,4360.079451614962,0.05073547271889456,0.41495670262089157,0.7246778022830954
SINGAPORE,SANTOS,8,7077.470320310674,0.833412008228574,0.20514216721434186,1.935901726027498
SANTOS,SINGAPORE,5,8615.783085167994,0.29696821141672347,0.6694824710171956,2.437125688298953
SINGAPORE,SANTOS,1,2836.1505555471663,0.836290180941736,0.13816173406052112,2.5826968626434
RICHARDS BAY,DALRYMPLE BAY,11,7076.56397768207,0.24906177561907428,0.7924188095360315,3.625162621343048
NEWCASTLE,QINGDAO,9,11402.293168909797,0.26347836672903346,0.7863468295099255,3.402989029967425
DALRYMPLE BAY,ROTTERDAM,2,5315.196363782205,0.8150516888452446,0.13164997767862274,2.493013334979519
QINGDAO,RICHARDS BAY,10,2723.0027676890277,0.4988337625135698,0.5319124232729915,2.8780951897996156
SINGAPORE,SANTOS,3,6832.2675190934,0.7826985098229143,0.7207451789197666,3.7802488198470106
NEWCASTLE,SINGAPORE,9,3023.761385971699,0.7551583712492418,0.2232898495793264,3.195830556302235
ROTTERDAM,DALRYMPLE BAY,4,11922.871190541242,0.7845542609961967,0.6434554343030048,4.099928125707347
RICHARDS BAY,SINGAPORE,11,11372.566398663692,0.47891689190017117,0.13723852361260258,2.7989703604719223
QINGDAO,RICHARDS BAY,7,8109.972898649689,0.38894756551638476,0.786825503955251,3.1374399773699864
ROTTERDAM,NEWCASTLE,10,4030.9229900407854,0.978799158731481,0.49958059199672167,3.7318836943765747
RICHARDS BAY,DALRYMPLE BAY,4,3939.534136220295,0.02925672144720559,0.34634493847778747,0.8594448089623955
ROTTERDAM,SANTOS,5,9354.051518047292,0.10432686019096704,0.7148374556555155,2.458710177588841
QINGDAO,SINGAPORE,8,3990.332275972059,0.4081833090048276,0.6231542825096992,3.5413068209220153
RICHARDS BAY,QINGDAO,8,2729.1203790770614,0.021430314885293344,0.5297830489215293,0.8692742669553738
SINGAPORE,RICHARDS BAY,8,3615.408754558537,0.004392713739444609,0.32152509538093055,1.1591060744204476
ROTTERDAM,DALRYMPLE BAY,7,8316.890397019353,0.32856635087445196,0.09948181948997747,1.4004357113959849
NEWCASTLE,SINGAPORE,6,2305.00786617911,0.738746314848921,0.2272344910893498,2.7939033663057824
SINGAPORE,ROTTERDAM,7,7580.1214085631555,0.457911181180915,0.45956127214283826,2.6257040558811418
SANTOS,NEWCASTLE,5,4391.750668107074,0.13658181957861848,0.03742119674997646,1.8539739417732215
SANTOS,DALRYMPLE BAY,4,4262.251670995047,0.5483909892212689,0.3994436231868651,2.4993508235039985
DALRYMPLE BAY,NEWCASTLE,9,4772.812599624357,0.20968060385365994,0.16515236221574314,1.4003453431639792
DALRYMPLE BAY,SINGAPORE,10,8098.976298660783,0.43561247946963344,0.1536572883759959,1.9524974648068774
RICHARDS BAY,QINGDAO,10,7597.484402715979,0.36746406557137945,0.9636034011382877,3.412390939769065
SANTOS,SINGAPORE,12,9145.001444993739,0.6444983717140085,0.7260928808553971,3.5084588265205863
DALRYMPLE BAY,NEWCASTLE,2,9266.440009685628,0.651377313161677,0.5210921653216274,3.039297203020896
DALRYMPLE BAY,ROTTERDAM,10,2068.0894174026553,0.8131192509329653,0.8107021727444602,4.472513641215624
QINGDAO,DALRYMPLE BAY,1,3912.815803114402,0.04206239727249772,0.7826557354502195,2.4873494116132893
SINGAPORE,NEWCASTLE,3,2472.8191283749056,0.8662610449795003,0.24511325501859726,2.836168744833745
SANTOS,DALRYMPLE BAY,6,8674.458597396026,0.4357407520184782,0.48399844573688366,2.5725401087539645
NEWCASTLE,SANTOS,1,10450.47617248935,0.4176382974445806,0.7371603748161634,3.189119553454104
RICHARDS BAY,QINGDAO,2,4685.680307002193,0.13102585274515222,0.463809538029077,2.135111848473837
ROTTERDAM,SINGAPORE,2,10446.626034293724,0.42510086514726597,0.6552856542859299,3.4618132675813755
QINGDAO,DALRYMPLE BAY,10,3375.8536873379503,0.6265010815184369,0.8657156584351113,3.2410084161174746
NEWCASTLE,SINGAPORE,6,4623.841440856139,0.33686452563411295,0.8566683550066461,2.393165830468645
SINGAPORE,SANTOS,5,9900.745576752783,0.6334319284066284,0.3805171902296016,3.4455858489416578
SINGAPORE,ROTTERDAM,1,10533.518634841554,0.7622119752553009,0.6424875463293921,2.3020827505427826
DALRYMPLE BAY,SINGAPORE,11,7177.611411589214,0.13080855749772202,0.557572180273368,2.1953628527821825
ROTTERDAM,SINGAPORE,10,2071.115797700718,0.7286317105437284,0.17842573179831767,2.0815542981656843
DALRYMPLE BAY,RICHARDS BAY,1,2496.6305882341194,0.8153512847683572,0.4580594084929953,3.472795705844406
ROTTERDAM,SANTOS,12,8652.175586827992,0.3004911018286692,0.38372787424347876,2.326901567714944
ROTTERDAM,DALRYMPLE BAY,8,6760.669167335045,0.24549566861561667,0.4745906150899969,2.3944124397962425
RICHARDS BAY,SANTOS,4,10641.055495763276,0.6817145299032963,0.666354427099329,3.5738430844347313
DALRYMPLE BAY,QINGDAO,10,11629.236389810078,0.496659924663433,0.059890713383002225,1.6974630457608801
ROTTERDAM,SINGAPORE,1,7615.506889531041,0.9815241055768463,0.9309196146458651,4.747346307317787
DALRYMPLE BAY,SANTOS,2,5048.705256556163,0.4199881609405217,0.8521768833377191,2.664319813487463
ROTTERDAM,NEWCASTLE,12,6055.634427817997,0.19516469231417843,0.9656818107569426,3.110122999000392
QINGDAO,ROTTERDAM,8,8034.030390781425,0.6752762161492667,0.2661048156277367,2.2500303335155474
RICHARDS BAY,DALRYMPLE BAY,11,9714.54344053287,0.28964874943126273,0.054083112658117494,1.2497127700432311
SANTOS,RICHARDS BAY,2,10695.075062967953,0.595921232004772,0.5148919500741098,2.6506864421071055
QINGDAO,ROTTERDAM,7,3277.199414239771,0.20770193896633393,0.23325425070783934,1.386554482559275
QINGDAO,SINGAPORE,9,1571.4345194818611,0.46899891370814817,0.10729725429430803,1.998473008634336
NEWCASTLE,DALRYMPLE BAY,10,10498.439640257813,0.5945976395753259,0.8672840811745124,2.815949527587657
NEWCASTLE,QINGDAO,1,5754.34223338793,0.1983533415237314,0.2748296441519851,1.4899159400837867
QINGDAO,DALRYMPLE BAY,4,6215.213351898764,0.03808863282998309,0.9992114520727612,2.6627311483201916
ROTTERDAM,SANTOS,7,7441.69278355122,0.4829425500257297,0.4230748270222958,2.0749729028714796
QINGDAO,NEWCASTLE,7,11500.957558020296,0.9256925306946854,0.21550084943132264,3.36358946489809
SANTOS,ROTTERDAM,9,4391.839051021072,0.8826197741144082,0.40967989274710515,3.781207489910563
ROTTERDAM,RICHARDS BAY,10,2562.9540029736536,0.0019887414501447154,0.05056624115615416,0.06615027213503522
DALRYMPLE BAY,RICHARDS BAY,7,6443.32735564187,0.1660729672868939,0.7652314005877423,2.7770871767750918
DALRYMPLE BAY,RICHARDS BAY,9,4270.410711212151,0.4464401459398376,0.24249216915561822,1.8836307488603439
RICHARDS BAY,QINGDAO,3,1537.242957177022,0.41285477253144887,0.2813221150820844,2.4139134520753864
SANTOS,RICHARDS BAY,2,5138.9913820241745,0.11314555126499592,0.4407466037885903,1.8025566432141062
RICHARDS BAY,QINGDAO,6,4681.4509047514375,0.7313865855500161,0.042141664914475796,2.2065351168725567
DALRYMPLE BAY,NEWCASTLE,9,3259.0069024467452,0.6128420461181416,0.5868282307512812,3.34099173966413
SANTOS,RICHARDS BAY,4,5839.955058552071,0.06709149292520689,0.4753761166023742,1.3449819466520356
QINGDAO,NEWCASTLE,12,8883.444536575009,0.5024352863697594,0.7700511178611423,3.478848317743883
RICHARDS BAY,SANTOS,11,8731.6606557795,0.6367532645038205,0.06366674940792472,2.3812616423259407
QINGDAO,SINGAPORE,5,1573.361832600032,0.6100058998370137,0.24166859715793232,2.8039456727834673
QINGDAO,DALRYMPLE BAY,4,6287.251435985021,0.8025261028081837,0.3179026885070444,2.926875350764648
ROTTERDAM,SANTOS,4,1754.420423371425,0.73590781336997,0.6165972893465903,2.743091114091039
QINGDAO,RICHARDS BAY,12,11521.667615334449,0.3398590734929948,0.2809159761051555,2.2090725067238646
RICHARDS BAY,SANTOS,3,8181.962607463644,0.6415830246292383,0.3718863833906445,3.094483528391617
SINGAPORE,ROTTERDAM,3,5843.779080086586,0.6422969033424438,0.12096930976784204,2.2056623636567565
DALRYMPLE BAY,RICHARDS BAY,7,7477.977397688549,0.8582589817294354,0.4246899173058407,3.2133520941499034
QINGDAO,SINGAPORE,5,2253.54026777172,0.5121050930091584,0.6280710013285961,2.7706337663967977
QINGDAO,SANTOS,2,3314.8982885306323,0.8470517609723712,0.7005811416140039,4.014387680003468
DALRYMPLE BAY,ROTTERDAM,10,9302.714997159705,0.4791537743490074,0.13485726879007998,2.3400727651345874
DALRYMPLE BAY,QINGDAO,3,8863.44981029765,0.18385603724341693,0.6000135548873039,2.849920277034286
DALRYMPLE BAY,RICHARDS BAY,9,8885.567740298337,0.15459772423541351,0.6770324531369266,3.4771061680216384
SINGAPORE,DALRYMPLE BAY,8,2426.162089138805,0.7008864614379614,0.19413839927898324,2.1962369091114886
SINGAPORE,DALRYMPLE BAY,7,2134.3415126430878,0.8285330192795117,0.28821826283150687,2.354692066947152
QINGDAO,ROTTERDAM,12,8133.052807067753,0.3035699680408174,0.8051086055224882,2.9808901333385416
NEWCASTLE,QINGDAO,3,11963.542100983645,0.9772555162438943,0.529646463001178,3.504518092559465
QINGDAO,ROTTERDAM,9,9041.13079024455,0.6358286500062633,0.8523280113201126,3.7707536594751123
RICHARDS BAY,NEWCASTLE,9,10974.161286109456,0.2746829048047279,0.056069452386442564,1.5838276253958963
NEWCASTLE,RICHARDS BAY,6,10565.513478745826,0.21397092386903593,0.9211696512348585,3.795554609750762
ROTTERDAM,QINGDAO,1,9197.761088452904,0.952468966332923,0.6369780919742396,4.001599632169736
SINGAPORE,ROTTERDAM,1,6618.767052922951,0.3213541855079012,0.097521889845397,1.9641034706473859
QINGDAO,RICHARDS BAY,8,10216.484240167809,0.47209711311314384,0.7110724209237201,2.5054493884908284
NEWCASTLE,SANTOS,4,4858.05915318013,0.3950112509340792,0.9508927033043129,2.8967867108254084
DALRYMPLE BAY,QINGDAO,11,5031.073025065077,0.047870709598631045,0.43136176745968036,0.5389095325042024
DALRYMPLE BAY,SINGAPORE,1,11256.15183814729,0.042193526785013535,0.9385398439869916,2.3085900864455677
QINGDAO,SINGAPORE,3,7987.38741868203,0.5571974749771695,0.6315255714467207,3.419432998187039
RICHARDS BAY,SINGAPORE,2,9063.68423307016,0.9819635872230656,0.4360552237319477,4.018818894097007
ROTTERDAM,NEWCASTLE,12,5039.305527895366,0.04855871249892585,0.6530605081114493,1.7208145401421513
SINGAPORE,DALRYMPLE BAY,10,7529.231983017769,0.48462336047460364,0.9928519120669927,2.7284861397694256
SINGAPORE,QINGDAO,9,8789.43013223597,0.17765165284213735,0.9741906074421273,3.6818213355687663
DALRYMPLE BAY,ROTTERDAM,1,8732.187818819244,0.22134019477205413,0.9013187506018392,2.510827224495715
NEWCASTLE,ROTTERDAM,2,4894.9129542112305,0.7100329336167415,0.33615872497260446,2.418838483805716
RICHARDS BAY,SANTOS,8,6099.535690095473,0.7783313289833448,0.6499664226447076,3.1301729529180764
DALRYMPLE BAY,RICHARDS BAY,2,10531.564084114338,0.8123437681899722,0.5279546662066528,3.1022114479976475
QINGDAO,ROTTERDAM,12,1930.2617419564667,0.24491943466143384,0.5977407483835645,2.2668299399614136
QINGDAO,SINGAPORE,6,10530.564791742905,0.3627619053469616,0.5037888052702454,2.6121381845482796
SANTOS,QINGDAO,9,7924.739806711216,0.8802825221644986,0.8547707016974011,4.668413660606216
ROTTERDAM,SANTOS,2,8776.576294545945,0.28010891836079477,0.17674310106224367,1.7389410249315027
QINGDAO,RICHARDS BAY,6,5739.61359401057,0.3595208681361691,0.14558096531945985,2.2588356984550226
DALRYMPLE BAY,SINGAPORE,10,7866.214824905714,0.8378414036081486,0.14358281807400397,2.9096380242698716
ROTTERDAM,QINGDAO,10,2307.140365369223,0.8444941230777826,0.03758535635444138,2.165544200099585
SANTOS,NEWCASTLE,2,1540.0149141259021,0.020798489422265587,0.4519069599193807,1.6833204914160613
SINGAPORE,NEWCASTLE,3,11922.554484349457,0.3458638376986649,0.3247657377447294,2.482492805520224
RICHARDS BAY,SINGAPORE,9,9025.892821860194,0.6351681628467243,0.6801623956206554,2.9590119235656696
SINGAPORE,DALRYMPLE BAY,2,5753.544853333438,0.3356855189884618,0.7550749267058624,3.4161256691554147
ROTTERDAM,SINGAPORE,2,4542.601456626555,0.11792263690067317,0.35417236528159113,2.0700361874860493
NEWCASTLE,QINGDAO,9,7444.12336795193,0.47549699712245674,0.6873801068033877,3.0178829988413467
RICHARDS BAY,ROTTERDAM,11,8695.469455743807,0.376017736049687,0.37383106192720283,2.060803222790615
ROTTERDAM,SANTOS,5,11589.107679647539,0.6845280025669821,0.7561515348273237,4.525967156699209
SANTOS,SINGAPORE,5,8666.269431561874,0.8316936024055345,0.25640420247347284,2.2670020818299843
ROTTERDAM,DALRYMPLE BAY,8,6720.049233990293,0.27042522792943224,0.006547858602826584,1.385167128648664
ROTTERDAM,RICHARDS BAY,10,2007.584227248548,0.9235714163922957,0.4774409889267427,3.4042639809420434
SANTOS,SINGAPORE,10,2805.4490503208763,0.7609155550803418,0.32803408298412784,3.4336049361599263
SINGAPORE,NEWCASTLE,6,9518.156073994167,0.03527374086610702,0.17716420360102902,1.4913895579248524
SANTOS,SINGAPORE,8,5882.310396267298,0.5423640184433407,0.9128264816961705,4.0619074881151915
ROTTERDAM,SINGAPORE,10,10756.365224425457,0.9002324670534217,0.11659006105264769,3.236043012891703
NEWCASTLE,SINGAPORE,6,5069.050823206546,0.6838211574958553,0.660878775106894,2.5527585357921527
SINGAPORE,QINGDAO,5,9096.283298560285,0.2991599076160668,0.14075113813593232,1.5726123785560837
SANTOS,SINGAPORE,12,7477.219297631828,0.24418168460033984,0.6388119905326213,2.88965926771246
SINGAPORE,NEWCASTLE,1,11868.664838165192,0.721679332835547,0.8254410818356916,3.7937320430775783
ROTTERDAM,QINGDAO,11,10728.406487298946,0.8286184705026927,0.7792005856527935,3.9506750690449173
NEWCASTLE,RICHARDS BAY,9,7933.525508724494,0.2460780391065478,0.61503608405159,3.0369668296832693
RICHARDS BAY,NEWCASTLE,10,3227.302509012552,0.10140049912660154,0.630650799675364,2.573020335414716
DALRYMPLE BAY,SINGAPORE,8,6561.837684312161,0.9218097321383425,0.3156764963958807,3.344381448695351
ROTTERDAM,SANTOS,6,3586.612948733935,0.9330276943220671,0.7875383184387242,3.5248535604349645
QINGDAO,DALRYMPLE BAY,11,9641.817840646667,0.07641141584356448,0.3366619356921827,1.705813103420527
SINGAPORE,ROTTERDAM,10,2824.5488824545764,0.3263789059596004,0.183889506896323,1.264116336189248
RICHARDS BAY,NEWCASTLE,9,8150.9810918052035,0.33406551524113304,0.8335452237740951,3.413700538189424
SINGAPORE,ROTTERDAM,8,5476.177435666004,0.08066995545541844,0.06681891267873763,0.9562686841082803
SANTOS,NEWCASTLE,8,11524.209713163495,0.7136931823213004,0.593654522119076,3.761872360997939
SANTOS,DALRYMPLE BAY,1,4295.384527787731,0.4805557196122314,0.3819647607321581,1.9094695916123472
SINGAPORE,RICHARDS BAY,3,4345.835094692337,0.8671667768190277,0.779957211482774,4.212905107806812
QINGDAO,RICHARDS BAY,8,9887.853670778495,0.8083441279341744,0.0913411779101263,2.0200133781037035
SINGAPORE,RICHARDS BAY,12,3127.392420134816,0.5863819962770768,0.062014953406464235,1.8140054138386463
SANTOS,QINGDAO,11,10863.45669133975,0.6068823046039395,0.98217789762478,5.117469186976425
ROTTERDAM,SANTOS,12,2178.557027621009,0.0907164506818926,0.18364252055565378,0.6544796639542398
SINGAPORE,NEWCASTLE,4,11015.020546353468,0.1850407828814874,0.2840235204134761,1.3262875371056404
QINGDAO,SANTOS,9,2834.7170697141905,0.2201773978668633,0.4599807581599239,1.6229347837522201
RICHARDS BAY,SINGAPORE,7,6321.7174261163,0.619542542742509,0.7316631664470452,3.481547420074383
QINGDAO,DALRYMPLE BAY,9,5537.050245573418,0.5262234132462653,0.5395954881273708,2.9793125323240424
SINGAPORE,RICHARDS BAY,12,1605.8981802873075,0.9725672828984422,0.1222100277802961,2.8179662304635924
SINGAPORE,ROTTERDAM,7,11113.87541183668,0.5836295468484622,0.7082097223597236,3.251820311958291
ROTTERDAM,RICHARDS BAY,6,11383.595178112953,0.24875780743354114,0.6983187196184539,3.090720878481432
SANTOS,RICHARDS BAY,11,9673.12263453929,0.2387126133614652,0.812580231540964,3.1143530978114313
SANTOS,RICHARDS BAY,1,4626.350431382487,0.8780197449615861,0.6269565109606975,3.5018302380503323
SINGAPORE,NEWCASTLE,1,1737.61800343528,0.8803395631577052,0.7863568464828194,4.170237743563093
ROTTERDAM,DALRYMPLE BAY,2,3710.9805227037773,0.8463694933234275,0.3624723777781693,3.1129848258494097
ROTTERDAM,SINGAPORE,2,11069.637491583428,0.7630755641133439,0.7784376086460458,3.4423659024665425
RICHARDS BAY,SANTOS,5,2243.2737469373315,0.7055797953447873,0.7216609640901431,3.93993224106836
SINGAPORE,DALRYMPLE BAY,10,11080.886890137994,0.8264362532304692,0.7441094652712344,4.400507624540947
ROTTERDAM,NEWCASTLE,1,5469.090073309155,0.8031950584856857,0.9454357882565474,3.7847981930428967
ROTTERDAM,QINGDAO,4,5309.00982333677,0.9424064359661544,0.2552022002257164,2.820704116165618
RICHARDS BAY,SANTOS,4,11696.737587432292,0.07582906612114382,0.11708590720412604,0.8595698557603968
QINGDAO,SANTOS,5,4953.142362696838,0.1927651324144105,0.010945317768133012,1.5245266111253986
NEWCASTLE,QINGDAO,2,11584.69887604534,0.9647770122545095,0.6850238283527401,3.934360683651035
NEWCASTLE,ROTTERDAM,12,10371.742393500666,0.004164394267699989,0.38950339669986234,2.156695468274189
NEWCASTLE,RICHARDS BAY,4,6199.783515319561,0.44448663359163554,0.5068633051974636,3.1045169484160535
SINGAPORE,SANTOS,4,9803.739185716633,0.11015364191156385,0.49483095874334804,1.9228063636395292
DALRYMPLE BAY,NEWCASTLE,2,6913.107330298522,0.5123714629625533,0.5623787977306822,2.9839016232522693
RICHARDS BAY,SANTOS,8,11884.388291550518,0.8287783826711782,0.5395356350440232,4.4727905257760385
ROTTERDAM,QINGDAO,7,8355.924303054748,0.9407565915774286,0.49203191330584284,3.1522061486734465
SANTOS,SINGAPORE,10,8662.5744193811,0.08600942808588152,0.37596480868924853,1.6943456972156155
ROTTERDAM,RICHARDS BAY,9,3159.0166806886127,0.15479579458382753,0.592519175466111,2.344607645096388
SINGAPORE,RICHARDS BAY,5,6064.418208270814,0.5760583774571914,0.9192436261790266,4.639807160825333
DALRYMPLE BAY,ROTTERDAM,12,1507.3895673357245,0.9009398892519755,0.4976920196570388,2.8214450303597447
NEWCASTLE,DALRYMPLE BAY,9,10671.44274334901,0.2908082830548798,0.27799894919878765,1.5300477014828022
RICHARDS BAY,DALRYMPLE BAY,11,6698.5547666008915,0.3487624658260249,0.6116878027635583,2.183846704262602
DALRYMPLE BAY,SINGAPORE,12,9335.470598898466,0.9482468986022224,0.3395256010183033,3.2796407767029665
DALRYMPLE BAY,RICHARDS BAY,9,3338.083536356893,0.10525145107667266,0.15563456430634126,0.8923015085287237
ROTTERDAM,RICHARDS BAY,11,2169.3141268228674,0.8093972353459399,0.7583795409918271,3.466469441846626
NEWCASTLE,SANTOS,12,8204.1326539955,0.5100926132488267,0.48842642040581474,2.672207311829805
NEWCASTLE,QINGDAO,8,6274.509978988362,0.24273402173534864,0.9217025298071271,3.5359778636088297
ROTTERDAM,SANTOS,5,8831.708898150764,0.015845902553231817,0.9938888853887858,2.8342802615962173
DALRYMPLE BAY,SANTOS,6,4653.772641078226,0.5909213949620363,0.7497015129922744,3.2510929025989226
RICHARDS BAY,SINGAPORE,12,4896.166337189093,0.6218553018155858,0.5198847576668167,2.38941151111221
ROTTERDAM,RICHARDS BAY,3,5646.45411590748,0.4113154330205101,0.9349226827645013,3.7373893774360667
SANTOS,DALRYMPLE BAY,8,8391.831755246198,0.8391690028798522,0.6590717126063012,3.2019504978701336
SANTOS,ROTTERDAM,1,8732.991703586604,0.7764039863320484,0.07845870998204973,2.1416229981417128
SANTOS,RICHARDS BAY,4,6380.910109989973,0.2229417017682792,0.0269221985576531,1.0868142091504756
SANTOS,DALRYMPLE BAY,2,9879.72925903773,0.2871741721958021,0.8301882530718321,2.7271607726361586
SANTOS,RICHARDS BAY,6,9624.690660213106,0.3068852611969892,0.48427183911761573,3.1771324051884946
ROTTERDAM,DALRYMPLE BAY,2,3497.511986735377,0.6947865854074224,0.7594966248048913,3.7225292168873274
QINGDAO,DALRYMPLE BAY,8,4873.0702665072895,0.8994404700778477,0.5528817061050869,2.846669764988549
QINGDAO,ROTTERDAM,9,2761.2380423894133,0.9839352570099543,0.8333490708623094,3.8024998514350474
DALRYMPLE BAY,SINGAPORE,4,9913.122997301092,0.9075800123483243,0.7676520582586871,4.372710841951141
RICHARDS BAY,NEWCASTLE,2,7535.715668420131,0.99230132068225,0.4697795248748412,3.228194990866916
RICHARDS BAY,SINGAPORE,12,5617.159809154423,0.679406267436745,0.5670972636687143,3.0668105202369356
NEWCASTLE,RICHARDS BAY,5,6786.111406377582,0.31776904832886765,0.06475422979350298,0.7796787119990577
QINGDAO,NEWCASTLE,12,8123.318971143223,0.9660754378672941,0.04257890729186942,2.4310440423483293
NEWCASTLE,QINGDAO,1,11996.440711640429,0.79966508678308,0.9235627789828912,4.854255466259338
RICHARDS BAY,QINGDAO,9,7815.486685198905,0.4853500641148587,0.2749909155177731,2.0866349219070788
QINGDAO,SANTOS,6,3248.5478588610804,0.4945154704089172,0.07986299335113689,2.006215733596445
SINGAPORE,NEWCASTLE,12,6199.60142096191,0.08912716822310185,0.23126410964207356,1.167697872474877
NEWCASTLE,SANTOS,1,4502.110608599789,0.37786162654581223,0.8244179899315892,3.2248539058300603
QINGDAO,NEWCASTLE,1,3611.767218739098,0.14030215580040128,0.06399666439371066,1.431414538581822
SANTOS,SINGAPORE,9,3623.1749495000486,0.013961116473593882,0.2765023135843546,0.7280271849948848
QINGDAO,NEWCASTLE,3,7376.2746138674875,0.40065584640082996,0.8968413182794492,3.506807752833114
RICHARDS BAY,SINGAPORE,1,4893.881674513339,0.48100458244838173,0.32299497128906596,1.4402528541588326
RICHARDS BAY,NEWCASTLE,1,10488.22900345724,0.4923066816235303,0.6187302242491833,3.4989494659835496
SINGAPORE,RICHARDS BAY,7,2506.0839210350928,0.7458818609963057,0.2358593695437743,2.6153633070836073
SANTOS,NEWCASTLE,9,1551.9820776562167,0.7211499583823048,0.46482044344064366,3.0226242682682645
RICHARDS BAY,SINGAPORE,8,5827.35312331965,0.5963381613914404,0.005112513117040307,2.312487992083991
QINGDAO,RICHARDS BAY,6,7323.075754645501,0.4627899184928572,0.11852200321160677,2.113759301560343
SANTOS,ROTTERDAM,5,3267.586852375132,0.976808121180261,0.5805540498739694,3.7452565986573743
RICHARDS BAY,NEWCASTLE,10,10711.280643717568,0.546650008875335,0.5173084253454471,3.024068454592292
QINGDAO,DALRYMPLE BAY,9,2154.8226667121558,0.26930141191004886,0.901542379194018,2.7241520387274796
DALRYMPLE BAY,QINGDAO,7,4548.92891317249,0.5243011757880086,0.11244620561216812,2.6192751322106878
RICHARDS BAY,QINGDAO,4,11443.841293344563,0.4165539215589015,0.4959217039488859,2.8004661127633246
SINGAPORE,QINGDAO,8,6588.663023350591,0.7933520352196407,0.9973160121568533,3.835150540073643
QINGDAO,RICHARDS BAY,1,3889.10629864232,0.5033874798597817,0.11379098679086519,2.4378504025753016
NEWCASTLE,DALRYMPLE BAY,5,8466.974443209892,0.9103263716424052,0.7808986800827582,4.34366859375537
DALRYMPLE BAY,RICHARDS BAY,6,9271.133804745026,0.2316226112425449,0.289086640155928,2.212723082274035
NEWCASTLE,QINGDAO,12,10622.209090011327,0.2613747913556239,0.8847094719558888,3.482307821059599
QINGDAO,ROTTERDAM,5,11996.601805346747,0.13105698109144814,0.701060646519703,2.804200635118652
RICHARDS BAY,NEWCASTLE,12,10014.091409565484,0.06679979742859687,0.7795792955441254,2.691942637495237
ROTTERDAM,QINGDAO,9,7196.106026561033,0.4131527185958397,0.8760048029512743,3.607799448648705
SANTOS,SINGAPORE,7,3112.4057177860013,0.195157572120654,0.5316648121021177,2.5164344568708517
SANTOS,ROTTERDAM,4,4413.162504353016,0.7197178887491729,0.09380013799603659,2.092507192150477
DALRYMPLE BAY,NEWCASTLE,5,9115.495662618498,0.01458356570631092,0.1622042676448776,1.4332049483550875
SINGAPORE,DALRYMPLE BAY,5,2304.5694527007895,0.14322842377891887,0.35004532423048584,1.3229119314797553
NEWCASTLE,RICHARDS BAY,9,4575.401417174797,0.8715314151146606,0.6539667386808083,4.247418525471398
RICHARDS BAY,DALRYMPLE BAY,10,7125.820829725945,0.7299955700970153,0.5722467869412083,3.783071093010558
DALRYMPLE BAY,NEWCASTLE,8,2604.504355858249,0.4170529709663131,0.19584815469581973,2.030378135818634
ROTTERDAM,SANTOS,2,4644.003407697123,0.08561607281242811,0.5882426783615048,1.7753996168768893
SANTOS,DALRYMPLE BAY,3,9581.895772617472,0.011906591999208294,0.26888285862512495,1.3258226379133526
ROTTERDAM,NEWCASTLE,12,6003.52069003339,0.036569568578795564,0.8216682496388189,2.7227893397026985
SANTOS,NEWCASTLE,7,3070.6233424916127,0.9216464707040448,0.11284948992637966,3.2530207143733856
NEWCASTLE,ROTTERDAM,10,2442.611584181039,0.08273426927180005,0.3559566037213562,1.7819619451695847
NEWCASTLE,QINGDAO,11,3940.941507398616,0.5280687619300749,0.17140876911667802,1.931428274062644
SINGAPORE,ROTTERDAM,4,6181.492434696473,0.08924866763088812,0.147708663937394,1.5151816487213818
ROTTERDAM,QINGDAO,7,6042.6078502182145,0.8309878032139912,0.16599534357395618,2.6743276819740402
QINGDAO,NEWCASTLE,7,10058.320789288442,0.5840707731398851,0.019034250925496266,2.086955789837631
SINGAPORE,SANTOS,10,10458.826502562828,0.46427670100288854,0.7579402135569584,3.138649691620125
SINGAPORE,ROTTERDAM,11,4081.8500301037284,0.8072497248574588,0.6099174272638085,3.4663522383509418
SANTOS,DALRYMPLE BAY,7,11281.310435835592,0.5372392389896086,0.2146785243146383,2.303157881987644
QINGDAO,ROTTERDAM,12,1829.8543106856966,0.6273722227728666,0.7317293934655078,2.4109174439423664
QINGDAO,SANTOS,1,4441.945938463118,0.1654291489290982,0.9588182371271817,3.1598000617820383
RICHARDS BAY,SINGAPORE,12,2839.6455850469274,0.22273202097996547,0.32654046192851927,1.3854577152490317
ROTTERDAM,SINGAPORE,6,5887.513823895513,0.964438977596954,0.06764087059553547,2.2801909395658955
DALRYMPLE BAY,RICHARDS BAY,5,6683.027463117389,0.2569791159710282,0.7915752181336764,3.331167519467995
DALRYMPLE BAY,QINGDAO,7,2755.2752002743246,0.055967773472927695,0.9862824707332202,2.367931157627487
QINGDAO,ROTTERDAM,12,6107.41654602694,0.798193843775579,0.31178795725329533,3.2950561360887463
SANTOS,DALRYMPLE BAY,11,4828.163641774665,0.3952846911011688,0.8422602753190661,3.537597414080656
RICHARDS BAY,SANTOS,3,11602.234470858224,0.1164103941509248,0.7800659256819722,2.7849314865131114
SANTOS,ROTTERDAM,7,10733.868914056067,0.4721836720567757,0.006578565862789709,2.1540627095976865
DALRYMPLE BAY,QINGDAO,7,4693.692332669468,0.07401158583763623,0.4096105395037529,1.3677143809969636
NEWCASTLE,ROTTERDAM,10,4560.560913952921,0.9592781835747753,0.3253122666743977,3.4570012661719653
ROTTERDAM,DALRYMPLE BAY,6,5010.131902194918,0.49009842655572744,0.6399150401772083,2.6526178889152647
NEWCASTLE,QINGDAO,3,5951.395155195438,0.7913013333024831,0.6065897144957917,3.5497328023312833
RICHARDS BAY,DALRYMPLE BAY,9,10743.870365130075,0.8842780988496456,0.5110561205014259,3.4157296992787414
DALRYMPLE BAY,SANTOS,3,10730.626346318277,0.5410852197856519,0.8432110276584037,4.0422957821128565
ROTTERDAM,QINGDAO,4,7694.780168390262,0.611085120340012,0.6207051093411621,3.4838229067656687
SINGAPORE,SANTOS,2,2283.686334283261,0.16185701409143138,0.8069189800609066,2.105361841709159
NEWCASTLE,ROTTERDAM,1,5966.981711555422,0.9896760120928134,0.554898942602502,4.031327952905657
ROTTERDAM,SANTOS,8,11874.176068413604,0.15446959669807891,0.4520267802267621,2.020487035540124
NEWCASTLE,QINGDAO,6,4178.63301676591,0.80847589885968,0.7207034277931921,3.4695090305173952
ROTTERDAM,SANTOS,2,3028.8530997832836,0.3830588805377806,0.18643688795116786,2.1351766277769064
RICHARDS BAY,SANTOS,12,7073.8258883164435,0.5055087230150425,0.01723646975992965,1.6456231904154208
SANTOS,DALRYMPLE BAY,6,11811.662711034358,0.7791134054357268,0.7701098471176563,4.103861138907443
SANTOS,NEWCASTLE,2,11509.337987703424,0.9880072328490793,0.5871378320553371,4.7141637856494825
ROTTERDAM,NEWCASTLE,2,9977.602402816581,0.9590869588706772,0.09422152463364719,2.4020841801941404
RICHARDS BAY,ROTTERDAM,4,6681.028287781997,0.13696330254163713,0.2563710590370888,0.7728068985521118
NEWCASTLE,SINGAPORE,10,9205.434843807505,0.8654399919726488,0.15771274050315798,2.377824594110087
ROTTERDAM,SINGAPORE,11,6724.8798868760705,0.9295601367321504,0.8338407710232709,4.054227585748312
RICHARDS BAY,NEWCASTLE,1,10066.626530804348,0.3607035836030711,0.9242837865623452,4.347727213508496
DALRYMPLE BAY,NEWCASTLE,1,5508.924176128927,0.646386353103183,0.9187956166815633,3.0071931325219023
SINGAPORE,DALRYMPLE BAY,2,11999.81612864351,0.09226689968743984,0.6853371560380503,2.4749294418330066
SINGAPORE,RICHARDS BAY,7,7593.0868706602205,0.1744667739704321,0.9241434746542744,3.231359861410337
NEWCASTLE,SINGAPORE,3,4005.3283051750445,0.6018505770595171,0.3371643330781471,2.9439601058973492
QINGDAO,NEWCASTLE,6,5380.390396517956,0.10498538336456609,0.3532770072359468,1.6107743883902388
NEWCASTLE,SINGAPORE,7,10742.17815308422,0.26207801762563265,0.5596517144253649,2.7723638890458235
SINGAPORE,DALRYMPLE BAY,1,11456.536020440712,0.4576443274891703,0.9874143241465967,4.085159585116562
DALRYMPLE BAY,QINGDAO,10,7648.361785025097,0.9971458870067388,0.24946136559406318,3.240961237518419
QINGDAO,SANTOS,3,2095.1355529349917,0.03986108334795646,0.7249222621743053,2.12932988990202
ROTTERDAM,DALRYMPLE BAY,1,11434.54564619731,0.5683608801593237,0.39402436978193456,3.0848456741412775
ROTTERDAM,SINGAPORE,11,8100.965540772086,0.15192992735282163,0.12605278824976585,1.7054152910131684
QINGDAO,NEWCASTLE,4,9258.110259938096,0.6139012102124127,0.6000709531535319,3.234737523444431
SINGAPORE,SANTOS,2,4222.016792196519,0.7595920357518501,0.2799839789365378,3.1218919213513923
NEWCASTLE,DALRYMPLE BAY,6,10024.483379666533,0.9967649723712169,0.46679798173393394,4.424109593765176
ROTTERDAM,DALRYMPLE BAY,12,5869.213773134351,0.39718450461099675,0.028308536844540044,1.4764570575563363
SANTOS,RICHARDS BAY,5,7503.522040306505,0.8850424247903701,0.36388670091806385,3.333517507655197
QINGDAO,NEWCASTLE,5,11305.801412087774,0.47066294017222887,0.4790264083801581,3.1508670218357486
RICHARDS BAY,ROTTERDAM,6,4474.830391339428,0.020813330710572675,0.47510942753891583,1.7233391818661716
SINGAPORE,QINGDAO,11,11177.39375092362,0.40654424850523885,0.4199318880479025,2.3205241872557583
DALRYMPLE BAY,SANTOS,2,9698.034645523343,0.601896265593443,0.29976619110907166,2.542069511247902
ROTTERDAM,RICHARDS BAY,9,4472.848252412246,0.585663793454085,0.4380388478451426,3.244791638206626
NEWCASTLE,RICHARDS BAY,6,10669.26229864087,0.7900719294766435,0.4934499796666494,3.3752733434160516
DALRYMPLE BAY,SINGAPORE,1,8106.578243712834,0.8271183109857416,0.46133760838185633,3.894977743735128
SANTOS,NEWCASTLE,3,7554.574649376753,0.7208794037554325,0.2047066876477971,2.2789082326079604
NEWCASTLE,SINGAPORE,2,10623.625001811117,0.8052257595087662,0.10165413371271248,1.6460679539272343
ROTTERDAM,QINGDAO,6,10453.431274744584,0.10819881864237713,0.9700770767284456,2.9548837926256386
RICHARDS BAY,SINGAPORE,9,10059.850313810868,0.8595429589656343,0.48854570562783284,4.166643781538818
SANTOS,DALRYMPLE BAY,6,3191.0502989320207,0.7613624928283792,0.532147447725962,3.111992933889675
RICHARDS BAY,DALRYMPLE BAY,1,10029.630072538908,0.7880951668927496,0.8149118185753278,4.456469142243737
QINGDAO,NEWCASTLE,3,5725.060981650615,0.45771684128034906,0.5053451527916993,2.4737783917363667
ROTTERDAM,QINGDAO,3,10423.120690272866,0.9544457707681575,0.6821319474729187,4.084546398532963
SINGAPORE,SANTOS,2,10613.96553103054,0.6173498162163165,0.03227855213599673,2.960184967729212
SINGAPORE,NEWCASTLE,12,9828.305649043175,0.4820353873133164,0.9236026697626786,3.787831802183107
SINGAPORE,NEWCASTLE,12,6703.791832316434,0.8923883649741768,0.036077630134868977,2.6846428987066573
ROTTERDAM,SANTOS,9,5017.666793615141,0.9371614251565444,0.25068412055425937,3.1369532705423673
NEWCASTLE,RICHARDS BAY,4,11794.64345895341,0.5716766530732158,0.9919144425987909,3.4614273730707086
DALRYMPLE BAY,SINGAPORE,10,6257.271499106212,0.7460239245928239,0.43706516646205407,3.1154600383970554
SINGAPORE,ROTTERDAM,10,10299.609458980942,0.21242990806961637,0.4578444563439169,2.0674803387277665
NEWCASTLE,RICHARDS BAY,7,5972.288082688908,0.1650996782348335,0.8343068010869454,2.3877345347618744
DALRYMPLE BAY,RICHARDS BAY,9,9696.789127328178,0.15573136982991398,0.21675067056714614,1.9554136550649694
RICHARDS BAY,ROTTERDAM,4,2081.866012830799,0.7774444947807966,0.6460327483149886,3.388249172505033
NEWCASTLE,SANTOS,3,11899.68402084151,0.032764769889810696,0.5531972591780506,2.3345870267766338
RICHARDS BAY,SINGAPORE,3,9052.711804119994,0.4534605327461706,0.045592185178122246,1.7022397196737336
SINGAPORE,QINGDAO,6,7484.242055094074,0.8574502776695622,0.5899002827341522,4.496592475384929
NEWCASTLE,RICHARDS BAY,3,1756.5110975310547,0.12747432073515796,0.22772238602908934,1.083570428906218
NEWCASTLE,SANTOS,6,4052.776223855367,0.8298636465708097,0.9177969860195556,4.17146302908978
ROTTERDAM,DALRYMPLE BAY,8,3701.874845483983,0.6913037289790341,0.13742633487746903,1.3369499729889713
ROTTERDAM,SINGAPORE,10,11316.55835761047,0.35216049588722764,0.7899918183852644,3.5285922239229657
DALRYMPLE BAY,RICHARDS BAY,7,9294.123297629429,0.3448774174246808,0.7398002499268358,3.406940039595341
NEWCASTLE,DALRYMPLE BAY,8,6334.065274971972,0.879743905939987,0.1360056435781477,3.198817675497865
QINGDAO,NEWCASTLE,1,11198.8035900133,0.9353455586557802,0.8004656000965181,4.44007104424531
QINGDAO,ROTTERDAM,3,6338.6922698478,0.15479395968245258,0.4780078428306942,1.9016966628468528
SANTOS,ROTTERDAM,8,2915.5996839605727,0.05131183045372334,0.4958311599746559,1.771758739581962
DALRYMPLE BAY,SINGAPORE,4,10015.35777562267,0.922823675828765,0.5361397460048596,3.7283700518282425
SINGAPORE,NEWCASTLE,8,7142.279797622195,0.7598603144122315,0.24614700847316628,2.9652942497239585
ROTTERDAM,RICHARDS BAY,1,7331.540331287021,0.6000857318073685,0.5310306943695038,3.1674819026923102
NEWCASTLE,DALRYMPLE BAY,6,5430.7331523430885,0.7917827165591712,0.19307193108419518,3.0351216299021986
SANTOS,DALRYMPLE BAY,7,7667.882035168962,0.5971501040109201,0.16447822904091303,1.4276145307248087
RICHARDS BAY,SINGAPORE,6,3629.902667620476,0.6285738253474129,0.22921336057094777,1.9271400348258232
SANTOS,DALRYMPLE BAY,5,3588.7819765869317,0.8161018727831083,0.7293540835945105,3.387493013029478
QINGDAO,SANTOS,10,11700.73983350687,0.7922456451919524,0.07818668274786456,2.9966639311868297
ROTTERDAM,SINGAPORE,1,2128.613446756334,0.11816150429593408,0.6694136450732134,2.1583257394742486
RICHARDS BAY,ROTTERDAM,9,5910.140584120256,0.4863258808143107,0.3397339007492862,2.8468846129130645
SANTOS,NEWCASTLE,9,11381.078067682207,0.4730847396688014,0.8817704343022418,3.4146492364787155
DALRYMPLE BAY,QINGDAO,5,2220.4030860630855,0.23665804942399393,0.7934121535809415,3.681608423327479
SANTOS,SINGAPORE,12,8231.590297126628,0.18494510854174662,0.36808620745252296,2.2983828673973807
NEWCASTLE,ROTTERDAM,2,6006.20493465951,0.4173740683812439,0.4890984380224874,3.122413687288435
DALRYMPLE BAY,NEWCASTLE,5,4908.013292688016,0.29504560731878726,0.021152004699864224,0.6136489900096853
ROTTERDAM,NEWCASTLE,3,10075.452731252859,0.31999832975725273,0.4557573435309291,1.4814947499911928
DALRYMPLE BAY,NEWCASTLE,10,8971.565981526259,0.7739936566500353,0.3393468069020472,3.273127113330166
SINGAPORE,SANTOS,6,10723.005847406952,0.15585387858254485,0.2188182686737863,1.788249659890633
DALRYMPLE BAY,NEWCASTLE,9,6437.208297189723,0.8432162218673352,0.6058457467386003,3.233113837618634
QINGDAO,NEWCASTLE,10,5898.60010322104,0.46276028462028496,0.33131052897870983,1.5736049822620468
ROTTERDAM,SINGAPORE,12,10121.21771334037,0.40222022604811525,0.7862061504263718,3.681960469443393
RICHARDS BAY,SINGAPORE,4,2315.7105574821285,0.9288191937719055,0.62416604281347,3.4092708923369335
NEWCASTLE,DALRYMPLE BAY,10,9777.550984386458,0.48205994685014697,0.7311096664942628,3.115344392467723
SANTOS,ROTTERDAM,8,10180.893675016918,0.5579965476627059,0.5767163308645061,3.247893059076485
DALRYMPLE BAY,ROTTERDAM,3,2373.80744942232,0.292395508677496,0.6106438053453076,2.5246524368000127
SINGAPORE,QINGDAO,12,2576.1963523585478,0.975900546321928,0.1275974364154352,2.7608023898127123
QINGDAO,RICHARDS BAY,12,4022.418348091339,0.9112694033600838,0.25205243439918,2.621505521216636
NEWCASTLE,DALRYMPLE BAY,10,4638.112250911017,0.8531496094809895,0.32364702775355847,3.585707330559132
NEWCASTLE,SINGAPORE,9,3020.2700914893026,0.5853835177445659,0.12646775972522262,2.2494697243922634
SINGAPORE,DALRYMPLE BAY,3,5251.267921449122,0.9463265732168958,0.6123214683021446,3.8909855120030423
DALRYMPLE BAY,ROTTERDAM,10,2948.5430186277486,0.17658501163977813,0.5853999019862456,2.30909835125056
SINGAPORE,DALRYMPLE BAY,3,4469.599587264938,0.45372419132940234,0.22617215474612173,1.7131598491114435
SINGAPORE,RICHARDS BAY,1,1504.4927927863941,0.9053937154973559,0.6216656952220425,3.627573630520183
RICHARDS BAY,DALRYMPLE BAY,2,6983.884981674981,0.12147605670243478,0.7956395647745966,2.904956730103259
QINGDAO,DALRYMPLE BAY,3,10349.445756969977,0.18585848391828685,0.7900972375949854,2.817839974298812
SINGAPORE,ROTTERDAM,7,4614.212419341983,0.6330666303549622,0.04456174448005179,1.6722127763030779
ROTTERDAM,DALRYMPLE BAY,9,1749.5106995723331,0.9242347693904343,0.7574868264630448,3.95802202171919
NEWCASTLE,QINGDAO,1,2966.794466387304,0.5248992943783393,0.11611006073964214,2.1069036190652635
RICHARDS BAY,SANTOS,10,4184.985105958867,0.09555605806847278,0.33069012127099373,0.8790408649962076
SINGAPORE,RICHARDS BAY,12,8400.148523032309,0.8642578201707759,0.6240081755153254,3.898644501748909
NEWCASTLE,DALRYMPLE BAY,12,9474.347705359598,0.7754426702065114,0.6637871219469609,3.889676796564874
SANTOS,QINGDAO,9,3323.2584824190053,0.21730839923573142,0.91639336102378,3.37270526112623
QINGDAO,SINGAPORE,10,11020.518704272898,0.525911371579564,0.6345379182003379,3.706358051541145
QINGDAO,SINGAPORE,7,2655.0802205193877,0.7210299493398731,0.19954279729751534,3.069320597673972
DALRYMPLE BAY,RICHARDS BAY,11,3831.467514535818,0.33764849915948947,0.836916859188292,2.5853485248474377
DALRYMPLE BAY,ROTTERDAM,7,11662.60924566801,0.9389113222571054,0.6519014163086008,4.321970634752526
SINGAPORE,QINGDAO,6,3894.0272805626923,0.832532151789574,0.6843819294780461,3.4443809650171824
ROTTERDAM,NEWCASTLE,10,8061.962653479732,0.998933625204296,0.8663747373989499,4.528463952182766
SINGAPORE,RICHARDS BAY,4,7304.069642898998,0.5396799104493076,0.5437303509234969,2.7709416467278407
NEWCASTLE,ROTTERDAM,8,10966.52219436985,0.06968379971361849,0.8374187147485667,2.914449816697105
SINGAPORE,SANTOS,9,3092.6276424647,0.5490453198046304,0.33982805362545143,2.398278970545285
DALRYMPLE BAY,ROTTERDAM,2,7945.645966133691,0.5109479524520792,0.8784060140676272,2.996950249791037
RICHARDS BAY,QINGDAO,6,2224.648790492346,0.5975766577032856,0.8878909459755109,3.088995573844656
NEWCASTLE,QINGDAO,12,5807.691963375037,0.8446475588893303,0.4289061207435837,2.698453416650734
RICHARDS BAY,ROTTERDAM,9,11504.495977092427,0.04216682590559795,0.5318269476809787,2.086891504520493
NEWCASTLE,DALRYMPLE BAY,4,3096.828740660493,0.7392208902190904,0.15722850262005406,1.9508550552083221
SANTOS,SINGAPORE,6,7044.214777195565,0.6657810997228228,0.6339255382669025,3.3930696036929153
SINGAPORE,ROTTERDAM,4,6043.948522504641,0.8167922359448654,0.8081799809344816,2.9740473544192043
SANTOS,DALRYMPLE BAY,2,1919.3391365614605,0.10550854845592261,0.6062023767018667,1.6007671060412276
DALRYMPLE BAY,NEWCASTLE,10,10797.869645422936,0.6041853987183935,0.8370736807831642,3.566648711646386
NEWCASTLE,SANTOS,6,4457.576086091283,0.325179472947566,0.1323551020734428,1.1334106436094864
QINGDAO,RICHARDS BAY,4,6166.374937866729,0.2239529436753499,0.29027882893496004,2.1261364185100993
NEWCASTLE,QINGDAO,5,1531.9909061940182,0.4790887693300667,0.12835281714028735,2.2301909858760083
ROTTERDAM,DALRYMPLE BAY,12,8257.556620540343,0.5188608485495089,0.8680554992067058,3.699093752999249
RICHARDS BAY,NEWCASTLE,2,7245.063459162487,0.09019152044321299,0.2823662262198672,1.685053077938917
NEWCASTLE,SANTOS,7,5831.086166727206,0.49238905348813466,0.8995147680329882,3.4527586745202066
SANTOS,NEWCASTLE,3,2780.576666328017,0.5908771296482246,0.7273952915756932,3.102536601541038
SANTOS,RICHARDS BAY,1,9528.166443493856,0.43020716077069576,0.6761499591679198,2.4574501959248245
DALRYMPLE BAY,QINGDAO,2,9196.756655952868,0.384128694255763,0.7557133223324669,3.3317087047754015
NEWCASTLE,ROTTERDAM,3,5755.173105519456,0.7931437582537212,0.4895888054011286,3.782185813671407
DALRYMPLE BAY,NEWCASTLE,5,3179.3420454578627,0.9870454147437351,0.6431837207798646,4.166666801945938
NEWCASTLE,SANTOS,9,3634.0171846061958,0.7687443316464836,0.7543503321040899,3.6133066935505913
SINGAPORE,QINGDAO,9,4356.836621877687,0.7695286368198831,0.9822817688105339,4.1605222775265
RICHARDS BAY,QINGDAO,12,4485.632775259602,0.047793567187452424,0.8739602998501997,2.216561889229648
NEWCASTLE,RICHARDS BAY,10,1837.6414587319064,0.311886487495064,0.627468725543668,1.6377513238621146
SANTOS,ROTTERDAM,3,2859.146448829456,0.6151941406157369,0.05235366752392412,2.1262780193732285
SANTOS,QINGDAO,6,5442.677566014602,0.13720980208901568,0.3525820459635559,1.737805665822028
ROTTERDAM,SINGAPORE,3,2125.1236174989363,0.8702719089110332,0.9475720468613335,4.631499609879681
NEWCASTLE,DALRYMPLE BAY,7,5279.3354134799865,0.4706954267336343,0.08069391088423838,1.6556514209735056
NEWCASTLE,SINGAPORE,2,7341.349784380816,0.6469533856486369,0.7793577145198409,3.605485712156827
DALRYMPLE BAY,NEWCASTLE,7,3658.6666636697014,0.9174228051387152,0.5095676788422517,2.6127802027300713
NEWCASTLE,DALRYMPLE BAY,2,8886.115021658134,0.470603342643955,0.44687911789598767,2.599642007525553
NEWCASTLE,RICHARDS BAY,2,1630.579636721409,0.25317894595881807,0.0038531219802473426,1.1482065702087976
NEWCASTLE,SANTOS,11,4557.7601309065,0.31257543432329216,0.5428258425311067,1.646453710902819
NEWCASTLE,QINGDAO,10,10414.43238614434,0.40287847491372375,0.4477865498672051,2.1545256603465037
QINGDAO,ROTTERDAM,4,3170.177124128763,0.806145726203189,0.306862042175731,2.9892412707386016
QINGDAO,ROTTERDAM,1,5053.489898754131,0.5200987121404477,0.8036389122543269,2.9570969178235718
NEWCASTLE,SINGAPORE,5,7029.230194913049,0.8084030873639884,0.39208171795367286,2.9434797665261256
DALRYMPLE BAY,ROTTERDAM,9,4442.985212982838,0.30173114445066374,0.35418896255781374,1.6962784306516325
NEWCASTLE,ROTTERDAM,7,2973.365438536476,0.5215060826982759,0.8770567021689888,2.8938872508388167
SANTOS,SINGAPORE,9,8656.054012544037,0.6628571993602883,0.022308273576866933,1.1323031742289835
ROTTERDAM,QINGDAO,2,3486.6369515430993,0.6321907821422827,0.7407008758068273,3.0918217615214862
ROTTERDAM,SANTOS,4,7992.8276941447775,0.9741035686177396,0.07919781776901591,2.953445506390148
SINGAPORE,SANTOS,9,6568.898774233755,0.381536129936878,0.7092975314285507,3.1291338130402275
QINGDAO,RICHARDS BAY,3,11326.428105907291,0.24415738685431565,0.7511801379936851,2.1735190415216197
SANTOS,DALRYMPLE BAY,12,4271.957327213724,0.0006271689619691267,0.006789223380095022,0.47538775958601753
RICHARDS BAY,SANTOS,7,6189.9973275235625,0.5660882971203757,0.37214608771007374,2.9927546577922226
DALRYMPLE BAY,ROTTERDAM,4,7409.8100949311565,0.3583581431827797,0.8755753174682218,3.4401602774513265
QINGDAO,SANTOS,5,8452.358102979024,0.8168680434911437,0.9786395773365032,4.893315653767611
DALRYMPLE BAY,QINGDAO,6,6848.989788310608,0.37315611261192305,0.6782748098624484,3.7029924052517424
SINGAPORE,DALRYMPLE BAY,1,11687.022961074383,0.02698504704691862,0.34174907670648524,1.8177352977280734
RICHARDS BAY,SANTOS,9,10806.325705779627,0.10811364603720841,0.46976754211400695,2.468124851102499
SANTOS,SINGAPORE,3,5725.559679126276,0.22602424375397934,0.6848552859838013,3.06705449087763
SANTOS,DALRYMPLE BAY,4,4578.286532822078,0.4830686776871693,0.8837049834530778,3.151025465789456
DALRYMPLE BAY,QINGDAO,7,3408.6885358987633,0.4727237538783359,0.7288883018084368,3.656776314505289
ROTTERDAM,DALRYMPLE BAY,10,9033.61269810252,0.5550719899198886,0.07756477339942391,1.6616420086699497
ROTTERDAM,SINGAPORE,1,6746.794492756463,0.9615394625572534,0.2846387802269219,3.4976116845626795
SANTOS,QINGDAO,9,8576.181046884762,0.6868903538084066,0.6732804027885735,3.821311105586146
DALRYMPLE BAY,RICHARDS BAY,7,5182.226350548581,0.4668471716841809,0.4402350320320447,1.9152196725903492
RICHARDS BAY,NEWCASTLE,3,5044.156687377324,0.9451320390628379,0.949362540663467,3.8768036187919157
NEWCASTLE,QINGDAO,9,8165.529511580014,0.678378613589376,0.7672134138015799,4.04915663549263
SINGAPORE,SANTOS,4,2732.125355717073,0.15875962390917175,0.9923784854930484,2.4163818218165565
NEWCASTLE,SINGAPORE,3,2317.1282430921588,0.5226198022042828,0.19968914303967145,1.6406688286030668
SANTOS,SINGAPORE,5,8134.321181556398,0.44986361094419447,0.3374818164162481,2.8487112474891663
SANTOS,SINGAPORE,2,3846.23384068721,0.1648176724249606,0.8024843613341839,2.1075497029029804
RICHARDS BAY,QINGDAO,9,7115.6435729081695,0.3585772605732699,0.1366159243797309,1.6781845481161928
ROTTERDAM,QINGDAO,3,2526.1669266670947,0.17321689773558313,0.9330339056594967,3.0923681836214487
QINGDAO,SANTOS,7,8961.875166916285,0.39478147482075676,0.5349861401692815,3.200998315674
SINGAPORE,RICHARDS BAY,6,5038.822996583781,0.34240389540079397,0.06846591864615492,1.9151182888183187
RICHARDS BAY,QINGDAO,6,8652.171609781413,0.4207383826161126,0.4086386990552422,3.223249780414301
SANTOS,SINGAPORE,10,10363.814376272438,0.8798304870215985,0.5553167879399726,3.4090994677458153
ROTTERDAM,DALRYMPLE BAY,2,2043.7699881780918,0.40555978458723485,0.16078920323744827,2.093207623876453
SANTOS,RICHARDS BAY,1,6173.601222480736,0.0289637672930817,0.4048607757558965,1.6936735248328776
SANTOS,QINGDAO,11,2517.5262647547133,0.02206328766552912,0.9158614802431244,2.4835336129348566
ROTTERDAM,SINGAPORE,11,2110.6648013462445,0.18946998357820488,0.3957898942118945,1.065860937276931
RICHARDS BAY,SINGAPORE,8,5630.387904103724,0.0051350087497756824,0.8470642689407657,1.8612948061123842
NEWCASTLE,QINGDAO,4,2748.36169790442,0.0980101603956004,0.9456410918009119,3.0222085165350316
RICHARDS BAY,QINGDAO,2,10153.137582672889,0.7226983291280551,0.1602572754219892,3.2468176648496248
SINGAPORE,QINGDAO,4,9698.789832629847,0.4735963489241425,0.7063579112955095,3.3185832385524976
DALRYMPLE BAY,RICHARDS BAY,12,4449.890247708475,0.967099172803488,0.8103389307173291,4.183820201957591
RICHARDS BAY,SANTOS,12,8199.245753711983,0.06617403673047473,0.44348573036248906,2.404580464643883
RICHARDS BAY,NEWCASTLE,3,3578.5549547670303,0.3853922373495161,0.8054665470172859,1.841913253546987
DALRYMPLE BAY,ROTTERDAM,5,7652.1444911846165,0.45055357055172884,0.45029357990957064,2.576364786665837
ROTTERDAM,DALRYMPLE BAY,11,3581.4987589153034,0.618511365606847,0.49573108927154796,2.716891512184014
NEWCASTLE,QINGDAO,12,5227.329466869326,0.39921715153549553,0.16300563042489447,2.680005729875822
ROTTERDAM,QINGDAO,11,5406.965115993201,0.3478644308104034,0.08236428402309692,1.422279325002209
RICHARDS BAY,SANTOS,10,3960.052102780418,0.73452961108271,0.40631912639094736,2.447885872114121
DALRYMPLE BAY,NEWCASTLE,8,7925.184179143644,0.3637597183572606,0.15422617434361496,1.785282682055798
ROTTERDAM,RICHARDS BAY,7,1750.9432505942286,0.09016949762849769,0.0810511530853878,1.1692923940076543
DALRYMPLE BAY,QINGDAO,6,11442.194125396778,0.875476403985699,0.12422575540377634,3.421108566443336
SINGAPORE,NEWCASTLE,2,9131.861877463743,0.7117175161853958,0.24103445572369164,3.0748480751062788
SANTOS,NEWCASTLE,12,8772.606725690108,0.6867735568448488,0.5218819306638737,3.701943994217138
NEWCASTLE,RICHARDS BAY,2,9193.539543378398,0.5915408843637119,0.45016037936884756,2.821562590311356
QINGDAO,NEWCASTLE,8,6069.040575517747,0.22434120963101267,0.9464412133049587,3.1251266346766244
RICHARDS BAY,DALRYMPLE BAY,1,6512.609993789929,0.25943382681763894,0.27402135522523396,1.735917849151266
QINGDAO,ROTTERDAM,9,5286.386127851242,0.6865144929354994,0.0001711756244947571,2.761069923666926
QINGDAO,RICHARDS BAY,7,8295.088109575228,0.9199407301330876,0.029866272394770244,3.4634518052877996
SINGAPORE,ROTTERDAM,2,10508.54195079957,0.698271457281969,0.2856502296610026,2.9010547491909002
ROTTERDAM,SINGAPORE,4,6559.741440523057,0.32272964247161806,0.07319059978704145,1.103636502800552
RICHARDS BAY,ROTTERDAM,9,3066.8821636906837,0.531282484435957,0.8471869516385989,2.9567712649659166
RICHARDS BAY,DALRYMPLE BAY,10,5788.299210307923,0.6116930886692934,0.5266416950300847,3.2553041318171605
QINGDAO,DALRYMPLE BAY,4,4721.056605222642,0.12273805462617138,0.9571743488553465,2.6122379575285324
DALRYMPLE BAY,RICHARDS BAY,4,4620.967836559599,0.9193037603731687,0.17530970920991185,3.2170481164026388
NEWCASTLE,RICHARDS BAY,4,10152.66904747422,0.7233969011224191,0.8966156518554624,4.251713021978743
SINGAPORE,SANTOS,9,4320.382537191817,0.9205795390951387,0.7791767912046089,3.2848451690243223
DALRYMPLE BAY,NEWCASTLE,7,8001.469247200193,0.11223951134664445,0.7187331733278222,1.937706483492323
SINGAPORE,SANTOS,10,8651.93721017445,0.4265669286537124,0.3432364439538024,2.111893243407624
DALRYMPLE BAY,ROTTERDAM,7,1643.7462312632563,0.8503049599765884,0.8008214470330771,3.8678638383243817
DALRYMPLE BAY,SINGAPORE,9,10244.622750995099,0.23578757327313637,0.5543749931039361,2.7304086255580096
QINGDAO,ROTTERDAM,1,3150.4429024768924,0.2401732296296688,0.07251857909945669,0.665927257105542
SINGAPORE,SANTOS,2,9473.409424663287,0.39118368836963113,0.25142759505407275,2.716955010783101
QINGDAO,ROTTERDAM,7,3150.3774315251203,0.7737817398421739,0.5376131164488933,3.566898649712508
SINGAPORE,ROTTERDAM,9,3682.4393227312517,0.5815380148024186,0.854378765461995,2.595823196421818
SINGAPORE,ROTTERDAM,1,4168.587218023011,0.03925812152232944,0.5851409794218585,1.8162863800557192
SANTOS,QINGDAO,2,10700.749083586794,0.13026165905404785,0.9176228320811173,2.791872599262821
NEWCASTLE,RICHARDS BAY,2,9569.760373565667,0.8278206853570748,0.7059669088836537,3.6440127768331108
SINGAPORE,NEWCASTLE,11,2888.056165930552,0.960782172022048,0.07077058109418988,3.2420232207349153
QINGDAO,SINGAPORE,5,1894.9816576567528,0.6325730157274954,0.5823073282289144,2.9751459136235727
NEWCASTLE,ROTTERDAM,10,11188.69228599193,0.7338979527594727,0.8290089211880176,4.824213261639034
SINGAPORE,QINGDAO,3,6266.719130544024,0.4382130800392191,0.5371916517753879,2.586531413800844
SANTOS,DALRYMPLE BAY,9,8309.007845430693,0.829846984023332,0.30927812694474066,3.1270856553081745
SANTOS,QINGDAO,9,10299.34416279728,0.4195794877385256,0.14437152810335563,2.022984522129395
ROTTERDAM,RICHARDS BAY,6,8012.397559638097,0.3813476927138095,0.3905847122961462,3.168757578021544
RICHARDS BAY,ROTTERDAM,7,9121.874904523078,0.38827673872586066,0.6166448221012272,3.0109777545707894
ROTTERDAM,SINGAPORE,5,9648.463646723956,0.17018343674961434,0.04563178143557589,1.2297603483934036
RICHARDS BAY,SINGAPORE,12,6758.3940981407495,0.9520154068301836,0.24748560786359575,3.3459285016372435
RICHARDS BAY,SANTOS,1,11167.925509728479,0.5408539232420617,0.6963719489435082,3.4537432930643934
NEWCASTLE,SANTOS,12,4362.954099435552,0.9814105423244995,0.27266191994398825,3.1667736554775163
ROTTERDAM,NEWCASTLE,8,7833.053299117713,0.6982898854151858,0.156685070614082,2.3949460600352346
NEWCASTLE,ROTTERDAM,12,3217.6365156930315,0.9024022649842793,0.32152733419153634,3.40155131989664
NEWCASTLE,RICHARDS BAY,11,6355.269220447784,0.8705318859467905,0.7539386251715092,3.625646416317122
NEWCASTLE,QINGDAO,8,3614.0468844467887,0.2902375782189588,0.8376269317752103,2.5284086803580266
SINGAPORE,NEWCASTLE,6,7057.947923052356,0.20568933285733915,0.7315763789367484,3.1607711384092316
RICHARDS BAY,SINGAPORE,6,2580.5444686228216,0.05969668463837041,0.23755300683015446,0.6806450685230596
DALRYMPLE BAY,SANTOS,7,1561.0199691153105,0.3848996818521925,0.9449686754234813,3.2346397244872485
SINGAPORE,DALRYMPLE BAY,1,8960.701807556861,0.45654143106925793,0.07316504524493062,1.5531270140775506
DALRYMPLE BAY,QINGDAO,6,7774.1870437831385,0.5958801403782715,0.5552975182009486,3.6013668338832323
SANTOS,DALRYMPLE BAY,4,8041.966597054414,0.4818389065795099,0.688622476361669,3.257371769806347
ROTTERDAM,NEWCASTLE,10,1757.8379881958215,0.00018965351824429266,0.8829596766482407,1.7257465825670109
QINGDAO,NEWCASTLE,6,8766.293093865697,0.13830799241727165,0.6809427395242603,1.9359560650958891
DALRYMPLE BAY,SANTOS,2,5933.0779152865525,0.622798522705721,0.9717964314155138,4.079148203239984
DALRYMPLE BAY,QINGDAO,3,5454.1378224442715,0.09844833288382937,0.8699774626924047,2.530544426614499
NEWCASTLE,ROTTERDAM,3,11845.48811227954,0.8443650029928225,0.7640376759317266,3.937396823706578
ROTTERDAM,SINGAPORE,2,6770.665257737725,0.013694597421178623,0.252419473051384,1.8251911753851982
ROTTERDAM,NEWCASTLE,3,7771.130572860047,0.23915030711850638,0.40271844158082903,2.5596899947629637
ROTTERDAM,NEWCASTLE,10,7085.880696328037,0.44761464238686544,0.8499349079066201,3.7196685083874725
QINGDAO,RICHARDS BAY,4,7763.5189520748145,0.13124642246805762,0.41624409546568253,1.559879468537317
DALRYMPLE BAY,QINGDAO,3,10382.49059448675,0.8624315749528633,0.740475861534706,4.223983744358712
DALRYMPLE BAY,QINGDAO,3,3152.810622897261,0.2768516350747249,0.5113707767757049,2.3810404646689123
NEWCASTLE,QINGDAO,11,5770.881469996469,0.7175931004851483,0.9934178718010545,4.308846445203488
QINGDAO,SANTOS,9,7626.635006964996,0.8548940988307128,0.03333677489631337,3.259473985508463
QINGDAO,ROTTERDAM,8,3333.3049015318406,0.26355449230132455,0.008222973610550799,1.487070813632823
DALRYMPLE BAY,SANTOS,5,6473.98086016438,0.5850155694072274,0.9753643638403078,4.597814023670164
RICHARDS BAY,SANTOS,1,8893.991689436254,0.6078810832752484,0.3003670251020025,3.177792717766872
RICHARDS BAY,SINGAPORE,7,8568.417986350492,0.6926025025622045,0.16144210582278706,2.2836118846161284
NEWCASTLE,ROTTERDAM,6,3815.1677300757988,0.9611708197245804,0.3312153341398977,3.4518279021812166
RICHARDS BAY,SANTOS,7,2955.1165226988687,0.704489199667612,0.5794939123063052,3.5641008677455632
NEWCASTLE,QINGDAO,8,7539.027019661267,0.2998877591397002,0.12041829179843544,1.4284961327459262
QINGDAO,NEWCASTLE,9,9544.648139964745,0.35036054611826406,0.6174362077221056,2.587345027641287
DALRYMPLE BAY,NEWCASTLE,10,6658.155521202223,0.5345689340665274,0.9600136250176743,3.9134504347069776
QINGDAO,SINGAPORE,8,2167.8709383774844,0.2629751786580675,0.06921493958411762,0.7596443042875665
DALRYMPLE BAY,ROTTERDAM,10,11445.592810132333,0.30154339296228017,0.06675104734521742,1.1908172974687017
RICHARDS BAY,DALRYMPLE BAY,2,7028.138454196898,0.6684218901797919,0.3322364901276095,3.1617292668269235
SINGAPORE,ROTTERDAM,6,6294.540573384822,0.6632181254508265,0.8636989316402157,3.581145184890448
DALRYMPLE BAY,ROTTERDAM,7,4955.279737648541,0.5833017257546889,0.26857010614304133,3.1949893953604707
SINGAPORE,SANTOS,6,3398.2812493285396,0.18522934785044787,0.3537648662251375,1.4884384391083274
DALRYMPLE BAY,RICHARDS BAY,8,3562.4744239875386,0.37778996449564606,0.7055853363077216,2.867499589450905
SANTOS,RICHARDS BAY,7,11641.870857192762,0.14429702033927572,0.0673727910257873,1.061449429440182
SANTOS,QINGDAO,5,8334.3079268855,0.5473263673052565,0.5598623020116922,3.244708825723067
ROTTERDAM,RICHARDS BAY,11,5111.550758992311,0.3347753096321845,0.7989472177970985,2.9433971874310143
SANTOS,QINGDAO,10,1646.405003795299,0.3643984217978734,0.5151805466495556,2.0224960778826
NEWCASTLE,RICHARDS BAY,4,6283.939384675429,0.3361123620149046,0.04510522892188629,1.2491055984443373
RICHARDS BAY,NEWCASTLE,5,1989.8747783873225,0.168991628355324,0.42554850509479036,2.4666297045145456
QINGDAO,SANTOS,4,7795.042376756513,0.0014151483292579314,0.7619098985810853,2.066645451861723
NEWCASTLE,ROTTERDAM,8,4462.677175211237,0.03671131095108182,0.43738161972271916,1.793302064043849
ROTTERDAM,SANTOS,4,5718.711069134336,0.4704045359329162,0.4660211472188853,2.190299605011754
SINGAPORE,QINGDAO,11,8069.815992760909,0.9836014904166547,0.7134159437120147,3.7996915110430196
SANTOS,RICHARDS BAY,9,11933.405770016083,0.20680426451421963,0.428399121995521,2.5383126112366505
NEWCASTLE,QINGDAO,12,5257.986217095877,0.11629484413570945,0.13255990816180785,0.9322153658108246
DALRYMPLE BAY,ROTTERDAM,2,3107.9874257596894,0.5201156183619984,0.18512952703716112,1.177284895776322
NEWCASTLE,SINGAPORE,12,10953.271748886915,0.29407798793285733,0.12117680592618196,2.062944882114069
DALRYMPLE BAY,NEWCASTLE,9,9466.676556847118,0.8357639585706751,0.37751058186332775,2.873386566284062
QINGDAO,RICHARDS BAY,5,3883.5576153617776,0.9928700683340543,0.2761745279621717,2.6714274090128285
RICHARDS BAY,NEWCASTLE,5,5904.7746100912345,0.3631446000537998,0.5797843141951229,2.6429476966458716
SANTOS,ROTTERDAM,11,7050.461636215114,0.6381781581462926,0.6745604034429207,3.553611915506804
DALRYMPLE BAY,RICHARDS BAY,8,7647.639553495389,0.8376227179053318,0.02320491959745319,2.9561941075004707
ROTTERDAM,SANTOS,9,1771.1419723138952,0.610036759677747,0.034157054452887525,2.771297262055402
NEWCASTLE,QINGDAO,12,7472.1081599251565,0.6194165199013111,0.2679032880888512,2.9903780415149788
ROTTERDAM,RICHARDS BAY,8,8770.557885255015,0.4839792611144671,0.5667192577926576,2.8810362209266063
SANTOS,RICHARDS BAY,2,10460.12748681322,0.11360437507032795,0.8842310168468375,2.9057686675290144
SANTOS,QINGDAO,8,6367.9127485416375,0.9342662525412713,0.7820839880740762,3.737195997753532
NEWCASTLE,RICHARDS BAY,5,8395.161032167509,0.8299688306809562,0.5562084426562461,3.8682681395114598
RICHARDS BAY,SANTOS,4,6150.965626451906,0.7728795577272927,0.5385698527871324,3.0403243701809446
RICHARDS BAY,SINGAPORE,6,4467.5795926145265,0.8022465025940588,0.9734501820994512,3.7319858291375154
NEWCASTLE,SINGAPORE,12,9987.905102638746,0.2297007867526646,0.2573326520811001,1.8272503139201908
SANTOS,ROTTERDAM,2,5786.287685355403,0.3450449442073561,0.5999275589038128,2.8250444234718843
ROTTERDAM,RICHARDS BAY,10,6786.564723651465,0.5092111319558982,0.2098451432313987,2.3791919206915346
SANTOS,ROTTERDAM,5,8684.229519938946,0.1872359205532531,0.9787133823565266,2.786120806210295
ROTTERDAM,DALRYMPLE BAY,4,4226.15994442856,0.9946694866268767,0.4583517518089629,3.0020072000508384
QINGDAO,SINGAPORE,7,11142.489866092294,0.016960474267899706,0.7251764310290247,2.375949431787838
SANTOS,SINGAPORE,7,3623.6820675029107,0.0063081413001708775,0.7372777929785301,2.8272822406653764
NEWCASTLE,SINGAPORE,6,8728.18338090985,0.22325728988141447,0.48332491326795535,2.31647650074462
RICHARDS BAY,SINGAPORE,1,5122.205004266794,0.6283268468539964,0.33314073742876227,2.6533085879758054
QINGDAO,DALRYMPLE BAY,9,6960.5108409466575,0.30033728554659,0.9185908399435397,3.2751843605849307
RICHARDS BAY,ROTTERDAM,4,4951.542608085572,0.5458062927547156,0.40836658887510124,2.625216985893358
DALRYMPLE BAY,RICHARDS BAY,9,5092.755339018594,0.016096111593682072,0.8208669563210867,3.0238332273663704
SINGAPORE,DALRYMPLE BAY,9,5488.567545473103,0.8216994589189405,0.1828512544863391,3.16545908621962
SINGAPORE,ROTTERDAM,8,3146.839822716782,0.22120340602906086,0.20504394342329946,1.4283004825257846
QINGDAO,ROTTERDAM,10,5970.345982636657,0.07720555461747425,0.7990052071924634,2.415402728132767
RICHARDS BAY,NEWCASTLE,5,5796.759603782868,0.6966303015013859,0.31606495627451114,2.4907757525709813
QINGDAO,SINGAPORE,1,11661.627654637348,0.8439035688817407,0.30371677260881635,3.2924347716536015
QINGDAO,NEWCASTLE,11,4488.6846688134365,0.061612664665222305,0.3198481575327874,1.242774561045481
QINGDAO,SANTOS,3,7071.4750607931965,0.39144088408258026,0.38235315708867657,2.4651339011749482
DALRYMPLE BAY,QINGDAO,2,11959.731321458212,0.6511061152918468,0.9847235220563966,4.05915352322451
RICHARDS BAY,NEWCASTLE,2,11450.056293206924,0.6501851993537574,0.9289620239009357,4.172150543489988
QINGDAO,DALRYMPLE BAY,6,8540.63426794093,0.8872760542418459,0.8708739283718133,4.37664850982759
ROTTERDAM,NEWCASTLE,6,2185.207511838646,0.025052240937451287,0.9534147370177012,2.9263127743405133
SANTOS,RICHARDS BAY,4,4530.089323848254,0.3287999837558213,0.5506283062196712,2.5227951076653072
DALRYMPLE BAY,NEWCASTLE,8,2035.0902706248037,0.71995891973172,0.8016784609203268,3.1087720851315956
RICHARDS BAY,ROTTERDAM,11,8924.566352671314,0.02468436803447882,0.4134370845374137,1.7150159693698819
SINGAPORE,NEWCASTLE,8,11193.335303765429,0.6719721311708315,0.25443440257031,2.989060226224396
RICHARDS BAY,ROTTERDAM,3,7075.450873365138,0.811262202137994,0.5674881643370734,4.0904631194642125
RICHARDS BAY,SINGAPORE,6,7055.522210699216,0.5480581723595351,0.3105571308596322,1.6709681139398342
ROTTERDAM,DALRYMPLE BAY,5,6423.924000581953,0.9752054462437351,0.3707602370437,3.5829086419170073
RICHARDS BAY,NEWCASTLE,12,3993.736268635856,0.14856292579443953,0.4235512333946516,1.7762884621327175
NEWCASTLE,DALRYMPLE BAY,8,3693.3459311469833,0.30653475089877447,0.7871239226074754,3.129203722802952
QINGDAO,SANTOS,8,10846.753844867335,0.13866057184189973,0.5467549269494358,2.015973775342441
DALRYMPLE BAY,SANTOS,2,10098.517380891251,0.18722987812743075,0.7433824774608045,2.9808774978764663
RICHARDS BAY,QINGDAO,2,4479.761400594938,0.24311616443435224,0.9001737694387922,2.8202888219094318
SANTOS,RICHARDS BAY,12,11165.86123039616,0.7970165507241314,0.06442177752673961,2.24332253126405
RICHARDS BAY,QINGDAO,9,3171.892136338173,0.31451148096393766,0.7161210042500564,2.730459604540376
RICHARDS BAY,SINGAPORE,4,11029.088677198884,0.19007871612006366,0.6631022765288972,2.5205095326738065
DALRYMPLE BAY,NEWCASTLE,7,11199.74606921051,0.04780189692061265,0.9192106829736737,2.5934429323911186
ROTTERDAM,SINGAPORE,11,9878.263022860707,0.41000456271191565,0.6049434747744405,3.1133288939227333
ROTTERDAM,DALRYMPLE BAY,7,10993.598709580923,0.11794213684903898,0.6415030138798876,2.5947295941348445
DALRYMPLE BAY,SINGAPORE,11,8916.020954798936,0.9565795295312901,0.6340974411832015,3.883821075357894
QINGDAO,DALRYMPLE BAY,3,2860.2863109543227,0.7256846721533149,0.12683235126557124,2.408669272719629
RICHARDS BAY,ROTTERDAM,3,3801.0322647235057,0.3566291440633138,0.6596553390599784,2.4430725037610483
RICHARDS BAY,SINGAPORE,1,11867.515437800686,0.45575998218221436,0.5336840050996222,2.987097074204985
NEWCASTLE,DALRYMPLE BAY,10,2938.717711101813,0.7121410487642788,0.33007363734255557,3.056533010326095
SINGAPORE,ROTTERDAM,11,8187.344180864282,0.38559725603737194,0.7687892457362625,3.087323547301919
SANTOS,QINGDAO,2,9984.552303262933,0.89387281888302,0.9467482898903576,4.463767470568524
RICHARDS BAY,SANTOS,3,5925.237440213915,0.9202370756819165,0.8109063171498606,4.479135227840064
NEWCASTLE,SINGAPORE,5,6660.030456409636,0.08938871285203387,0.7166685913948189,2.0576114865186823
DALRYMPLE BAY,QINGDAO,7,9056.7409392308,0.48718973477778826,0.8208024548924167,3.247513732741454
SINGAPORE,NEWCASTLE,5,3330.486679703729,0.7270113695398465,0.8455290342725789,3.302921123770904
ROTTERDAM,QINGDAO,8,1989.0532254043999,0.460474527941964,0.03384611358952805,0.8633215172621072
SINGAPORE,SANTOS,10,3051.849415861949,0.8475952501049618,0.47806691633272647,3.307202871864469
RICHARDS BAY,DALRYMPLE BAY,9,9967.949393370507,0.3061660634185376,0.9220492950491082,4.004396788048714
SINGAPORE,ROTTERDAM,9,7392.103145438813,0.9676453819373543,0.08395557537572662,2.5795847337280176
NEWCASTLE,ROTTERDAM,9,9327.170539452558,0.23809365206569788,0.1937148164719037,1.6821552330210814
SANTOS,NEWCASTLE,1,5470.132577464993,0.9119967174758128,0.777172237154336,3.8996710710737648
DALRYMPLE BAY,ROTTERDAM,9,10802.638841871078,0.7611647034498906,0.8246237381178919,3.770976688750568
ROTTERDAM,DALRYMPLE BAY,2,5032.314182138708,0.835935971486579,0.9219819911322603,4.120439305470544
SINGAPORE,QINGDAO,5,10799.123361069387,0.5672650091412709,0.39206635185584104,2.015206705542204
SANTOS,RICHARDS BAY,1,4759.244888619072,0.7362995117705929,0.2682869494507928,2.0542222858268873
SANTOS,SINGAPORE,9,3001.4983482004477,0.2883251017038302,0.7728367672295637,2.5122274906456017
DALRYMPLE BAY,SINGAPORE,12,10196.332383836294,0.12070442644765578,0.10252505322306438,1.0149003095358475
DALRYMPLE BAY,ROTTERDAM,8,10320.29971106571,0.6569091863977772,0.046616658944641065,2.710886401812089
RICHARDS BAY,SANTOS,2,11480.828266710034,0.4455795903593781,0.23237895801613873,2.967377226963358
SINGAPORE,QINGDAO,10,8282.172132764405,0.13305301093100375,0.7080741036951562,1.9044684972723784
SANTOS,QINGDAO,3,2321.4261204647596,0.5657986091758742,0.9008705652462979,2.9953520500822175
SANTOS,DALRYMPLE BAY,6,5718.898089922271,0.3066555031142676,0.0996183647976886,1.1280998300166862
SANTOS,NEWCASTLE,12,5970.051001982833,0.16130765585758167,0.16984661199539852,1.324118118281405
QINGDAO,RICHARDS BAY,6,7865.240098715454,0.6407896007665069,0.1961386793058414,2.9791707574044697
RICHARDS BAY,SANTOS,10,2856.0271882420957,0.5733020488551593,0.44933806712722946,2.1668580099958765
SINGAPORE,RICHARDS BAY,7,10328.823355722438,0.39966265272966073,0.07892425881606835,1.8633051303319879
NEWCASTLE,QINGDAO,5,4135.143034297951,0.6424465356009675,0.32663371292123944,3.0671388218308606
DALRYMPLE BAY,SINGAPORE,12,11937.592596893066,0.7936981004239292,0.10345606561333198,2.4893860584972356
SANTOS,NEWCASTLE,4,3548.186483401984,0.32256389934600427,0.6959449910535787,2.9939860268665464
ROTTERDAM,DALRYMPLE BAY,5,6353.985928275943,0.5030268515448086,0.1390908882404116,2.5472111324335844
NEWCASTLE,QINGDAO,9,2206.600241311391,0.7215197359140552,0.1621072705303438,1.8717589514372484
QINGDAO,DALRYMPLE BAY,9,6158.336879589854,0.5387638078140248,0.7735817330190617,3.561475832547332
DALRYMPLE BAY,QINGDAO,12,2264.9927381848843,0.647016559831672,0.15000238243269548,1.651300824944364
SINGAPORE,SANTOS,4,5079.4477415605725,0.2403104370402146,0.8305456231088785,2.886193828558953
DALRYMPLE BAY,SANTOS,3,10215.296026245676,0.9339798995550712,0.40286508296659995,2.9722653015448186
SINGAPORE,SANTOS,6,7251.018692799857,0.2746658596094115,0.712184759721102,2.896991273425028
DALRYMPLE BAY,QINGDAO,10,10539.420356490458,0.5908588973893331,0.37739265901204977,3.078225193361325
QINGDAO,RICHARDS BAY,4,7178.76618425499,0.7179988171437236,0.00850758996486689,2.164362520980422
RICHARDS BAY,NEWCASTLE,3,3716.1662295849796,0.7696847289500237,0.03778242831949119,1.599034993915807
SANTOS,SINGAPORE,9,8910.595184516573,0.08929796804829004,0.10920718465865398,1.2110662257946427
SINGAPORE,QINGDAO,11,1741.5945744988649,0.8491425112657675,0.3609060565579544,3.067282726396511
DALRYMPLE BAY,SANTOS,1,11386.189588491607,0.1435615546325113,0.054687610400205644,1.177768288432028
QINGDAO,DALRYMPLE BAY,5,4496.901192969013,0.5864547447676264,0.2430925185093672,2.867315273204678
RICHARDS BAY,SINGAPORE,5,3011.0867902011514,0.35574060516742023,0.7581548837985809,2.8496732967104665
QINGDAO,DALRYMPLE BAY,4,3908.1578698745543,0.6081962942447059,0.19783405566396473,1.7285561367668003
RICHARDS BAY,NEWCASTLE,5,1533.0582125579863,0.9169413006688895,0.5894041908984641,2.48654991401156
DALRYMPLE BAY,QINGDAO,3,4275.269261546451,0.7992511964511854,0.010452152416624227,2.9801082279853857
DALRYMPLE BAY,SINGAPORE,9,4185.668150550086,0.7524417548407702,0.1295687722425496,2.1153047064311985
ROTTERDAM,SINGAPORE,1,4711.882931579592,0.14285088717343564,0.8129007748623283,2.2030650028810155
DALRYMPLE BAY,ROTTERDAM,10,7408.450432620326,0.24681842157974476,0.47359375722434405,2.119440279769036
ROTTERDAM,SANTOS,2,2227.0585179611758,0.9213429318089693,0.1855087229926915,3.188818028280597
NEWCASTLE,QINGDAO,12,10264.496531697534,0.7223157808530244,0.3798458809867661,3.5851218578623545
SINGAPORE,NEWCASTLE,8,5553.9409838582,0.6594819317692229,0.3251361536866747,2.5386874370158568
RICHARDS BAY,ROTTERDAM,9,9266.44426650733,0.457139203675865,0.9877938852472142,3.79983977616736
SANTOS,QINGDAO,8,11442.948289411886,0.7760623746890287,0.832325000854712,4.216585455564652
ROTTERDAM,NEWCASTLE,3,1955.2785033931973,0.17835581427998304,0.7414028712082661,2.102625175218883
RICHARDS BAY,SINGAPORE,12,7322.172365060724,0.7483853476983414,0.283815952836197,2.202218017612941
DALRYMPLE BAY,RICHARDS BAY,10,4285.289475543557,0.5412720487467817,0.26191659283748325,2.4235987246829653
QINGDAO,RICHARDS BAY,3,7419.957043636533,0.6577731864301078,0.08954493393736629,1.797573525139333
ROTTERDAM,NEWCASTLE,8,2385.205340946933,0.8685015915147873,0.759444080384457,3.835088292538252
DALRYMPLE BAY,NEWCASTLE,1,1785.717617845475,0.8503145185919957,0.9173448303740671,4.2950174219975565
SANTOS,NEWCASTLE,6,10243.186612363439,0.5273285208134662,0.2595032671863613,2.504753954245767
NEWCASTLE,ROTTERDAM,6,2607.9014945693084,0.27374999999678584,0.8300781600665549,2.5208321189561174
DALRYMPLE BAY,QINGDAO,2,5198.963161919775,0.6217554402354892,0.02676819656876528,1.6703621398066302
RICHARDS BAY,NEWCASTLE,7,1826.0747531395002,0.9017124132641975,0.8242151521428454,4.097196989883159
NEWCASTLE,DALRYMPLE BAY,5,5658.55789425281,0.911912037480338,0.6006938946539718,3.6671564351899337
NEWCASTLE,SANTOS,10,6859.37550812954,0.9991245094693282,0.5067928470727804,3.7204317787156134
RICHARDS BAY,NEWCASTLE,12,9188.721072390437,0.39328197552414124,0.017668795744489096,1.3577276835315615
DALRYMPLE BAY,SINGAPORE,4,11519.53315152419,0.9904504619826612,0.8331664314994469,4.381597297563753
RICHARDS BAY,NEWCASTLE,11,8595.804837733986,0.6379356161889506,0.22033116833647892,2.7726384679007174
SINGAPORE,RICHARDS BAY,4,2756.0353082690913,0.20685940531898472,0.7887637950615393,2.254918644474002
RICHARDS BAY,DALRYMPLE BAY,9,7350.814823925422,0.8432109135784925,0.7759010958512353,3.7854999805243223
SINGAPORE,NEWCASTLE,4,2290.642709081633,0.688561222173296,0.48287408679869037,3.64495788041814
SANTOS,RICHARDS BAY,4,8348.56586836165,0.3626432275157957,0.11824691330529435,2.250190031711792
ROTTERDAM,RICHARDS BAY,9,11688.641186258936,0.5010985543077334,0.008109895869524042,2.035028545493936
ROTTERDAM,SANTOS,1,3042.629647453188,0.8567795098398732,0.9940913168405321,4.563253655921772
ROTTERDAM,SANTOS,8,11427.07126552165,0.1722685524667683,0.2652495658052493,2.229342926811799
QINGDAO,NEWCASTLE,8,5362.509920693354,0.11642352902812092,0.8725973771308121,2.607476850523315
QINGDAO,NEWCASTLE,1,9771.052805741867,0.15498583791941956,0.9717029786157642,2.4921604680611926
RICHARDS BAY,SANTOS,6,3555.1153897346067,0.7490181184202553,0.7577533841817142,4.566477388249619
SANTOS,RICHARDS BAY,3,2691.045333267871,0.21838304785591578,0.3604892919183251,2.0265753054362516
SANTOS,NEWCASTLE,6,9543.63568178124,0.3212269764250153,0.5405179760141204,2.0766884109854074
NEWCASTLE,SANTOS,2,3685.761716333934,0.1495082157728137,0.8093098978534378,2.4086654264174414
QINGDAO,SINGAPORE,2,6741.225456849356,0.5214269530583316,0.7328231924600694,3.577039507495661
RICHARDS BAY,DALRYMPLE BAY,2,9412.353170750042,0.7490262004073018,0.7900212465099353,3.51888479781879
SANTOS,ROTTERDAM,8,5825.131133337737,0.20161465867350592,0.4569305692563391,1.355417292547977
RICHARDS BAY,ROTTERDAM,4,8714.799175462718,0.13512458166875208,0.2473124826955665,1.1035207770081992
ROTTERDAM,NEWCASTLE,10,10584.216437370871,0.0865961475370235,0.8981342811795512,3.1789473985766636
SANTOS,QINGDAO,9,5832.836565550905,0.49410271612954415,0.9831150942439373,3.982930065809332
SINGAPORE,NEWCASTLE,4,5940.737941543636,0.49426976173920834,0.23345608599045908,2.391343203245473
QINGDAO,ROTTERDAM,11,11198.297435123555,0.17210769094851575,0.12867634020784646,1.4933033207796982
RICHARDS BAY,DALRYMPLE BAY,7,5002.42700780625,0.8067804190019827,0.19501524345557364,2.690391546270357
RICHARDS BAY,SANTOS,2,3006.5262681236,0.38478908749119656,0.8141152294141378,3.1452258593036335
NEWCASTLE,QINGDAO,5,4849.443972917998,0.11999091571497722,0.012629620994715096,0.6884822869167191
QINGDAO,RICHARDS BAY,12,4688.367399306589,0.21823286197422143,0.8593058582579766,3.249404846477127
SANTOS,RICHARDS BAY,1,11034.681245209938,0.4991489928697923,0.55674926040234,2.6520921311162686
QINGDAO,SINGAPORE,12,11548.775117903451,0.871157443426209,0.6259043713487447,4.202371153819525
SANTOS,RICHARDS BAY,10,11058.762227024607,0.0633955474709299,0.9647134816494922,2.5046348183817146
QINGDAO,ROTTERDAM,1,1831.5844341049149,0.041997352724737036,0.6915667076040961,2.1953509960030546
QINGDAO,SINGAPORE,12,5783.7710193380535,0.7776575674944989,0.9735818101140806,4.784343374538852
RICHARDS BAY,QINGDAO,1,5858.319653227361,0.15541964209059578,0.7393723747314717,2.14523407521407
NEWCASTLE,SINGAPORE,7,11356.301977194806,0.2095656761518101,0.07730976342441298,1.9487955146373994
SINGAPORE,QINGDAO,7,7801.351134556546,0.9529477004377453,0.3478974229703994,2.7914115638894597
NEWCASTLE,QINGDAO,1,2669.7069440613063,0.49490458234777757,0.6396087735062922,2.42475760191025
RICHARDS BAY,NEWCASTLE,10,8874.085260336195,0.7454300432652088,0.9634400865023299,3.8306016790995403
NEWCASTLE,QINGDAO,8,6028.690391789212,0.1470274517982112,0.21525774800459374,1.5263072199278858
NEWCASTLE,RICHARDS BAY,5,10381.455689580707,0.653288941060912,0.277032899371888,2.7541355325933052
SINGAPORE,SANTOS,7,11497.112485964075,0.4380949678204281,0.8575670317814545,3.477186842332486
ROTTERDAM,SANTOS,3,3858.693172346985,0.0303930859079643,0.2079371311167001,0.7370156812900897
NEWCASTLE,DALRYMPLE BAY,6,10142.555562705373,0.20662274924258994,0.08852169309077762,1.307274168009918
NEWCASTLE,QINGDAO,2,8165.518983036499,0.08906878072810576,0.7164321030146041,2.8844662243027823
SANTOS,RICHARDS BAY,8,11339.905072058606,0.7650655888620086,0.3824500404103548,3.828423518275206
QINGDAO,ROTTERDAM,2,6596.985801778308,0.3407180421921664,0.9729254637313584,3.4621400613881526
SINGAPORE,RICHARDS BAY,1,2349.183520694506,0.675292681943378,0.49479588902751515,2.114210135373282
SANTOS,NEWCASTLE,7,2914.336784234356,0.48282761287493825,0.4330926926671741,2.6138773792893994
RICHARDS BAY,SINGAPORE,7,5646.190753769927,0.9017673533229758,0.37341568069981657,2.7690645844297657
SANTOS,DALRYMPLE BAY,10,11460.174481786613,0.43630669186472637,0.9137400566477883,3.680993548761644
NEWCASTLE,DALRYMPLE BAY,7,7300.401086990372,0.4176867776640505,0.6642926884890671,3.227130329172325
NEWCASTLE,SINGAPORE,6,8222.103810783125,0.36984930555500317,0.033169126191821,1.9472158275376767
QINGDAO,ROTTERDAM,9,9335.797765743662,0.958898965991929,0.11808826547039841,3.187559130510913
SINGAPORE,ROTTERDAM,6,5266.755797229518,0.5443762590907324,0.6402375084642357,3.6091001601221473
RICHARDS BAY,SANTOS,1,1940.0993389978848,0.45223723500989854,0.2180787500332272,1.8442455785267775
NEWCASTLE,SANTOS,2,4321.9346756867735,0.7308147321200402,0.16210257761345315,2.49874455620334
DALRYMPLE BAY,NEWCASTLE,9,3724.378793682574,0.7913655818164409,0.8980855795603327,3.2785014766896734
RICHARDS BAY,SINGAPORE,2,3028.1455835218603,0.10560591117053297,0.5220250585900587,1.8853721207426515
ROTTERDAM,RICHARDS BAY,1,3373.935984974841,0.7436492923507081,0.014769968209108253,1.7874540873691285
SINGAPORE,DALRYMPLE BAY,12,1501.4566440272436,0.038219275878738745,0.09751871042002502,0.5831458701746313
QINGDAO,RICHARDS BAY,11,5779.966701836861,0.8758814355212206,0.43375091650641584,3.8806160885557652
ROTTERDAM,SANTOS,12,6373.916195336846,0.6845747269179688,0.3331351687617752,3.3700403020911613
NEWCASTLE,SANTOS,4,3236.3158350606495,0.0710827290246051,0.7538195562388602,2.041866369619317
RICHARDS BAY,DALRYMPLE BAY,9,3801.6701529559987,0.20746129652810597,0.24090318614628137,1.0425023038290302
RICHARDS BAY,SINGAPORE,5,7142.310714463493,0.32006409442988015,0.47878641324817217,1.5916867203566287
NEWCASTLE,QINGDAO,6,8684.115973031203,0.4116338078041555,0.7704269139193984,3.2126781919128407
SINGAPORE,DALRYMPLE BAY,8,2088.4061066154636,0.377228748462206,0.5616628200266705,2.616334634992246
NEWCASTLE,ROTTERDAM,9,4709.7596455773,0.34248464886353414,0.39717780730076147,2.2424911307760813
QINGDAO,SANTOS,3,9780.501577732965,0.251297996652308,0.15096464105565988,2.1017211941178107
SANTOS,RICHARDS BAY,4,10716.853585475388,0.6943153619457966,0.16099112552377604,3.36089062755903
DALRYMPLE BAY,SANTOS,1,10698.155360778881,0.5393180742588684,0.15124951989151325,1.9497934241073793
DALRYMPLE BAY,SINGAPORE,10,10744.324624975006,0.6944587111102236,0.8407851899402022,3.5064987865356096
RICHARDS BAY,ROTTERDAM,5,5803.414605069672,0.7454900001256669,0.986554740870456,4.6237440247022965
SINGAPORE,DALRYMPLE BAY,5,11334.724104707006,0.997240161350175,0.3301876603428757,4.37594051572564
RICHARDS BAY,ROTTERDAM,9,3834.9866458834836,0.2313786210465959,0.552168064852006,2.3014681290461865
RICHARDS BAY,SANTOS,9,10559.813431032559,0.3906869289010715,0.8121223290174998,3.6097591954162005
QINGDAO,SANTOS,1,7105.0479209534315,0.5219763674773982,0.6063947825526801,2.9856411419259126
QINGDAO,RICHARDS BAY,12,6792.557176375694,0.39509781930056775,0.7654899334533378,3.2808730928802605
ROTTERDAM,SANTOS,10,1614.0876615709292,0.42743598147222606,0.3077308784134295,1.9359093535430458
DALRYMPLE BAY,NEWCASTLE,3,6503.828760527345,0.6994114947252903,0.7099609384605934,2.9552771253458756
DALRYMPLE BAY,SINGAPORE,1,11604.932322142391,0.2553582256852941,0.49248392101280924,2.342972050042419
NEWCASTLE,QINGDAO,4,7656.488382988863,0.43010126558129513,0.2243011969506068,2.0222811247328254
SINGAPORE,NEWCASTLE,12,6352.236616141482,0.34914187821509834,0.38792060954874763,1.4982083539429356
NEWCASTLE,RICHARDS BAY,8,8670.52731022594,0.09124796757439291,0.7536788472226202,2.891263681746232
NEWCASTLE,ROTTERDAM,4,10364.121663877728,0.9779441213316742,0.11852772288246882,2.9524273660755243
QINGDAO,ROTTERDAM,4,1871.7688497006066,0.7582289773548482,0.27540491927491295,2.9491838205401364
RICHARDS BAY,SINGAPORE,1,4229.692684749353,0.5217374676407273,0.7771563336528845,3.9417739167361825
SANTOS,SINGAPORE,5,10983.05570545059,0.5440364205885528,0.4813491100950078,3.38589060178135
QINGDAO,SINGAPORE,2,6261.228829337531,0.28068291456475414,0.7857250077929303,2.2406895673818177
RICHARDS BAY,SINGAPORE,6,7958.312390520649,0.42239231531785304,0.690699247139789,2.6183227697760634
QINGDAO,DALRYMPLE BAY,12,8195.133113467255,0.04330001928727878,0.3936288181756814,1.651984404494149
SINGAPORE,ROTTERDAM,1,4339.295624396627,0.6849608032252303,0.800193756804849,4.357908412495816
DALRYMPLE BAY,RICHARDS BAY,10,4364.021435254201,0.8722858923578851,0.9157666489053418,4.006833214266241
