from_port,to_port,month,distance_nm,sig_wave_height_m,wind_speed_ms,weather_delay_days
SINGAPORE,NEWCASTLE,8,10515.278159069516,2.5898799368571375,8.863517281370692,0.574678683616235
SANTOS,DALRYMPLE BAY,6,5393.379254442103,2.179590728119824,7.49988899335641,0.5456599596182321
DALRYMPLE BAY,SINGAPORE,11,8132.476190781681,2.2668887744575272,8.105449726751948,0.36479601233426306
NEWCASTLE,ROTTERDAM,6,1959.9395407659022,1.5740694491612055,6.635896169250874,0.03724778275761384
SINGAPORE,SANTOS,10,2864.1758060224524,2.009393831963278,8.56194193223175,0.21384574077395072
QINGDAO,SANTOS,10,5568.522979816832,2.2605263669032514,8.588631803295394,0.565107223000792
NEWCASTLE,SANTOS,6,9697.654825730662,2.918247875943385,8.970664636193526,0.9808670390281994
RICHARDS BAY,DALRYMPLE BAY,7,9532.48800286827,2.6912529708468043,9.03378086944517,0.4765406327750382
DALRYMPLE BAY,QINGDAO,4,10460.732269315744,2.5888009477527443,9.868087249573257,0.4712993719156353
ROTTERDAM,RICHARDS BAY,10,8475.292173437569,2.2386130633742356,8.095488232750142,0.1038411778288777
RICHARDS BAY,ROTTERDAM,9,6760.970138585317,2.1465513685057047,7.869804424967255,0.40994159188544815
QINGDAO,RICHARDS BAY,5,2420.3241528190606,1.4703886986738879,6.562614843308386,0.6507433617132607
QINGDAO,NEWCASTLE,4,6218.295772509781,2.3739220184881966,7.020523613784044,0.6088679103312225
NEWCASTLE,RICHARDS BAY,7,3356.114220861933,1.9054142854926044,7.832680716508651,0.8550234976880051
SINGAPORE,RICHARDS BAY,8,5865.977722791401,2.193659090023993,9.850621071267547,0.12911191732318922
SINGAPORE,NEWCASTLE,3,11213.76124295637,2.554709315166005,7.638612335829352,0.23969090345408206
SANTOS,NEWCASTLE,1,6609.912473800684,3.021377363160676,10.310466188665188,0.5100502654173915
SINGAPORE,RICHARDS BAY,7,6108.57033320299,2.063266582208693,7.090879411591573,0.0
RICHARDS BAY,NEWCASTLE,2,8423.937664264968,3.6926050868647513,10.200266407312478,0.7325902391289041
QINGDAO,SINGAPORE,7,5394.6839805556065,2.318940301917834,9.022831569941532,0.4561143095329299
DALRYMPLE BAY,QINGDAO,12,3228.3820846111907,3.374614583777755,12.328320423965943,0.977845307894081
DALRYMPLE BAY,QINGDAO,11,6948.012784057715,2.526687891423738,9.482132221309088,1.0334185440650194
ROTTERDAM,QINGDAO,1,4030.19103755969,3.288062907415173,12.037570107072547,0.5573191585155757
DALRYMPLE BAY,QINGDAO,4,9662.750801532364,2.5675474447929165,10.54257675089955,0.6335649999642726
SINGAPORE,NEWCASTLE,12,6816.464282016646,3.581409395991421,12.078721334338855,0.613246207066646
SINGAPORE,NEWCASTLE,2,2799.4149383286185,3.580768841424243,11.699653119852412,1.4045268243727542
SANTOS,QINGDAO,12,1761.0246595556914,3.2032494004439314,10.634727131026768,1.5835851571673758
DALRYMPLE BAY,SINGAPORE,8,11296.743826802218,2.724355883757324,10.654565388402883,0.43969305532676395
QINGDAO,NEWCASTLE,6,7073.080701290061,2.0484762419191838,7.2200917056707805,0.3678983626600891
QINGDAO,DALRYMPLE BAY,11,6265.917261801147,2.677665784676509,12.260398738593425,0.32393162938990183
SANTOS,RICHARDS BAY,5,10158.973999791584,2.6463272223191443,8.916498373408189,0.5583659441685929
QINGDAO,SANTOS,2,1722.0541715326203,3.3136669739168036,11.640049765653435,0.9382531224552253
NEWCASTLE,QINGDAO,12,10687.55189346339,4.6967056820255175,14.966766266526278,1.7386319469117226
SANTOS,QINGDAO,1,5422.948453825502,3.621119612926692,11.722382629244995,0.49782229155998325
NEWCASTLE,DALRYMPLE BAY,10,11785.492146159224,2.590897858874856,9.07830744968375,0.5087380384389483
DALRYMPLE BAY,QINGDAO,7,10504.507513286855,2.6392489482348154,8.90658331514834,0.06905323220490678
QINGDAO,SANTOS,8,5358.874006208845,1.7200178474097,7.105579522463524,0.7096326525834319
QINGDAO,NEWCASTLE,11,6549.559497150825,2.2866538973365724,9.401295971470203,0.41278179614126376
NEWCASTLE,SANTOS,1,9216.378204258053,4.273011948466001,13.296892885663262,1.9076495717112982
ROTTERDAM,RICHARDS BAY,2,11327.368138356573,4.586105343818674,13.809744498535043,1.3284574948732086
DALRYMPLE BAY,NEWCASTLE,2,7695.796901262246,4.116173300958233,12.841108074140907,0.5860082675146718
QINGDAO,NEWCASTLE,7,9521.195595069174,2.2747885319495857,9.140483386692527,0.018811119803028964
NEWCASTLE,SINGAPORE,6,5895.387158298984,2.1594021218710493,8.553205136440795,0.531948125949805
RICHARDS BAY,NEWCASTLE,5,4801.61979214476,1.6626011546209531,7.200193278922328,0.7542950858369541
QINGDAO,RICHARDS BAY,12,9693.165686048618,4.22635476337482,13.294529593639702,1.5038500174240839
DALRYMPLE BAY,QINGDAO,11,8189.27578190768,2.351291711493678,10.012134107847883,0.05127918259161229
SANTOS,QINGDAO,12,6144.298334212878,3.190600068253578,8.071096699874511,0.7885237373469891
SANTOS,NEWCASTLE,4,10287.41408643985,2.57021383826159,9.900560761899033,0.6631345779359836
DALRYMPLE BAY,SINGAPORE,3,3001.7296892496674,1.9565231456446006,7.647207499373822,0.3473604689556199
QINGDAO,SINGAPORE,1,7862.214365301141,3.582742104483561,11.914918108694863,0.9229956014934825
SINGAPORE,NEWCASTLE,11,10298.792295881522,2.557517227118385,8.277636230409309,0.37968628096900436
RICHARDS BAY,NEWCASTLE,9,3526.935654123493,1.4380391107992372,7.268905689858394,0.0
SINGAPORE,QINGDAO,3,8950.571993556518,2.074131475968745,7.493979675249934,0.5363680084897309
DALRYMPLE BAY,QINGDAO,8,7510.338074565692,1.8079764624028498,8.683175341377682,0.27034378851454066
SANTOS,DALRYMPLE BAY,2,6837.703753692892,3.704584715909123,11.569360025135321,1.3776961227834708
QINGDAO,RICHARDS BAY,6,7915.3692438845965,1.814666676395769,5.556349916800246,0.0
DALRYMPLE BAY,SINGAPORE,4,6478.393088446788,2.0257158379395817,7.767067837839068,0.45715053094615166
ROTTERDAM,RICHARDS BAY,4,9768.038330852516,3.2561059510640016,10.735291644753278,1.280803742750182
SANTOS,DALRYMPLE BAY,2,6788.1457144225415,3.423353414686524,11.512292065686477,1.2589928587582553
DALRYMPLE BAY,RICHARDS BAY,1,4446.420079403387,2.8952201826758017,9.454832997232957,0.09479105577785807
RICHARDS BAY,DALRYMPLE BAY,5,3112.9354401366654,1.6482448916338763,9.716904795515156,0.4878060507172275
ROTTERDAM,SANTOS,4,8720.483016243972,2.3462181060780827,9.483242333846245,0.623342778625058
SANTOS,SINGAPORE,9,10281.195050777498,2.9288548059738195,9.66636562525258,1.1291651585935751
QINGDAO,DALRYMPLE BAY,5,2340.5174782849426,1.6255206045952428,6.3099191132655275,0.15016815401462524
DALRYMPLE BAY,SINGAPORE,8,4566.622968302548,1.720692564299004,5.754916977363906,0.04487647368812528
QINGDAO,DALRYMPLE BAY,8,8316.06502640988,2.029045690058056,8.764941021015163,0.6211201962765388
DALRYMPLE BAY,NEWCASTLE,4,9570.58968932348,2.2310006948251346,7.429738719072431,0.07389508411974005
SANTOS,RICHARDS BAY,6,7079.815930548066,2.2233242106204547,7.681113143811196,0.720267864814077
ROTTERDAM,QINGDAO,4,11238.33481429228,2.6034394046339067,9.468914621342194,0.3261436604965507
SINGAPORE,RICHARDS BAY,8,11808.962449196622,2.789932546271384,7.1699431267428935,0.2635179812199177
RICHARDS BAY,NEWCASTLE,6,2698.0927474281907,1.8404437852357982,9.292003718971218,0.022361780214237792
DALRYMPLE BAY,SINGAPORE,4,9204.41172309812,2.0361204102560624,7.648634214051286,0.2455433399280814
DALRYMPLE BAY,NEWCASTLE,11,11768.128280275323,2.4885365670964563,8.340457851090678,0.7007174950097459
SANTOS,ROTTERDAM,10,1888.1926356123295,1.759402097037712,6.095069758676363,0.4415277837800882
SINGAPORE,DALRYMPLE BAY,9,9909.151717119637,2.358719445241041,8.749546564453016,0.5894784108741329
NEWCASTLE,QINGDAO,9,1810.8765358504388,1.3689118378313139,4.325043344733137,0.6822171425835133
NEWCASTLE,DALRYMPLE BAY,11,7698.362634273064,1.935819850850752,8.451200844177981,0.5512201391662551
ROTTERDAM,SANTOS,9,9978.031862750959,2.4552022219528395,9.525661210874242,0.03299281960624911
SINGAPORE,SANTOS,6,6717.624259368669,2.3479401759777043,9.015280615746638,0.25036082215371086
DALRYMPLE BAY,NEWCASTLE,8,5104.570854978531,1.7397301570600991,7.137119375456315,0.29986571776665144
ROTTERDAM,QINGDAO,7,11045.180551440959,2.686228981726368,8.658583139416251,0.2110721680068534
ROTTERDAM,QINGDAO,4,3132.1364228759358,1.929524584666198,7.69212123922383,0.6222590923145896
DALRYMPLE BAY,ROTTERDAM,12,8583.273508279754,3.714596399554382,12.219994520287752,1.5218058071897171
DALRYMPLE BAY,ROTTERDAM,8,11531.168995972015,1.977583712411488,7.128462377906081,0.14249458774540003
SINGAPORE,ROTTERDAM,7,6278.737345323505,1.8186296184510045,7.58030469568848,0.6648030016926092
SINGAPORE,DALRYMPLE BAY,9,3673.7156860105256,1.8632775310624636,8.428218710214495,0.06634912945783145
QINGDAO,SINGAPORE,2,6639.771068325685,3.3572930223383697,10.618407107753407,1.2270587856303732
SANTOS,RICHARDS BAY,3,6538.565705786184,2.3840517427169865,7.627942566307741,0.15772025146211094
DALRYMPLE BAY,RICHARDS BAY,3,1997.4272100575595,1.9330729377312337,8.673154157406938,0.0
QINGDAO,NEWCASTLE,8,4037.2085417604007,1.9334313004782002,8.79770082730693,0.9395217688965624
SANTOS,SINGAPORE,11,10482.66118880115,3.162892814139101,12.110954030350332,1.1832671428976007
NEWCASTLE,RICHARDS BAY,10,4843.190737198826,2.174930416578266,9.089875069460867,0.6566887254183189
DALRYMPLE BAY,SINGAPORE,9,1699.858552083609,2.188684457474072,9.736589515243754,0.5587161946249518
ROTTERDAM,SINGAPORE,8,2823.2765883395787,1.800443437361283,6.2982347578881015,0.30510135588102166
DALRYMPLE BAY,SINGAPORE,7,7638.707758408737,2.2029965804022096,7.323565963416132,0.3923473919820736
DALRYMPLE BAY,RICHARDS BAY,1,7742.959893354076,3.7374905980868696,12.470682582073664,1.4053109315576342
NEWCASTLE,DALRYMPLE BAY,11,7913.086398971892,2.677507973378709,10.454995597099503,0.5995742518330321
QINGDAO,NEWCASTLE,12,5902.360072958454,3.6661014517868153,10.82824516216302,0.8345630694132518
NEWCASTLE,DALRYMPLE BAY,8,8667.106781196813,2.7980437600946204,8.434008007454953,0.003426758462206303
ROTTERDAM,DALRYMPLE BAY,9,10722.840205013417,1.7704336905704605,7.936801255571744,0.8152336128149233
SANTOS,SINGAPORE,10,10588.511662870796,3.1100671689333357,9.884195112826523,1.3495530341924922
DALRYMPLE BAY,NEWCASTLE,5,9052.781603753649,3.3589342641856255,11.569154103216041,0.6961500865460954
SINGAPORE,RICHARDS BAY,7,6410.222694579263,2.145217836017514,8.627018798640462,0.5761477190417139
DALRYMPLE BAY,SINGAPORE,5,11526.43311448598,2.677837612442934,8.662169060313587,0.8528017952235084
DALRYMPLE BAY,QINGDAO,6,6418.374733091095,2.359122276545978,8.781246921426657,0.0
SANTOS,DALRYMPLE BAY,2,4150.5810507706665,3.482726056930121,11.913101723708541,0.6326934114561051
ROTTERDAM,DALRYMPLE BAY,8,2946.8321272419544,1.2834853539410829,5.733933985086154,0.046200092680034666
SINGAPORE,RICHARDS BAY,2,4159.182481202072,3.1572228602775443,10.793321259075551,0.3532571755712223
NEWCASTLE,ROTTERDAM,2,9609.706370582964,3.8933412022898666,10.509665959609505,1.140655536537512
NEWCASTLE,QINGDAO,11,3384.666759633918,2.134688219477312,9.426884196975758,0.8928418385710155
SANTOS,RICHARDS BAY,9,4070.363266276527,1.7356015608686315,7.305045279787531,0.8914921363423433
QINGDAO,SANTOS,7,7133.964142559437,2.3478936340478915,9.86109480364296,1.0221963663620148
QINGDAO,SINGAPORE,5,3681.031160191162,1.9315860358576313,8.749566031283216,0.5460828101590219
SANTOS,SINGAPORE,6,5704.738075075422,2.1853395284230572,4.72226623163133,0.0
NEWCASTLE,SINGAPORE,10,5084.5642075081405,2.6813325144717095,9.360745175767072,0.7409983997695123
DALRYMPLE BAY,RICHARDS BAY,3,11199.724818978391,2.2105499862373694,8.165267901133916,0.23383960432268938
ROTTERDAM,SANTOS,10,3099.4304566545447,1.5100293770646402,5.978471121508009,0.5877845102268127
SINGAPORE,ROTTERDAM,8,7796.801245517899,2.348524639190872,9.432632370810119,0.6319026617812782
RICHARDS BAY,SINGAPORE,12,10871.120741716926,3.9422750265542987,12.755105662528324,1.6313764095524572
SANTOS,NEWCASTLE,5,9254.362483209601,2.461789633110799,9.054343454133143,0.7918373005070256
QINGDAO,RICHARDS BAY,5,5785.645016425637,2.2795882743032205,8.184335085708831,0.7023525128235625
ROTTERDAM,QINGDAO,1,4928.741848053689,3.179361071929478,9.337676983180634,0.8089057448029062
DALRYMPLE BAY,QINGDAO,10,4476.968049291907,2.132537205329862,6.157121068882282,0.28667384162527315
SINGAPORE,RICHARDS BAY,8,4178.622775787498,1.97869479205446,7.457028506712021,0.5296028887041684
SANTOS,ROTTERDAM,9,7907.388166549082,2.004301271515662,8.982496671248724,0.630253252256384
DALRYMPLE BAY,ROTTERDAM,8,5008.168303066934,1.7141292800862742,7.865770808792417,0.0
DALRYMPLE BAY,RICHARDS BAY,3,6546.380124894218,2.277989587894211,8.674327089176627,0.6182587809953686
NEWCASTLE,ROTTERDAM,5,3797.994392343638,1.8617238853139777,6.651485218337736,0.47749776997992505
SINGAPORE,DALRYMPLE BAY,3,9630.526962422038,2.1891893002265554,8.605164646562246,0.85536023978725
SINGAPORE,SANTOS,8,11295.458215339158,2.7593241570517613,9.580564797783481,0.6815622018606999
QINGDAO,RICHARDS BAY,6,10241.557491702075,2.5267074371871536,9.848347127289935,0.6341311538419305
SINGAPORE,QINGDAO,12,11993.930046853971,4.491492058088625,14.22494411299106,1.833938731653567
QINGDAO,SANTOS,3,8558.77652784617,2.1174978162471008,9.538560700302288,0.7118650829229793
SINGAPORE,ROTTERDAM,9,9914.589055348592,2.515155520436862,10.163991519630425,0.4744591404106161
ROTTERDAM,RICHARDS BAY,4,2054.4745647011587,1.6501947325155493,7.0302343356940025,0.8353956187075089
SINGAPORE,SANTOS,3,3042.0692156247446,1.5984511187094816,8.57860983079676,0.2753936227312852
SANTOS,NEWCASTLE,8,9399.453601552304,1.7440621421298648,5.486578539821051,0.12928548681622362
QINGDAO,RICHARDS BAY,10,2748.558654356585,2.083914486381478,8.351886804034521,0.7163969830197774
NEWCASTLE,SINGAPORE,12,6211.659825613131,2.8859043439992873,8.354124517839006,0.31066799540730644
RICHARDS BAY,ROTTERDAM,8,4535.377607201013,2.690764988342869,11.183271924432884,0.534553586532771
SANTOS,SINGAPORE,12,6605.016794033892,3.1804399246903463,9.598905391070435,0.843478123286118
RICHARDS BAY,NEWCASTLE,4,6980.143943077162,2.387871768689908,8.765104860761623,0.10450174251422417
RICHARDS BAY,DALRYMPLE BAY,10,3305.58369533874,1.7535621346139483,8.25724608136484,0.9297817767808624
RICHARDS BAY,ROTTERDAM,8,3552.608350611043,1.4584984950736006,6.430802859448154,0.38231714163925623
SINGAPORE,QINGDAO,8,4864.170637771732,2.0756703851328395,9.038099824670418,0.2925432089207819
DALRYMPLE BAY,RICHARDS BAY,11,11261.499519655328,1.9512148185800506,6.707070662861998,0.760062473166512
DALRYMPLE BAY,RICHARDS BAY,2,7023.635532303219,3.920977823452626,11.265308354671559,1.3156123037987184
NEWCASTLE,DALRYMPLE BAY,10,3288.582533414448,1.9269612139782393,7.061396597498564,0.3719943055583902
RICHARDS BAY,QINGDAO,3,2584.476530624021,1.5991547016956877,8.243182215845803,0.33869737772956815
QINGDAO,SANTOS,12,11294.186006398317,4.584456397781606,12.372001806266523,1.5990656866707535
ROTTERDAM,RICHARDS BAY,5,5130.173460507643,2.3128182457931112,8.723049904544004,0.7341420952985614
ROTTERDAM,NEWCASTLE,7,9433.165195970985,2.6383912212706075,9.870337137446782,1.0761629331128977
RICHARDS BAY,DALRYMPLE BAY,11,11200.954205727014,3.1061165133135162,10.575931176969995,0.7249874727648081
ROTTERDAM,SANTOS,9,10447.526039226408,2.619886494000869,7.9133768846831885,0.5631257389254438
DALRYMPLE BAY,ROTTERDAM,11,4338.588776092939,2.011151003885642,8.867785116253138,0.0
SANTOS,NEWCASTLE,11,3469.8975740328524,2.0312708889104045,8.81639684775449,0.3485608459921079
RICHARDS BAY,DALRYMPLE BAY,9,5962.283549494065,2.337599445424858,8.000084938706255,0.6090501750298447
RICHARDS BAY,NEWCASTLE,4,10680.509691515539,2.9251750381396775,9.089841228207991,0.526969515563164
SINGAPORE,SANTOS,10,1920.9976036641472,1.6549569720675168,8.051942847114525,0.0
RICHARDS BAY,QINGDAO,2,11446.857855160846,4.285251619067946,13.228391248569071,2.179594369460346
DALRYMPLE BAY,SANTOS,5,6026.301755198352,2.7955835021468585,9.918010474681738,0.4475918221215537
SANTOS,RICHARDS BAY,4,10981.386110764435,2.703926772251595,11.320808352234943,0.8049426650858278
NEWCASTLE,SANTOS,1,7458.205192267895,3.225857788264095,11.313715626940324,0.7367378632022852
DALRYMPLE BAY,SANTOS,4,11625.918546360528,2.2081654218979914,9.245451914862036,0.5989252364159094
ROTTERDAM,DALRYMPLE BAY,8,9855.779934253185,2.9276614111012473,11.081356732113175,0.0
SINGAPORE,SANTOS,6,5556.585300843409,1.729688172207164,7.795777283104201,0.06067777285755427
QINGDAO,DALRYMPLE BAY,11,1869.3478129364073,1.8677305151855905,7.5529611877209195,0.5330282133957126
RICHARDS BAY,DALRYMPLE BAY,12,3981.784571527218,3.223983036329046,11.1426366842865,0.9232687858292441
QINGDAO,RICHARDS BAY,8,3619.6061419001817,2.2402418112589135,9.848391073238798,0.24244118204985488
RICHARDS BAY,ROTTERDAM,3,6097.336439596291,2.0469109958477465,8.484352588015009,0.8414336117658137
QINGDAO,RICHARDS BAY,3,6064.977341494985,2.0252192951021564,7.121449423073733,0.12806175086448518
RICHARDS BAY,SANTOS,6,6955.270780151787,1.8213318371069278,8.763504325617022,0.17491726614495895
DALRYMPLE BAY,SINGAPORE,9,3893.6616083434155,2.3442981910111627,8.382030760735267,0.3194186002562902
RICHARDS BAY,NEWCASTLE,1,10133.242233984973,3.9790612558651457,14.25771160476761,1.2623527098966307
ROTTERDAM,SANTOS,6,8554.468980447708,2.652012870784365,9.344282243569193,0.2229579803546306
RICHARDS BAY,ROTTERDAM,6,3762.698989033355,1.872245162825893,5.4840755683139335,0.2627714902494113
NEWCASTLE,QINGDAO,7,11538.489924987605,2.822842914553688,9.760270266131254,0.772294994134562
SINGAPORE,ROTTERDAM,9,3339.3959624880385,1.887561885234702,7.158830682277297,0.3501444232832988
RICHARDS BAY,SANTOS,10,2234.282130507043,1.9370213199480197,6.692563571967219,0.1890858924010326
RICHARDS BAY,QINGDAO,3,5288.510894883911,1.396693385289485,6.750253180938062,0.8513044617108741
QINGDAO,ROTTERDAM,5,6107.627868920461,2.1738501742178897,7.632823786538269,0.8298015291935685
SINGAPORE,RICHARDS BAY,8,10605.308904370413,2.5040156522577264,8.583568594733554,0.8715407468086939
NEWCASTLE,SINGAPORE,9,6510.606649470708,2.445504589739506,7.726181083017972,1.1159797994221203
SINGAPORE,NEWCASTLE,3,9826.552279076119,2.4043852810073574,9.648693167147513,0.6109245947302139
NEWCASTLE,QINGDAO,10,11357.456219173902,2.7543983538261427,7.9417384574168475,0.39673463081948657
RICHARDS BAY,SANTOS,12,5730.235889330111,3.804483566861587,12.418088444713417,1.0730643440988152
DALRYMPLE BAY,NEWCASTLE,10,8615.94045177193,2.0125519052395116,8.1871633695419,0.6256798798029418
SINGAPORE,DALRYMPLE BAY,6,4156.864874261677,1.4796067034466784,5.696824108036191,0.25411771464927646
RICHARDS BAY,SANTOS,5,1905.7652531822882,1.479655801048888,6.839945402820899,0.0
DALRYMPLE BAY,SINGAPORE,5,3482.7824149942094,1.4252873305742582,6.6767369610539,0.03654821946211376
SINGAPORE,DALRYMPLE BAY,2,5735.221234115847,3.5570416635507094,12.246773147621008,1.3834501295279669
ROTTERDAM,SINGAPORE,3,3446.4403644260997,1.779338628412213,7.174876331116681,0.4199260028230222
RICHARDS BAY,QINGDAO,2,2917.9000085904786,2.7586940090612253,9.84140054231243,0.42539454239839464
QINGDAO,SINGAPORE,2,8212.128573739785,4.160828543898232,9.977359194007786,1.7154325235580592
SANTOS,SINGAPORE,11,4710.902401754957,2.0560108165784925,9.196536794086951,0.0
DALRYMPLE BAY,NEWCASTLE,6,10705.12045689288,1.8462796903799767,8.340953391998665,0.0
ROTTERDAM,RICHARDS BAY,9,7617.765667802644,2.6436413974066637,9.823579763994221,0.5001129911078714
SANTOS,QINGDAO,7,3479.5674556786826,1.886543223315248,10.160038246204419,0.0867028188129978
ROTTERDAM,RICHARDS BAY,8,11859.601842063916,2.770546944424639,8.842413452864449,0.6106079705227109
SANTOS,RICHARDS BAY,12,10777.06328244893,4.374265887100332,13.113056812193467,1.1925087299965555
DALRYMPLE BAY,SINGAPORE,6,8975.137011180077,2.5895777989166353,8.64083939497169,0.6495558467535117
QINGDAO,DALRYMPLE BAY,5,11424.057020543112,2.2278209926452215,7.9237644913476855,0.08154848113978236
SANTOS,RICHARDS BAY,5,4079.8473014473,1.7599643280299264,7.661348129400397,0.0
NEWCASTLE,DALRYMPLE BAY,7,6499.405121449308,2.1007544621368317,7.620548735742181,0.0
DALRYMPLE BAY,SANTOS,2,11709.635603302779,4.35285090716289,11.367319403001936,1.678379635081494
SINGAPORE,ROTTERDAM,2,2248.6976089408768,2.9427106962437226,9.356149085787552,0.7286783505986928
SINGAPORE,RICHARDS BAY,5,8203.909041529776,2.5947781203490314,7.821221943146947,0.5035301950316785
DALRYMPLE BAY,ROTTERDAM,10,4237.389704027419,1.5301980206695784,7.7316240529528555,0.06272728312810394
DALRYMPLE BAY,SINGAPORE,11,4730.4873969798155,1.7761374716335487,6.986636194912058,0.6587700496510338
NEWCASTLE,ROTTERDAM,7,8029.5513218705755,1.9500950371940278,7.122584146639788,0.18159916910142151
RICHARDS BAY,SINGAPORE,10,5794.8688864801625,2.922357579676934,9.393330708389472,0.7218823361526187
SANTOS,DALRYMPLE BAY,6,6741.539366933345,2.2373540000107206,7.353276954004185,0.8861172934039303
SINGAPORE,QINGDAO,5,6556.711686663457,2.488422112113985,7.3848312219865155,0.6096969929670711
SANTOS,ROTTERDAM,3,2499.469152538228,1.1942983586334623,6.062898607193196,0.10864725723343165
DALRYMPLE BAY,SINGAPORE,2,3257.3324962638826,3.202838571115988,10.498031180486434,0.2491763405988725
DALRYMPLE BAY,QINGDAO,11,6752.201317790197,1.5830699708213305,7.439943786966181,0.29703045115174376
RICHARDS BAY,QINGDAO,8,11931.98649303135,2.060891833018814,8.891019874074757,0.7991755061909918
RICHARDS BAY,ROTTERDAM,7,10244.789073945878,2.2616459301262006,8.296837275708263,0.6970208996525862
DALRYMPLE BAY,QINGDAO,1,7246.469832651184,3.6470352127593997,12.772349361234859,0.7832912826973141
ROTTERDAM,SANTOS,4,2835.872599864194,1.1722687076660039,6.377232640585278,0.0
QINGDAO,SINGAPORE,12,3358.514816774081,3.4783899018818105,10.26484610758901,0.8806531747024454
ROTTERDAM,SINGAPORE,11,3131.669752201394,2.2369208962084413,9.497940632257908,0.5771533611743169
SINGAPORE,QINGDAO,7,10990.993982352527,2.4305574351775756,8.244922130364458,0.16104536513177115
QINGDAO,DALRYMPLE BAY,12,6687.667838448659,3.1809414372569114,11.086737546070022,1.2554699615339513
SANTOS,NEWCASTLE,5,6111.374388662314,1.6427765622095676,7.828411348896731,0.6258449196066467
SINGAPORE,DALRYMPLE BAY,6,7835.76255361989,1.8182704316575724,8.089559619627316,0.22516651959156445
SINGAPORE,NEWCASTLE,7,3614.1573500535096,1.5131421480893292,7.058654396905689,0.3227457367035183
DALRYMPLE BAY,RICHARDS BAY,12,11011.973297586672,3.2260493655495477,11.642404434609213,0.0
SANTOS,ROTTERDAM,8,3112.5876804042027,1.2348074088758287,7.598605918713675,0.22692644888246497
RICHARDS BAY,SANTOS,4,11679.31512911867,2.1521831727490532,7.900774226978772,0.17697333038014323
SANTOS,NEWCASTLE,2,10525.39190089843,3.812053537859308,10.34948867370311,1.1073429619235147
QINGDAO,SINGAPORE,9,11866.78250955001,2.4139473843739947,7.956678696722174,1.1090510228830528
NEWCASTLE,RICHARDS BAY,2,5017.992213803915,3.774218074435787,10.345739562970543,0.975688274903725
QINGDAO,ROTTERDAM,2,10793.476376381408,3.8590313104207503,12.203156489338614,1.2091070015264613
SANTOS,SINGAPORE,3,5850.714605940793,2.5940474654853345,7.847738722949465,0.791656777567049
SANTOS,NEWCASTLE,2,1644.6622305875285,2.9963313824178304,10.023709965324215,0.6635354598811942
QINGDAO,RICHARDS BAY,2,6908.900456884984,3.808107553515167,12.161538368997396,1.1828298889992594
SINGAPORE,DALRYMPLE BAY,8,9520.36270652776,2.2927897222138816,10.799732060219675,0.39582242986571736
ROTTERDAM,SANTOS,12,3040.803948680351,2.970801066303319,11.130386246960512,0.9398499349509926
SANTOS,SINGAPORE,6,11769.48033077379,2.6685231105461695,8.67674610507035,0.7753509893846708
SINGAPORE,DALRYMPLE BAY,9,11696.919093924444,2.2281482039951888,9.021449786800147,0.0
SANTOS,DALRYMPLE BAY,5,7072.594556132458,2.088185303241908,8.29011875996996,0.6484844061159446
NEWCASTLE,RICHARDS BAY,6,8585.533900261631,2.9334868530467864,9.103534388782911,0.2846466193909822
QINGDAO,SINGAPORE,11,7505.481569232628,2.4806083449219813,7.736511912193421,0.8716201786107327
DALRYMPLE BAY,QINGDAO,9,2872.894040451345,1.6064735951360678,6.120051949173386,0.0
NEWCASTLE,ROTTERDAM,5,3209.9937880483762,2.110364583476638,8.188392048258061,0.5901943428841324
RICHARDS BAY,QINGDAO,4,2636.619135485999,1.3778229025359625,6.721170940037292,0.2644529447430539
SINGAPORE,DALRYMPLE BAY,5,4943.200777072392,2.04185449285716,9.106116211074793,0.6653943981188235
SINGAPORE,RICHARDS BAY,10,4803.1064748763465,2.01987279142398,8.858509533195402,0.4503411161633122
SANTOS,NEWCASTLE,10,4738.826036226376,2.0508802228363163,6.38727455017651,0.16596622314318518
SINGAPORE,QINGDAO,9,9891.840677420081,2.5526000102564885,9.495654952566861,0.7297620180952422
NEWCASTLE,SANTOS,6,4284.741289181943,1.9607343829342847,8.136566901687605,0.6251620395338218
NEWCASTLE,QINGDAO,9,5886.304506809816,2.750588042823102,8.977403307104968,0.7601788467589926
SANTOS,ROTTERDAM,10,4195.578496119246,1.6799161261440299,7.008307517144766,0.3841734149146186
SANTOS,QINGDAO,3,7633.702566424607,2.38164155147507,8.043801556971593,0.2929298912477659
NEWCASTLE,ROTTERDAM,8,10066.96276236249,2.726143998618529,8.605543904353038,0.2953508583163855
QINGDAO,DALRYMPLE BAY,4,4894.291785833599,1.832967585147445,6.721981645572888,0.7263733475991423
QINGDAO,ROTTERDAM,6,11184.755204733034,2.396962546210171,8.177750008245818,0.2530348803261694
RICHARDS BAY,ROTTERDAM,9,3495.474767575765,2.001866012249052,8.60673887792478,0.30056014837120626
ROTTERDAM,SINGAPORE,5,8382.323623560014,2.343432751101394,8.565060278149454,0.36027411972923057
DALRYMPLE BAY,ROTTERDAM,11,4617.11909782785,2.0136140516784526,6.170916536242448,0.3126047168170036
SANTOS,QINGDAO,8,5575.615263069683,2.084801533389983,8.774394649330535,0.7605286004893854
ROTTERDAM,RICHARDS BAY,2,9833.562554692482,4.27723185781604,13.846150181290753,1.908102017572749
DALRYMPLE BAY,ROTTERDAM,7,2828.919817301583,1.337223380760837,6.767126207550677,0.012125808489846318
SANTOS,NEWCASTLE,8,10625.064755908528,3.2182656055161405,10.71382074224313,0.9812349554229916
NEWCASTLE,SINGAPORE,3,5059.748072158178,1.994245130850852,7.898297848324316,0.12583482354883868
QINGDAO,ROTTERDAM,3,8935.937110970732,2.207438124902475,6.832709233678032,0.2056341622583689
DALRYMPLE BAY,NEWCASTLE,1,9159.698422540281,3.2015896402174517,11.436965448373803,0.4890147107664075
NEWCASTLE,SANTOS,7,7780.762740428135,2.3195378128487976,8.444095739577808,0.6349804736327103
SANTOS,SINGAPORE,4,3332.639882081277,1.9581744326498143,6.825901612749151,0.5559672778124612
NEWCASTLE,SINGAPORE,4,11853.312302304548,2.090088263291756,9.415423914893784,0.4544232926619745
QINGDAO,ROTTERDAM,10,2955.0957901458596,2.4787387135814156,9.92848376312202,0.09311661652121495
ROTTERDAM,QINGDAO,9,9142.74936598448,3.186030167689367,9.622058599130222,0.649268292828081
SINGAPORE,ROTTERDAM,1,2091.0325363109073,3.319910671541062,10.146599497576213,1.4448547570309906
SINGAPORE,RICHARDS BAY,11,3076.3603458671996,1.82441783962644,8.144956387341665,0.47250903505467884
DALRYMPLE BAY,RICHARDS BAY,4,5895.03530929527,2.46683721619036,10.073927713325,0.5701106306532178
DALRYMPLE BAY,ROTTERDAM,1,10657.095171037525,3.7950761756494376,10.037644877998822,1.1431354035412442
QINGDAO,RICHARDS BAY,1,1996.1285579930936,3.514462437558305,11.872861766669965,1.4223826519895528
ROTTERDAM,NEWCASTLE,11,1614.8145716619692,1.453950534265503,8.409930320374135,0.5198740403949084
ROTTERDAM,RICHARDS BAY,8,9818.843790289226,1.8259517854037521,7.801984701152528,0.4532827662618429
DALRYMPLE BAY,QINGDAO,7,8659.907003204273,3.1255621036430807,11.731223411000077,1.1565919246433012
DALRYMPLE BAY,NEWCASTLE,7,2207.4302038965657,1.6863096356890797,8.965531360500968,0.24351984756718628
DALRYMPLE BAY,RICHARDS BAY,2,8764.394143499356,4.113541588885347,10.694218299417987,1.0740535627114147
SINGAPORE,DALRYMPLE BAY,9,11548.201638623184,2.6413216015694165,7.3217976046693,0.7768216642780644
SINGAPORE,ROTTERDAM,9,6554.441671247411,1.9621816920088069,8.513066662232765,0.26744993925427785
SANTOS,RICHARDS BAY,9,8236.245635078994,2.063842598358214,6.480188897668989,0.4723905075613055
NEWCASTLE,SANTOS,12,8630.041341023927,3.4305988941821766,11.971167431470054,1.3525928222344283
DALRYMPLE BAY,NEWCASTLE,8,5055.210153713548,1.9213009951161413,9.392492556361407,0.2786146755072627
NEWCASTLE,SINGAPORE,5,5420.527204216085,1.58539293786418,8.198366946282182,0.009280925263043083
QINGDAO,DALRYMPLE BAY,5,9611.31096323534,2.1662005180260513,8.608815400305858,0.7523835875127018
DALRYMPLE BAY,NEWCASTLE,12,6982.485195694519,4.479336409194575,12.582568627829568,1.3180941120603222
DALRYMPLE BAY,RICHARDS BAY,12,10206.080148630377,3.77233274264264,11.134131497270264,1.10339011942876
DALRYMPLE BAY,ROTTERDAM,9,2754.2085772513537,1.7290376301391626,6.26919510668072,0.09393168177348826
ROTTERDAM,DALRYMPLE BAY,3,3213.6701895367646,1.683059134779425,6.932885612935829,0.40694293631416945
SINGAPORE,DALRYMPLE BAY,12,8128.502131713894,3.7288296251071267,13.274186246354358,0.8353624130808652
NEWCASTLE,QINGDAO,10,5461.459310144313,2.3005335540535414,9.978803344381827,0.5164482715359625
SINGAPORE,DALRYMPLE BAY,6,4856.488460084413,1.949023679617024,5.705503868426639,0.17760979561755888
QINGDAO,RICHARDS BAY,9,1762.922131554428,2.0416097693907838,9.002643215428552,0.886653227157972
QINGDAO,RICHARDS BAY,9,5658.685138424116,2.3073326836011256,8.738405381613642,0.3182404591251219
RICHARDS BAY,SANTOS,10,10181.135694145727,3.0528017072259863,9.891806552602018,0.2168684193503
ROTTERDAM,SINGAPORE,9,1540.8885370018925,1.9985657810549857,8.539326847834227,0.48384702547512504
QINGDAO,RICHARDS BAY,11,8351.95614355436,1.8486180763063733,8.31167627550522,0.5606483514530493
SANTOS,DALRYMPLE BAY,6,8507.667325037373,2.2571993388271174,10.535038376430066,0.0
ROTTERDAM,NEWCASTLE,8,5187.840738343632,2.1354953509644923,7.8909526397367875,0.0
ROTTERDAM,QINGDAO,5,10142.209973968356,3.0189360729988652,11.171440848873356,0.4878060370797555
DALRYMPLE BAY,SINGAPORE,6,7383.925907662667,2.430373440506504,10.334159962454763,0.6159605219068721
SANTOS,RICHARDS BAY,9,6000.225641634624,1.802690669487257,8.573380143528379,0.3403612291801462
SANTOS,DALRYMPLE BAY,7,10560.7269370257,2.6488965456305475,9.921977363730628,0.36945994438064544
SINGAPORE,DALRYMPLE BAY,3,10046.11467895049,2.5906788033828305,7.267577871936735,0.8595355358717061
ROTTERDAM,NEWCASTLE,3,10327.309790604488,2.26348308780405,7.534119367774161,0.39913420256254845
RICHARDS BAY,SINGAPORE,9,6406.370362869513,1.5835939157049013,6.488208517057821,0.2779601627432662
RICHARDS BAY,SINGAPORE,6,10087.270754559848,2.9699343410253256,10.151328834414569,0.5666497573849105
RICHARDS BAY,QINGDAO,10,4007.245958266174,1.6048525626716383,7.1540200726932826,0.29921036446419924
NEWCASTLE,QINGDAO,12,10685.933912454215,4.0044074480871785,12.673107198229992,1.0400223499042607
RICHARDS BAY,SANTOS,1,10029.117937938003,4.495018021963294,12.47639978321168,1.54920077707017
ROTTERDAM,NEWCASTLE,12,4096.194019721088,3.1615766703541865,10.30244697660214,0.6300074989482393
ROTTERDAM,SINGAPORE,6,6879.034948401931,2.0836886447606338,6.738561855294989,0.26850844436454024
SANTOS,QINGDAO,2,5631.299276877378,3.770448697447801,12.976875519697378,0.973200395540462
RICHARDS BAY,ROTTERDAM,10,7061.06503007458,2.342305192441546,9.9174741281921,0.4610542484367289
QINGDAO,DALRYMPLE BAY,5,9718.994154589074,2.39996811159083,10.086778485827164,0.0
SANTOS,DALRYMPLE BAY,2,10761.815949100095,4.224763478730589,12.595157271805062,1.4407896656044963
SINGAPORE,NEWCASTLE,12,2555.481014875438,3.31880748211397,10.461401905265964,0.9901899967983615
NEWCASTLE,DALRYMPLE BAY,4,9894.882360041402,2.147426179008793,8.153449687192207,0.46002199062562976
QINGDAO,SINGAPORE,4,2919.8243010418537,2.1789613396896574,6.6233111824421185,0.4712325790745872
QINGDAO,NEWCASTLE,9,11317.057077091435,2.280822706965495,7.259710843767484,0.9755488361003444
SANTOS,SINGAPORE,7,8081.043675435187,3.0455774492644863,11.483225819503229,0.5303156910204854
SANTOS,RICHARDS BAY,8,4070.0329573391555,1.7660437209680437,7.365311707934101,0.5593705257183581
SINGAPORE,SANTOS,1,1797.069209200203,2.820430434209773,10.279620250095522,0.7823445835950219
RICHARDS BAY,NEWCASTLE,8,11536.535608983717,2.49105238984058,8.288061455823518,0.0
SINGAPORE,QINGDAO,3,6237.76058865129,2.0504774023112704,7.937190700500339,0.28274195927571977
SANTOS,ROTTERDAM,8,9762.8819260273,2.277967463860588,9.05702036034364,0.8122818421142595
SINGAPORE,RICHARDS BAY,1,9558.827867799433,3.821037757849032,13.121665889349,1.1058921007959104
QINGDAO,DALRYMPLE BAY,6,6032.651352358759,2.026008775562939,8.625380021298824,0.22572195646026436
RICHARDS BAY,ROTTERDAM,5,2800.49725185767,1.81266037102979,9.35145311672909,0.0
SINGAPORE,QINGDAO,6,2744.0951497254164,1.614270733074779,7.235748526525928,0.14049050052105208
QINGDAO,ROTTERDAM,2,7271.570692258809,3.8168325150011264,12.309643885809175,0.8109248840384975
RICHARDS BAY,SINGAPORE,3,11803.403501929364,2.405772633846939,9.792218562021304,0.8342582834455556
QINGDAO,DALRYMPLE BAY,8,5910.877435679313,2.4499895891790056,8.975378721504073,0.48929229282731884
ROTTERDAM,DALRYMPLE BAY,8,11190.075810714501,2.432761165367274,9.651721599387463,0.840929260339113
SINGAPORE,ROTTERDAM,2,4063.2502883985544,3.8789380236705178,11.696858696312628,1.1745563443441613
SINGAPORE,NEWCASTLE,8,7692.794830486519,1.943457408264908,6.629532341548446,0.5122538633793865
SINGAPORE,DALRYMPLE BAY,7,10760.025779958738,2.253917859254604,6.612789868561327,0.472158610554404
QINGDAO,DALRYMPLE BAY,11,10056.197398196413,2.7737593636002784,10.299902459913236,1.0098663464362923
QINGDAO,RICHARDS BAY,11,3112.567602951444,1.7115239999932133,6.605489601656461,0.4343537051592442
SANTOS,SINGAPORE,4,11097.210664453774,2.9033734688165374,9.885364607164863,0.4446419362369826
QINGDAO,SANTOS,4,4476.388277555254,1.8249691006928885,7.691118221734954,0.6964298643807622
DALRYMPLE BAY,SANTOS,5,8366.007021521165,1.6660900527825169,7.689545077720707,0.9037216030713336
NEWCASTLE,RICHARDS BAY,8,2196.704439591101,1.7869572637841875,6.300962098828642,0.1242754882672222
DALRYMPLE BAY,RICHARDS BAY,2,7264.0225932922085,3.502567314446403,11.874810385587297,1.3270303310905986
ROTTERDAM,RICHARDS BAY,10,7738.007862987472,2.1534243045028,7.556123990740487,0.9221547419590821
ROTTERDAM,SINGAPORE,10,4575.827018290291,2.084322929100197,8.894674891239536,0.7893386549122117
NEWCASTLE,QINGDAO,2,4924.707741037443,2.8540199115080007,8.689922211497315,0.8218911921247689
ROTTERDAM,SINGAPORE,5,10526.643163040864,2.331782381342586,8.691891507768114,0.020085574366440873
QINGDAO,SINGAPORE,12,8914.035115123983,3.875412650815052,11.720081469369575,0.9603222222666301
RICHARDS BAY,NEWCASTLE,6,9369.90726415184,2.2539610665980496,10.807586202810938,0.4940529224671222
SANTOS,ROTTERDAM,2,8308.705791170289,3.894030980353803,13.374065791667471,1.2438847856935429
QINGDAO,RICHARDS BAY,10,4066.996346101315,1.6767610843508307,6.1434693190126275,0.990868451887276
SANTOS,SINGAPORE,6,1670.6996538735436,1.202720115565381,6.140080122816507,0.07083732785661875
SINGAPORE,RICHARDS BAY,2,4306.646522511268,3.3043187574539803,10.727301684631957,1.165831586639395
RICHARDS BAY,DALRYMPLE BAY,3,6262.94887377353,1.7586773475366206,9.018590558900451,0.4865270568659594
QINGDAO,SINGAPORE,4,4205.714458366471,1.6682867042355098,7.609529163334409,0.28923104076979184
ROTTERDAM,SINGAPORE,9,4980.480398420802,2.0397815617705577,7.983679520975144,0.15886077377240054
RICHARDS BAY,SANTOS,1,8140.685464253256,3.7020143472710716,11.889331977605284,1.2169343814208664
SANTOS,NEWCASTLE,4,6268.879622873827,2.104156519349435,7.757137681459456,0.07929321501615011
SINGAPORE,SANTOS,3,2532.324206821577,2.4947751434987984,9.160058473017246,0.46961561827633636
DALRYMPLE BAY,SINGAPORE,5,4685.045143163085,2.226218331769629,8.660187261153382,0.0
SINGAPORE,NEWCASTLE,2,3429.8167334891373,3.6573905466340895,10.848364587260745,0.6869167359003074
DALRYMPLE BAY,SINGAPORE,1,2097.588622348734,2.938149298430324,10.030378589009517,1.0093937869966483
SINGAPORE,RICHARDS BAY,1,2510.0055001519854,3.649544193252718,10.642602279686711,1.6159763511423921
RICHARDS BAY,SANTOS,12,8619.12131880386,3.840697454363047,11.72605318968956,1.3470843897440583
NEWCASTLE,QINGDAO,10,3324.657321715103,2.0663245584029455,8.419939877842253,0.6492247941911358
SANTOS,QINGDAO,3,1781.9856577274934,1.7338525577481725,8.155357600005358,0.5073153827884341
SANTOS,SINGAPORE,7,9495.831352108917,2.6501084407966946,8.630535453521187,0.6095448236471911
DALRYMPLE BAY,QINGDAO,1,2649.61691985856,3.4261918482540574,12.824579648451929,0.9040453188610743
NEWCASTLE,RICHARDS BAY,4,1636.4301610538605,1.9143274944712594,7.714738595889435,0.9071897114183914
ROTTERDAM,QINGDAO,2,9982.256051915962,3.8157536863904102,10.855032964632457,1.8922282449317749
SINGAPORE,RICHARDS BAY,5,3224.6605661697995,2.0254504221499374,7.4060405376625456,0.49639990855895616
SINGAPORE,DALRYMPLE BAY,7,11151.178938799772,2.8217014041736435,10.620068178325416,0.7019152122327279
ROTTERDAM,SANTOS,2,7306.636566616262,3.43454711030056,9.371054445210074,0.6815716702217482
DALRYMPLE BAY,QINGDAO,7,1951.2388192924382,1.5879323638491991,5.813813896845746,0.0
SANTOS,QINGDAO,12,11491.193028077967,4.087185575284636,13.199127884320044,1.140807196186146
NEWCASTLE,SANTOS,10,6576.420839150824,2.0547886880421316,8.589267906681794,0.5212496054378015
SINGAPORE,QINGDAO,2,8206.6745854225,4.125760573013607,12.717849918197631,0.8805934946240825
QINGDAO,NEWCASTLE,7,6661.440557038489,1.6676925797822957,5.4912647083970665,0.3532218197679246
SINGAPORE,DALRYMPLE BAY,6,4187.3603597478095,1.482908771946137,6.516939923611889,0.7152411089632202
ROTTERDAM,QINGDAO,1,11300.577746871772,4.3524423047826835,13.614044211779243,1.0634280652009178
DALRYMPLE BAY,SINGAPORE,2,4767.84264664435,3.2236412711070184,9.097415129918321,1.0671646892739655
SINGAPORE,DALRYMPLE BAY,5,10412.106893135006,2.4300995064151687,9.20220247025136,0.34412923752592617
SANTOS,ROTTERDAM,3,7009.0088491575025,2.6844740281559973,8.878485895618285,0.7284966120925285
ROTTERDAM,QINGDAO,2,6781.450158994819,3.5802719114123334,10.98306633573108,0.8756042818567876
SANTOS,SINGAPORE,11,4953.9083300031725,2.5184773931877866,9.805558551871943,0.4095237157213859
SINGAPORE,DALRYMPLE BAY,4,5135.251781291461,1.8916850844878503,6.754865928034431,0.2846625821702227
ROTTERDAM,SINGAPORE,5,10873.413826461197,2.569064466233739,8.696746620101528,0.6154027050315013
SANTOS,RICHARDS BAY,11,6276.714887010209,2.282459031731374,9.049561574774451,0.7047729076839125
SANTOS,NEWCASTLE,12,11417.561491452572,4.467992535189796,13.799135809083731,1.4252438529400049
SANTOS,QINGDAO,9,11232.7688068765,2.672931519292679,10.124692755706388,0.9041980780057551
SANTOS,RICHARDS BAY,6,10718.904250423397,2.561486650036763,7.237400395630054,0.4191758389327652
DALRYMPLE BAY,NEWCASTLE,2,6867.316106257593,3.198318946440396,10.048468102044117,1.0439583286809955
SINGAPORE,DALRYMPLE BAY,4,5093.825280024239,2.1711738938852863,7.425298841309812,0.45082866774075886
DALRYMPLE BAY,RICHARDS BAY,12,10126.937938619738,3.8262552035886417,11.12809551420624,0.7951002908132414
SANTOS,QINGDAO,6,7760.513800253296,1.89149600570673,7.812998549944401,0.2859764007092071
SINGAPORE,QINGDAO,9,9443.743115720026,2.269208229844337,8.530136575759085,0.29708670677904275
QINGDAO,DALRYMPLE BAY,8,11344.435217115944,3.1979572613095333,9.727005182615645,0.786112343884935
NEWCASTLE,ROTTERDAM,4,9388.899645808673,2.116779240765527,6.5069518004072755,0.16028064475512238
SANTOS,ROTTERDAM,10,5799.774537076082,1.9316754686528002,8.262332838007946,0.6366102306160907
SANTOS,QINGDAO,6,8905.020617314298,2.891838430300404,10.277108848784504,0.6952032314332246
DALRYMPLE BAY,NEWCASTLE,7,2855.9314828311344,1.8201325585354562,8.584680985611184,0.4114472564544835
RICHARDS BAY,DALRYMPLE BAY,7,1506.7441888486742,2.4950086548647157,9.365274787896167,0.6750583628802155
SANTOS,QINGDAO,7,8926.305539051078,2.424777075756905,7.5703001793385445,0.662039241050912
DALRYMPLE BAY,SINGAPORE,7,9536.453485140437,2.467599299578466,8.999176310525787,0.4332934145024694
RICHARDS BAY,SINGAPORE,12,10294.981574982616,3.555104923044964,11.814400191213094,1.5768743464103347
QINGDAO,ROTTERDAM,10,3897.115438799609,1.8213818802055581,8.41497523776362,0.39789160589873
SANTOS,QINGDAO,2,6444.997453796579,3.075704185635839,11.572484309341462,1.0799671855434925
ROTTERDAM,QINGDAO,5,6951.87409502711,2.3784100562415693,6.619319516402551,0.40494980133874914
SANTOS,NEWCASTLE,8,10997.316679404195,2.862034396474336,10.805443586885819,0.9274558921651097
SANTOS,QINGDAO,4,9500.455874923839,2.365441242911821,8.972334645426072,0.9474092087298935
ROTTERDAM,QINGDAO,9,2273.9767256723444,2.1240384407907773,8.883920219847486,0.09122563586785809
NEWCASTLE,DALRYMPLE BAY,5,6584.241899940676,1.8474373202446877,8.205582589702889,0.0
QINGDAO,SINGAPORE,6,10629.299793964236,2.69686828576998,9.33364432378483,0.6268323502287612
DALRYMPLE BAY,NEWCASTLE,3,11323.283995762857,2.3561916727014958,10.280589792466824,0.654127142135379
ROTTERDAM,QINGDAO,7,10847.708303286057,2.690350061574203,9.8519505809943,0.23060186605725436
RICHARDS BAY,SANTOS,8,4413.86675405716,2.0469875615870055,7.939941806598145,0.5315718786953247
DALRYMPLE BAY,SANTOS,2,2617.081171630282,3.0389044607526823,8.893124277843041,1.0421017372715067
QINGDAO,SINGAPORE,3,9947.733066338444,2.66913295023212,8.511922723635331,0.8130123794586149
RICHARDS BAY,NEWCASTLE,4,5588.007058712325,1.7016976594207214,7.894002221297331,0.5868848110283822
ROTTERDAM,NEWCASTLE,4,2370.830340115817,1.5545727852403761,5.211210051979256,0.3511185237301916
SANTOS,DALRYMPLE BAY,3,4024.9723179999987,1.8839976360380377,8.076997628161777,0.9842078855321518
RICHARDS BAY,DALRYMPLE BAY,8,4610.674721482707,2.3652644446323383,10.531519489953412,0.6807415867695956
DALRYMPLE BAY,SINGAPORE,1,3295.5365739795784,3.6200273351093464,13.65786020633514,0.6425760728775975
NEWCASTLE,SANTOS,8,5504.807398230476,2.286435765222597,8.533961495658977,0.6778803467208585
QINGDAO,ROTTERDAM,8,1760.1676891967663,1.9345443171806866,9.06068224854394,0.19535810294989167
SINGAPORE,QINGDAO,2,4978.4063309054545,3.8134630988976683,11.563055612670844,1.7104438459087121
RICHARDS BAY,NEWCASTLE,11,10239.84676388251,2.3281457882345125,8.529038267483738,0.44436158457978275
NEWCASTLE,RICHARDS BAY,11,6029.275830150827,1.6361757595156021,8.937127577779476,0.312271115440638
SANTOS,DALRYMPLE BAY,3,7522.021547938707,2.267697669128065,9.96492731282457,0.5848540590835485
DALRYMPLE BAY,RICHARDS BAY,6,3717.534060305109,2.446383813502369,7.985830641908836,0.5200965313191084
DALRYMPLE BAY,NEWCASTLE,10,3602.843715946503,1.8631500574717041,6.625734781913256,0.0
ROTTERDAM,SANTOS,4,4420.540827434696,1.5337490043712287,9.04101944555613,0.007800921392595861
NEWCASTLE,SINGAPORE,6,6881.805581681608,2.0536936260748906,7.057215132469071,0.4745360124839727
NEWCASTLE,SANTOS,10,9820.463553519374,2.4563641660295934,6.973975705055661,0.10481709030031355
SANTOS,DALRYMPLE BAY,4,3874.983342921652,1.8723561124577386,6.853182770243441,0.12510112618267172
DALRYMPLE BAY,SINGAPORE,3,4910.091600662048,1.9483972775963228,7.618540786735473,0.5212810394864464
RICHARDS BAY,ROTTERDAM,1,1663.5973504465123,3.299842353808038,11.054983146032653,0.958693541137432
QINGDAO,NEWCASTLE,8,11324.678213679446,3.0485656403405956,10.325591962413512,0.9538498448259257
ROTTERDAM,SANTOS,12,4438.172143145266,3.4651156289420113,10.48402599353676,0.7836961287184463
ROTTERDAM,RICHARDS BAY,9,7222.320865574223,1.7097121186714181,8.051228936554764,1.1763206770062027
NEWCASTLE,ROTTERDAM,7,4548.247195430539,1.7652800128182198,7.352602469890754,0.5613578890980009
SANTOS,DALRYMPLE BAY,8,8352.594515983707,1.9537028962481053,8.304437394790192,0.0
SINGAPORE,ROTTERDAM,7,4415.828269863697,2.218992586017307,8.88412617628229,0.7513819425276953
ROTTERDAM,NEWCASTLE,9,2355.1460530285876,2.0626562026444284,7.188991130243562,0.12712354144017424
QINGDAO,RICHARDS BAY,1,8011.182603947073,4.206622672252739,14.238124362312593,0.9818060351073099
QINGDAO,RICHARDS BAY,5,1520.2619326700644,2.116643860805865,7.858498568893473,0.6426413580770362
DALRYMPLE BAY,ROTTERDAM,4,1912.8535218493396,1.6763137348589203,7.033521729164866,0.08464721164962177
DALRYMPLE BAY,ROTTERDAM,7,6993.2635878159845,2.2470552314383,8.395247346914314,0.5918732524843577
SANTOS,SINGAPORE,9,8901.171413707247,2.170514761499011,8.278222799854065,0.5032351799897141
NEWCASTLE,RICHARDS BAY,10,6868.7125108332975,2.123655557360301,7.918257442672386,0.3522129841591104
DALRYMPLE BAY,SANTOS,5,6020.27425615049,2.048679708028442,7.3225874204785235,0.8276068108516097
RICHARDS BAY,QINGDAO,7,10200.80240323345,2.1052587892337575,8.122590169047617,0.5171886006724968
RICHARDS BAY,ROTTERDAM,1,5098.22589396723,3.2665559062541467,11.12421832693885,0.640103588392886
QINGDAO,ROTTERDAM,8,3367.0518724781996,1.8398058562025263,7.271438536416099,0.4669652873831759
ROTTERDAM,DALRYMPLE BAY,8,9006.627337281638,2.525873974637713,10.715981200773065,0.6916348949954396
DALRYMPLE BAY,ROTTERDAM,4,2862.1451225015085,1.4026015219170895,7.206951963153926,0.0
SINGAPORE,QINGDAO,8,3022.3165985699975,2.1729665277552423,7.590286339085293,0.4519557406996365
DALRYMPLE BAY,RICHARDS BAY,6,8344.06297110453,1.9103511000146574,5.480954084321917,0.011681622155033655
SANTOS,QINGDAO,2,11899.642878715884,4.382659431821737,13.427844993424754,0.9643248524062389
SANTOS,QINGDAO,1,2499.9529080279417,2.9378150343503426,8.378969591977805,1.091202995329814
ROTTERDAM,QINGDAO,4,3433.461780066416,1.6479573400985983,7.517289934173425,0.4318435452152052
SANTOS,QINGDAO,12,1951.5341327705362,3.461660670727449,11.713396890927129,0.5267249930600806
DALRYMPLE BAY,QINGDAO,12,4806.224021913782,3.599568447414654,11.407786476702677,1.3654882440946932
QINGDAO,RICHARDS BAY,11,6864.210067338455,1.9350740291005508,8.573173517246513,0.7672493227836372
SANTOS,ROTTERDAM,1,6145.090735959929,4.329667384990555,12.593142137292348,1.2543047911435738
NEWCASTLE,ROTTERDAM,4,5350.60381563866,1.8463767750840336,6.863878387367796,0.734681690435859
ROTTERDAM,DALRYMPLE BAY,3,11510.912610861016,2.337766314593572,8.057478222401937,0.17864234774151994
ROTTERDAM,QINGDAO,2,9785.991418623726,4.067429318749354,12.44757121677351,1.1654390317791201
RICHARDS BAY,ROTTERDAM,12,1805.2519487723685,2.9387498612919294,9.255492198682171,0.36609336007941323
QINGDAO,SANTOS,4,9157.348060534086,2.32425815477166,7.958186730365544,0.663862987390597
RICHARDS BAY,QINGDAO,6,9530.535957736322,2.7216191164414862,9.716559489419847,1.3104133266115081
SINGAPORE,SANTOS,9,11004.523940241357,2.9503388859838817,10.262278293811349,0.8044532116627036
DALRYMPLE BAY,RICHARDS BAY,1,11110.928540744597,4.0147989019593435,12.034784252577706,1.2664265732236306
NEWCASTLE,QINGDAO,4,7689.816469236413,2.07583444273189,8.786379527553786,0.38359416167157523
ROTTERDAM,SANTOS,6,3101.9388491800364,1.8586926008318698,9.916233055146073,0.40032957338945846
DALRYMPLE BAY,SINGAPORE,6,6858.422129295209,1.7528081738484693,6.542985872610988,0.2703993359893708
RICHARDS BAY,ROTTERDAM,1,1851.577474469555,3.304888709036432,10.068177116638942,1.028329622159313
SANTOS,SINGAPORE,5,4124.860917299344,2.089106778594278,8.079796148530775,0.49693971902606965
SINGAPORE,QINGDAO,9,3677.415190013505,1.8453127499773578,7.596626725725931,0.0
SANTOS,NEWCASTLE,1,5743.622623939399,3.3269754910325564,8.041755183745778,0.6806860588985525
RICHARDS BAY,NEWCASTLE,2,7923.483721709244,4.100205272602984,12.180652685370116,1.0068330386807436
SANTOS,ROTTERDAM,6,11147.378926314595,2.385131238095368,7.585297267906523,0.6586234756261108
ROTTERDAM,NEWCASTLE,12,10276.792684307995,4.0789607797692895,11.379797717677988,1.7809949136398329
SANTOS,NEWCASTLE,3,9965.430631591305,2.505493199297122,9.569757433332002,0.7355994734523565
SANTOS,ROTTERDAM,9,8842.34349464635,2.1723216988298972,7.611067054158754,0.24168125413830607
QINGDAO,SANTOS,1,11746.893218953895,4.477708430954868,12.651106692419944,1.3918578211088828
SANTOS,DALRYMPLE BAY,9,3352.8053568034447,1.6525495925333482,8.687971424107431,0.3981119006194209
RICHARDS BAY,NEWCASTLE,1,3304.6283244291917,3.415999984845601,10.451375122624837,1.3351792315765367
SINGAPORE,SANTOS,6,9039.061499421683,2.840261562229879,10.056592720780529,0.43350016607468594
SANTOS,QINGDAO,2,3460.9249349697347,3.4828961481297123,9.634147536201942,0.5221371312454137
DALRYMPLE BAY,QINGDAO,7,10820.652354195014,2.5538289160491563,9.611308119622365,0.9020043214635027
DALRYMPLE BAY,SANTOS,10,9447.831527396871,2.1235110539863316,7.736145019643516,0.5482615276711689
SANTOS,ROTTERDAM,12,4535.584452542357,4.160304799733681,12.291667867152597,1.3996217067383006
NEWCASTLE,DALRYMPLE BAY,2,11052.832222541943,4.351864382586798,13.280017956891806,1.100928558294985
NEWCASTLE,SANTOS,7,5731.10878859031,1.8303810987005587,5.671594626103845,0.47663244139501537
NEWCASTLE,QINGDAO,12,5178.127343612032,3.8544511403116752,11.365366561797652,1.1289682615363237
SINGAPORE,RICHARDS BAY,11,4215.193646015499,2.2843755753344155,9.04616172410492,1.0097582616400433
NEWCASTLE,RICHARDS BAY,5,10154.508934051326,2.30864731773993,9.036092463680408,0.6196832114297721
SINGAPORE,NEWCASTLE,5,11163.804793595451,3.0387081209358047,11.306741173187024,0.9600350020553262
NEWCASTLE,QINGDAO,1,1761.9510464198322,2.921637612036191,8.79468357924479,0.4624407756530803
DALRYMPLE BAY,RICHARDS BAY,6,6955.653604502539,2.1152521123360115,7.797077239890514,0.5691149059220635
DALRYMPLE BAY,QINGDAO,9,11498.107616793575,3.103151731587098,9.836848125350448,0.8620538328900224
DALRYMPLE BAY,NEWCASTLE,12,2740.3739279302767,3.0342364534955357,10.411120106185876,1.1080085692366524
NEWCASTLE,ROTTERDAM,7,3239.147350629627,1.942032234857282,7.497167919063312,0.6060879005098376
DALRYMPLE BAY,SANTOS,10,3863.3035206332033,1.7472068707240593,7.084073009996506,0.8325399179815954
ROTTERDAM,SINGAPORE,7,3610.669561114379,1.3889092769506723,5.912120373019579,0.6183867031757257
SANTOS,NEWCASTLE,5,9672.177244886145,2.334206760630477,9.764555887616293,0.3054942821744918
QINGDAO,RICHARDS BAY,12,5443.8627073513735,3.6452607446408485,8.912467526530897,1.0734145873452594
RICHARDS BAY,QINGDAO,12,7114.5255329384545,3.8953658162250813,11.248650835255662,0.851099606546254
NEWCASTLE,QINGDAO,3,7718.175071691953,1.9918498419623951,7.541226741074779,0.7023918821283698
NEWCASTLE,DALRYMPLE BAY,10,5406.039445556418,2.3470671043500877,9.271466950484855,0.259457344276521
NEWCASTLE,ROTTERDAM,1,4804.222564536518,3.8169575017490285,11.552807846948696,0.959765911297794
QINGDAO,RICHARDS BAY,9,10343.543603172187,2.474464812913929,7.80102675063785,0.5500797639004924
SINGAPORE,NEWCASTLE,8,1971.884736846674,1.5628285501517292,9.080349615714704,0.43389172610106963
DALRYMPLE BAY,SINGAPORE,8,8414.538569933022,2.287704059029278,8.438181416222301,0.7036222987047046
QINGDAO,DALRYMPLE BAY,6,8372.98464592931,1.6764906722523216,5.839219717864667,0.2457179507989899
DALRYMPLE BAY,RICHARDS BAY,9,10576.729010252247,2.7743551451786255,9.168277529375239,0.5601853867700016
QINGDAO,DALRYMPLE BAY,11,11959.336205205376,2.3733076935348922,7.823450263041591,0.14585430327240273
SINGAPORE,NEWCASTLE,6,6277.728486123473,1.9880968147357672,7.290586637113273,0.8470903152674985
SINGAPORE,SANTOS,10,4874.707141496006,1.478184021294164,8.38470634885224,0.25824972491588316
RICHARDS BAY,ROTTERDAM,11,9513.46436515006,2.5614624945192723,10.481109136143523,0.9501899784423109
ROTTERDAM,SINGAPORE,7,9104.012868366355,2.461596869361651,7.532681305092708,0.45759791103355074
DALRYMPLE BAY,ROTTERDAM,7,2445.577896712677,2.316942337675332,9.481757964848008,0.38485419031695534
SANTOS,ROTTERDAM,12,6681.4508372170385,3.6569968482415387,10.293730404364657,1.038684281516185
QINGDAO,SINGAPORE,6,1517.1239001135812,1.5776466332631733,5.811056869509615,0.38740044776862187
RICHARDS BAY,ROTTERDAM,9,11896.528947585513,2.753287005097919,9.888264544675451,0.6365881975114198
QINGDAO,SINGAPORE,8,7546.71121462677,2.982671449082088,9.148334247422095,0.8061263764291329
SANTOS,QINGDAO,10,2330.226362363535,1.81033135261932,7.104037943263902,0.5661680004103199
RICHARDS BAY,NEWCASTLE,7,6810.461922373958,1.988741417441127,9.671249075644747,0.11560454403507542
NEWCASTLE,SINGAPORE,3,3719.067829250772,1.5809613639465296,7.48538777884367,0.0
ROTTERDAM,DALRYMPLE BAY,8,8342.836968566682,1.9419836273411866,8.680910944710588,0.1895839962295444
DALRYMPLE BAY,SINGAPORE,11,4688.2739126504,1.89011395205199,7.6108853970826145,0.7482412115777772
SANTOS,ROTTERDAM,8,3761.250258533747,1.3544803870970952,5.652715781528995,0.31863911074484175
SANTOS,QINGDAO,4,4365.80413087289,1.9931937021106543,7.282227466646793,0.8134569515591754
SINGAPORE,NEWCASTLE,3,3819.74255323558,1.6076077412853815,7.515930024388491,0.0
QINGDAO,NEWCASTLE,12,3758.295985641509,3.545242599528099,11.111683842568564,0.1681575969141501
NEWCASTLE,DALRYMPLE BAY,5,2627.341421708567,1.8702399374750676,9.52151833419243,0.8873743654993191
DALRYMPLE BAY,ROTTERDAM,7,5789.425036426474,1.8587204631995888,8.035918993195759,0.2997685972007276
SINGAPORE,RICHARDS BAY,9,2669.3322142591737,1.7361574375633435,9.114476567057093,0.4565560289580311
SINGAPORE,ROTTERDAM,6,10494.039360066501,2.4062676654012254,9.573480856683567,0.4329481623616574
ROTTERDAM,NEWCASTLE,6,6524.181100485591,2.602898671837917,7.4991600373415555,0.41896560813221934
ROTTERDAM,DALRYMPLE BAY,4,2407.6978393224654,2.0013805865017513,7.643099494336195,0.49228563866155345
SINGAPORE,ROTTERDAM,11,7698.876675432693,2.235185814799434,8.660012128621258,0.15560070081399935
ROTTERDAM,NEWCASTLE,1,5034.373852437926,3.3766324897880944,10.087249165615793,0.7205987263777304
SINGAPORE,SANTOS,8,11047.66381422284,2.5921909867698525,9.251836539607567,0.8420415512772847
QINGDAO,SINGAPORE,3,9680.954411107912,2.1580941923140826,6.556279512671721,0.0
DALRYMPLE BAY,SINGAPORE,12,7062.9064145284465,3.5647327471364187,10.524016006400872,1.4287768974311783
QINGDAO,SANTOS,1,11287.191207897306,4.111084325315501,11.457072523733585,1.294209604542331
SANTOS,RICHARDS BAY,2,3750.6270879517224,3.349915952344583,9.832240967425893,0.8911099013212298
SANTOS,NEWCASTLE,1,6021.403976048758,3.393742591591218,13.308193875340406,1.2229189002814445
QINGDAO,RICHARDS BAY,5,10614.18159154148,2.4275804766482834,9.413379528844104,0.58731150033751
DALRYMPLE BAY,RICHARDS BAY,4,11531.51328274461,2.3245332215096504,10.263180366043787,0.559741349739118
SANTOS,ROTTERDAM,2,1983.6814510730067,3.139866831810975,9.68680779330155,1.1174097647894208
QINGDAO,SANTOS,7,6933.805066132266,2.408239228527029,8.722586630535691,0.846165837316964
NEWCASTLE,SANTOS,12,7300.040287776562,3.9026082283199273,12.227403118077294,1.0537930316000736
SANTOS,DALRYMPLE BAY,3,5846.867450681424,1.8198270907038623,7.056130802616684,0.8307564181584142
QINGDAO,ROTTERDAM,9,2273.8062374525707,1.7121266386124727,7.06764180066564,0.3913662630612256
NEWCASTLE,RICHARDS BAY,6,5645.829373356639,2.0177638870890933,7.743754055025108,1.0717086873462511
ROTTERDAM,NEWCASTLE,1,2815.923102631733,3.267265924716611,10.263858094089528,0.8121917089811539
NEWCASTLE,RICHARDS BAY,7,10805.29229058874,2.2114511847793015,7.372238470325454,0.0
QINGDAO,SANTOS,12,6050.90743283932,3.6555524854173087,12.165489631512989,0.748999704309878
RICHARDS BAY,SANTOS,9,5568.755623157067,2.4185775058732935,9.205165048241106,0.23831559859059537
SINGAPORE,DALRYMPLE BAY,10,8797.903072004141,2.2776384786908626,9.209224778304666,0.42433555603095696
SINGAPORE,NEWCASTLE,9,6549.535177905545,2.050438212471858,9.32816757158591,0.18375895067988823
DALRYMPLE BAY,QINGDAO,11,8956.752875236312,2.5694562310932745,7.413277637041917,0.0
DALRYMPLE BAY,QINGDAO,6,5567.625762525714,2.3106146151609304,8.173765592115378,0.35598603476070556
DALRYMPLE BAY,ROTTERDAM,8,4395.501792698226,1.5410316176308898,9.05903860337496,0.14227735789704984
QINGDAO,SANTOS,4,9456.023468532869,2.4336736774248346,9.042166681870476,0.0
DALRYMPLE BAY,RICHARDS BAY,12,3472.5376160439805,3.7881708909569616,10.99052817507804,1.3082488815292077
RICHARDS BAY,SINGAPORE,8,9722.427306691423,2.0775436640868126,6.2077821624838085,0.05687626789247657
RICHARDS BAY,QINGDAO,12,10516.067765080574,4.172683197592388,12.532834067357303,0.9945002185116016
QINGDAO,RICHARDS BAY,3,3974.4085334748524,2.086624562092485,7.435692260117026,0.4173189187111962
NEWCASTLE,SINGAPORE,3,10664.458085951677,2.1266783600851062,7.609609294903963,0.264846287463044
ROTTERDAM,SINGAPORE,11,3851.3111127691463,1.6240190089895903,7.334548808766475,0.03510516879817516
QINGDAO,DALRYMPLE BAY,4,1572.2191158604971,1.2975187938315462,5.553914451714302,0.0787987545963452
SINGAPORE,DALRYMPLE BAY,6,5208.472212070089,2.1024475532719653,7.576575121155517,0.3332387131883372
RICHARDS BAY,ROTTERDAM,8,8333.188273528498,2.501129847545057,7.535017701603348,0.19539827610985533
NEWCASTLE,RICHARDS BAY,3,4558.264300500585,2.048278956667583,7.6508783572819565,0.0
SANTOS,DALRYMPLE BAY,6,8167.583116538467,2.028135172632367,7.54327559606799,0.3692120665509204
RICHARDS BAY,DALRYMPLE BAY,11,1987.452470165033,1.7294383471591614,5.729805547576071,0.2786506732455073
DALRYMPLE BAY,RICHARDS BAY,2,3082.8137458989822,2.8837313425451443,10.890022555239637,1.0755500919779568
QINGDAO,DALRYMPLE BAY,2,11792.568565397449,4.698685481849448,13.933672395907168,1.4875805309752235
SINGAPORE,RICHARDS BAY,9,7827.726849420743,2.1262865837346263,7.988154454744549,0.20395580543556355
SANTOS,QINGDAO,7,8047.539050878187,2.5580142622956843,10.245998918698923,0.34858068167820777
DALRYMPLE BAY,SANTOS,8,3844.8871757003753,2.0671558725431467,7.230222578937213,0.2019876231627834
DALRYMPLE BAY,ROTTERDAM,6,2041.5852162469664,1.5813188558709863,6.053400578138965,0.17133321655525874
NEWCASTLE,ROTTERDAM,1,5108.506810448997,3.324791144678725,10.797761167228865,1.0477079350294418
NEWCASTLE,DALRYMPLE BAY,11,7414.189390938251,2.811581015724058,8.184386904207916,0.7638361882558683
NEWCASTLE,QINGDAO,7,10285.1527992655,2.3593528769608123,8.041407811854594,0.6234452523545513
SANTOS,QINGDAO,8,9550.366668039003,2.3776510388315812,8.455816186871548,0.2993118177332108
NEWCASTLE,SANTOS,7,6114.55854907837,2.2020682014379345,9.185067980985057,0.09336177022507935
SINGAPORE,ROTTERDAM,6,10682.308790688374,2.2880487432749583,8.065656637642636,0.11825145501498657
SINGAPORE,RICHARDS BAY,7,11258.966752984967,1.8386466420480718,7.5565247074221364,0.3029320252682742
ROTTERDAM,SINGAPORE,8,2423.619359506056,1.7265455231493643,8.466987880401485,0.0
ROTTERDAM,SANTOS,1,11907.600323150637,4.303582091823803,10.798926628643589,0.6890983987521057
ROTTERDAM,QINGDAO,9,2803.575135562122,2.0862096316166094,8.591619871523825,0.4774355639085146
DALRYMPLE BAY,SINGAPORE,3,1544.9695116458176,1.676357422513129,7.387122341011785,0.0018246065407697132
QINGDAO,SANTOS,1,10594.78952358631,3.4237477702934314,11.73840535551632,0.7349939305020318
NEWCASTLE,SINGAPORE,2,10743.72626113456,4.086086151782824,12.587591133859139,1.2745054018880775
RICHARDS BAY,NEWCASTLE,3,3287.4181562238086,1.762496179957282,8.23526723638574,0.7425084217360115
NEWCASTLE,SINGAPORE,11,4073.5529645178417,1.5052927809424697,7.009415572878065,0.4289170881629377
SANTOS,ROTTERDAM,4,2788.0714309258333,1.5154803234340104,8.637159806884512,0.6232506278895347
DALRYMPLE BAY,SINGAPORE,1,3526.2316385623603,3.5352600953150133,10.882525252546806,0.8970445434931851
SINGAPORE,RICHARDS BAY,8,3433.471960280796,1.7833909773977423,6.858984091626767,0.5242045541988903
DALRYMPLE BAY,QINGDAO,12,8357.167635357255,3.9796684746063904,13.332511867101427,1.2959434859042336
SANTOS,ROTTERDAM,4,9942.354673033626,2.332377226372244,8.341471854228127,0.6172723118672719
DALRYMPLE BAY,SANTOS,4,3126.076320002777,2.1363042240429913,6.590802691458303,0.43945115821366376
RICHARDS BAY,SINGAPORE,6,11541.569370770889,2.629157148978105,9.304941140750229,1.007137001308052
DALRYMPLE BAY,RICHARDS BAY,9,9179.63607363689,2.4019913677719655,7.323770074419121,0.9775336794085625
QINGDAO,ROTTERDAM,10,7325.666703953968,2.5374636311576064,11.306713407807605,0.8303765228826924
DALRYMPLE BAY,RICHARDS BAY,12,11909.679513299021,4.609023804212921,11.477251177079568,1.3043453304818844
RICHARDS BAY,SANTOS,5,1628.6964195827857,1.3397012796158512,6.908372494896092,0.4308077437545237
DALRYMPLE BAY,QINGDAO,12,8201.170755083307,3.9183972507896696,12.40699540549143,1.5931524992004606
ROTTERDAM,SANTOS,2,8158.923761649428,3.891596125567377,11.304859489635358,0.854048454309263
NEWCASTLE,ROTTERDAM,2,9541.327198765259,3.553357527059096,11.48646724261689,1.209377246840496
ROTTERDAM,NEWCASTLE,8,10208.99988171364,2.879849531627251,10.64388680196729,0.8909547362313435
ROTTERDAM,SINGAPORE,9,9361.743955265141,2.450851842930561,8.626394473499067,0.6430716878956106
NEWCASTLE,RICHARDS BAY,11,11247.2248975198,2.4368983506802624,8.635112978297048,0.2642363938538091
NEWCASTLE,SINGAPORE,10,10787.23055509726,2.825391850177833,10.70573979507496,0.7352474407999903
DALRYMPLE BAY,ROTTERDAM,12,1817.301639389174,3.1526124261766753,11.731551829253386,1.3438293278539633
RICHARDS BAY,NEWCASTLE,3,8815.413305298813,2.4532889359030525,9.429777319075855,0.8207262721072184
QINGDAO,SANTOS,6,11266.91025182009,2.0256802863619505,8.792003282566975,0.1961055848673779
ROTTERDAM,QINGDAO,4,8722.28912925973,2.4092217342587103,8.34756958880166,0.3831856504893666
ROTTERDAM,SANTOS,9,5223.883548591829,2.1119177257117023,8.603179800604018,0.1562084995419198
RICHARDS BAY,QINGDAO,9,6419.72280948967,2.87021389425025,9.842850599219412,1.129696937727299
NEWCASTLE,RICHARDS BAY,10,1563.947936588831,1.4135395565197033,7.815363516142066,0.6336581587886401
SINGAPORE,SANTOS,1,8409.339259033186,3.5461973483030413,10.05875903108717,1.1032851790153275
SANTOS,NEWCASTLE,2,2856.224059075177,2.706161573995508,9.665721065212216,0.8411196058975969
ROTTERDAM,SANTOS,9,6178.800311863952,1.8735937652644106,8.273744781022396,0.5437354670974027
SANTOS,QINGDAO,3,8282.449494627295,2.0101987801832495,8.816118641247048,0.6864883333293901
ROTTERDAM,SINGAPORE,4,9859.56196580219,2.461836678408457,8.255422782362341,0.17281245205891066
NEWCASTLE,RICHARDS BAY,3,8670.393887460774,2.664470216741331,8.501974589935722,0.5945550722698272
ROTTERDAM,SANTOS,12,10780.290979035632,4.119316479465752,14.162260179354222,1.2041945568884063
ROTTERDAM,DALRYMPLE BAY,8,3990.000063506466,2.4335688741101245,9.617338873166567,0.6398147341403149
SANTOS,QINGDAO,11,6821.6831452842725,2.1069335542750953,9.206343722133242,0.8180254511004388
QINGDAO,SANTOS,2,7140.46512043385,3.338490848389412,10.412905726786962,0.5978083168156767
SANTOS,SINGAPORE,8,6158.530532068354,2.202046233979633,9.024847288600023,0.6026719332254935
SANTOS,SINGAPORE,3,11522.962392164553,2.558667643202568,9.848829596210004,0.19275577039754577
ROTTERDAM,NEWCASTLE,6,7870.124410208725,2.438661254283355,9.654539045022837,0.9360659764414551
ROTTERDAM,SINGAPORE,7,4545.502370122731,2.242103613146305,8.225480839905174,0.10289926026559387
ROTTERDAM,SANTOS,8,8451.926816698624,2.139817575021506,8.378550628806122,0.7442173111243022
QINGDAO,ROTTERDAM,5,2562.594182231134,1.4746960540303435,6.274743889878363,0.07919732718472836
SANTOS,DALRYMPLE BAY,1,1696.8811607309312,3.1538005169741847,11.469335823963068,0.6138525446872785
QINGDAO,ROTTERDAM,11,9397.451859453698,2.17864108064814,10.115048627977101,0.17820881159136998
QINGDAO,RICHARDS BAY,1,6640.052392970013,3.8314403428818977,11.501757168307426,0.7918866363832988
ROTTERDAM,QINGDAO,8,11110.243141212743,2.722554606287133,10.369684569169452,0.5629884852672636
SANTOS,DALRYMPLE BAY,7,7343.832915069928,2.42500608181248,9.736702239031056,0.251876463900268
SANTOS,NEWCASTLE,4,8342.905969757634,2.573052193382421,11.054894745221809,0.40716994798170203
RICHARDS BAY,ROTTERDAM,4,8237.279628572143,2.558855893076554,9.47013116516315,0.40205824386441835
ROTTERDAM,RICHARDS BAY,4,5923.372385791001,1.7651392462683146,6.787808932113051,0.344949025147068
SINGAPORE,NEWCASTLE,6,7408.382056956781,2.244546545267256,6.948020094033118,0.2552536543450775
SINGAPORE,DALRYMPLE BAY,6,3418.640656150146,1.5456087316604061,7.769620338617446,0.4908174981551631
RICHARDS BAY,DALRYMPLE BAY,10,2899.242016525824,1.7216209128968343,7.405788740810369,0.11022884521309248
NEWCASTLE,DALRYMPLE BAY,9,4199.991389982559,1.6517142324336402,5.093484005251072,0.43498195198957457
RICHARDS BAY,SANTOS,3,10989.80243481869,3.1000643697181935,11.914443419420703,1.111109742380275
SANTOS,DALRYMPLE BAY,3,7632.507731752833,2.073397736719648,7.973862360599367,0.4666601457129642
QINGDAO,RICHARDS BAY,2,7111.398998539383,4.457916150560946,13.36325301232427,1.0624484161533796
SINGAPORE,RICHARDS BAY,1,10148.582143157924,4.0736378336489825,13.01185411858384,1.1528282660357454
SANTOS,DALRYMPLE BAY,10,7968.91604038231,2.0431597656204628,9.112745211788143,0.548973768251117
SINGAPORE,RICHARDS BAY,10,11965.945068015151,2.5273005354731426,9.837737606218734,0.5237698656493495
DALRYMPLE BAY,RICHARDS BAY,10,8330.390722393913,2.4291265774415587,8.670030633591187,0.3125742338924208
DALRYMPLE BAY,RICHARDS BAY,11,3136.96353716671,1.9272364355045668,7.766513820027956,0.0
SINGAPORE,RICHARDS BAY,11,10917.899314249726,2.386867249262269,10.224591178267698,0.7776144162593484
NEWCASTLE,QINGDAO,1,5515.705763468892,4.312068400176838,12.81389336151633,1.57069334562612
SANTOS,QINGDAO,1,2340.2039680294006,2.701013766474246,10.076050735264687,1.214698855094928
SINGAPORE,DALRYMPLE BAY,8,5191.373563199003,1.3141459917465155,7.074429810732817,0.5903593022176798
ROTTERDAM,SINGAPORE,9,7264.303376318809,2.5653045939001187,7.142733358198891,0.08323360456980078
RICHARDS BAY,SANTOS,3,9244.444692844618,2.65758300706712,9.916269958154254,0.45764250807708917
ROTTERDAM,SINGAPORE,3,9605.182427313719,2.5337907657005436,8.803237834135416,0.6471289781099642
SINGAPORE,NEWCASTLE,8,9482.890489206658,2.605152948995947,8.655079953821689,0.6961549826338277
ROTTERDAM,NEWCASTLE,10,2284.2777603480945,1.7978918236183057,8.445453899685106,0.203416907867677
SANTOS,ROTTERDAM,5,5805.530389607764,2.540341406678715,10.451750204126093,0.7764586206971327
SANTOS,NEWCASTLE,9,7016.5627949443915,2.861987221120817,9.972696702560654,0.571802945409127
QINGDAO,ROTTERDAM,2,10676.911687372234,4.073783570705345,11.15263269759436,1.2868573142126356
RICHARDS BAY,SANTOS,2,10836.575695804006,4.198511282239945,14.967344545424488,0.9044846939347021
SANTOS,SINGAPORE,1,4138.267282417893,3.459516840005985,11.71630624118125,0.9574467435222475
SANTOS,RICHARDS BAY,7,8283.123101693816,1.92767525506142,5.697793335820885,0.3466064214112568
SINGAPORE,ROTTERDAM,3,8189.638338371506,2.517346366502064,7.252960233903028,0.8656409030236949
SANTOS,QINGDAO,1,4450.6323787660485,2.8994359071394293,8.297812380657343,0.44955759233278214
RICHARDS BAY,ROTTERDAM,4,3159.5280567478835,1.5542372731866507,7.3470506564237725,0.03753075889368451
SANTOS,SINGAPORE,9,2724.342478469424,2.3506451744160106,8.353859178345827,0.5383649634756504
NEWCASTLE,RICHARDS BAY,10,6381.146800507855,2.3136565172891084,8.572964969444145,0.8257569798957838
SANTOS,SINGAPORE,7,4361.970203765192,1.852701752463021,6.1679605557994,0.0
SANTOS,RICHARDS BAY,6,1598.013018810262,1.4414071562717916,8.257562995774238,0.6277936399133344
RICHARDS BAY,DALRYMPLE BAY,3,11920.816452637644,2.7536883499392015,8.731767220616799,0.7527139269292503
SINGAPORE,RICHARDS BAY,8,10278.275137566132,2.4146568115277316,7.867748231933633,0.462208335545839
QINGDAO,SINGAPORE,7,5367.896367231902,2.2681005017511318,8.123091050705549,0.5528844010681753
RICHARDS BAY,QINGDAO,8,7233.548583792055,2.267225975468858,8.330182463130416,0.0
QINGDAO,ROTTERDAM,12,4026.861493440527,3.465278721290155,11.132875623138665,0.6997580090003284
RICHARDS BAY,NEWCASTLE,7,11951.795146217253,2.2671714882323917,7.95198937700321,0.3835664349080387
DALRYMPLE BAY,SANTOS,2,10187.622953472839,4.189674659804093,12.342642123989192,1.6027888396565728
SANTOS,DALRYMPLE BAY,6,2636.419586787116,1.9975282648994812,7.973710110728402,0.739941942394077
DALRYMPLE BAY,RICHARDS BAY,1,10097.860791895633,4.154576729026296,11.701624417097175,0.7749430567761941
DALRYMPLE BAY,SANTOS,8,10468.546717267127,3.281195497804585,10.739912221126222,0.86751696695743
SANTOS,SINGAPORE,9,3142.3275971093817,2.153848169874142,7.945505205693301,0.4219610608545019
SINGAPORE,RICHARDS BAY,11,10305.689915280776,2.7997273169379966,9.364655239761575,0.906214909586454
SINGAPORE,SANTOS,4,1716.6600243417479,1.844486853502592,9.36294820227623,0.5215176058744936
SINGAPORE,SANTOS,6,1558.7941080745268,1.6072390588142773,7.349904102874085,0.8174211244601206
ROTTERDAM,QINGDAO,6,6034.404011914322,2.164449758600145,8.903253800479527,0.4130905448088328
SANTOS,RICHARDS BAY,7,9985.94050539821,2.4103483200861517,8.578199848094272,1.0323593425118793
DALRYMPLE BAY,NEWCASTLE,4,3875.0569495225527,2.064881577566737,8.301794291913943,0.5805407056881183
SANTOS,SINGAPORE,10,6996.401259626353,1.8631703075793378,8.49044883884245,0.451699677051291
SINGAPORE,RICHARDS BAY,8,2505.499444528259,1.203554801395989,7.250454494716957,0.0
SINGAPORE,QINGDAO,2,7970.7513674009815,3.9251058134053496,11.643439463258805,1.1961908247894373
SANTOS,RICHARDS BAY,9,10369.665607751218,3.0154476077773316,9.96355256274551,1.3171372989025198
QINGDAO,DALRYMPLE BAY,8,2390.797000605166,1.870335014070651,7.916962649237762,0.30826456074678266
RICHARDS BAY,SINGAPORE,7,1504.3776274825905,1.2298089639354295,5.70924261954438,0.6544567403525405
DALRYMPLE BAY,SANTOS,3,1556.9078980910786,1.6072849784983736,6.7331299341062385,0.3439524860348553
QINGDAO,ROTTERDAM,11,11547.330303320015,2.2137757754998613,8.65144425806778,0.9511093642803641
QINGDAO,SANTOS,8,7926.863676469909,2.4747063208705087,5.963590107631093,0.6502947459545458
ROTTERDAM,NEWCASTLE,3,4471.841124657667,2.1761857667252467,8.399347729749993,0.19184693500473832
ROTTERDAM,SINGAPORE,9,7399.392944192674,2.2111889445264103,6.714290183639497,0.3836322075379632
SINGAPORE,NEWCASTLE,8,5959.955781966196,1.4353185475030528,7.217317843749814,0.7537852642653603
DALRYMPLE BAY,NEWCASTLE,5,6023.367709812585,2.2654789453566306,7.723714085253844,0.6896451182314426
SINGAPORE,NEWCASTLE,2,8040.183896997819,4.067067658518997,11.600501067878644,1.4736594459577943
QINGDAO,SINGAPORE,5,9776.299940997094,2.4487154500321635,9.541944988746524,0.3895506012272639
NEWCASTLE,RICHARDS BAY,5,4544.019596262496,2.104108739841573,9.851065648536329,0.5687828718271366
ROTTERDAM,RICHARDS BAY,7,8803.985797018508,1.9807548529943568,8.756969580859117,0.4975578063759507
SANTOS,RICHARDS BAY,8,6598.195292978943,1.916099181730933,5.629348980952236,0.44151063685565106
SINGAPORE,NEWCASTLE,3,5196.869343659718,2.5632971016896073,8.44088758230624,0.6286930848519854
SINGAPORE,ROTTERDAM,6,9812.725524361818,2.2284288707708986,9.455325646164797,0.47383468571607257
SINGAPORE,ROTTERDAM,10,3649.5595730218306,1.9173395115525445,7.572432164568142,1.1058136748764045
DALRYMPLE BAY,ROTTERDAM,9,10791.61446343706,2.710806403352215,10.873700938743745,0.26429386746094824
QINGDAO,SINGAPORE,10,1892.0149048636624,1.9724981961218455,7.680630698730291,0.30116353996079764
ROTTERDAM,NEWCASTLE,8,8392.379798437703,2.2967042359836514,8.763454000527938,0.7593293735178022
QINGDAO,DALRYMPLE BAY,11,7387.652256420522,2.197823112078546,9.843359207431162,0.9890981700902393
NEWCASTLE,DALRYMPLE BAY,12,2882.6058963901546,3.0850078545748247,8.109486762025336,1.119353820991882
DALRYMPLE BAY,NEWCASTLE,6,6975.614684601455,2.136253637499261,10.035999585558264,1.1026684231817099
SINGAPORE,NEWCASTLE,11,10382.464515255226,2.5600183757028283,8.642618129997949,1.0503478359485967
QINGDAO,DALRYMPLE BAY,6,7803.427116186026,2.678181432629608,7.509273279338913,0.4865170629466188
NEWCASTLE,DALRYMPLE BAY,9,5732.012218037847,2.0834486048660215,5.559531680663558,0.04614772792338845
RICHARDS BAY,DALRYMPLE BAY,5,5987.951473748337,1.663359150062852,7.555901134909877,0.33691619335586737
ROTTERDAM,SANTOS,5,8198.199370808647,2.1831024338287115,8.227293054952323,0.7050239699832284
QINGDAO,NEWCASTLE,4,6748.757479660709,2.622008232196228,8.41265076559515,0.6242986796132941
DALRYMPLE BAY,SANTOS,6,10626.682013720194,2.376255218957766,8.127005786019772,0.8652724227974766
SINGAPORE,ROTTERDAM,9,4485.136186320933,1.7500263008929475,8.404117551086156,0.1438138749005406
SINGAPORE,DALRYMPLE BAY,5,9407.646563611437,2.4317576220186026,9.75733359759479,0.35109771324561834
RICHARDS BAY,ROTTERDAM,2,8073.219451068759,3.7603603717923475,11.283037105179416,1.0227697131630455
SINGAPORE,RICHARDS BAY,7,3191.4136199539453,2.187101785677373,9.925380704247008,0.8621272056120575
NEWCASTLE,SINGAPORE,3,8315.518623517093,2.5470562507509604,10.101411568860033,0.41984309276809373
DALRYMPLE BAY,SINGAPORE,2,3630.363845463173,3.194106361302226,10.865332260483923,0.7328387834569189
SANTOS,QINGDAO,1,1736.4478409500912,3.149883571798606,10.097118150297003,0.9092804599238155
ROTTERDAM,SINGAPORE,8,7791.03223967093,2.7727030244264816,10.520373893287099,0.02499833799050244
DALRYMPLE BAY,RICHARDS BAY,11,10298.786831457712,2.145672507743451,9.524148704755762,0.17995282831590187
ROTTERDAM,NEWCASTLE,2,4488.829547789491,3.1053145635129322,8.338927640626428,0.3699730750576533
ROTTERDAM,NEWCASTLE,7,8985.153080653597,2.327111791201396,7.57464686206554,0.7736484149365817
ROTTERDAM,QINGDAO,11,11516.650530042314,2.217581396576551,9.001846700124188,0.8415386290912994
NEWCASTLE,SINGAPORE,1,9798.302352312297,3.961240071320885,11.390102293342537,0.893293386703039
NEWCASTLE,RICHARDS BAY,1,10829.289551293356,4.8522829506171625,13.582967310887783,1.5537166479605387
DALRYMPLE BAY,QINGDAO,11,3184.8789586437,1.2833704294360033,4.947006165060267,0.0
RICHARDS BAY,DALRYMPLE BAY,1,7582.228815247454,3.9449005060058076,11.085303192469203,0.8598270627655127
ROTTERDAM,DALRYMPLE BAY,7,9757.097422374318,2.5906136873729366,8.364379472370418,1.1910839287528352
DALRYMPLE BAY,SANTOS,10,4691.582716203899,1.7169711594711465,8.509577720221156,0.9010029074251968
QINGDAO,ROTTERDAM,1,6885.676564331027,3.3872972985940417,9.832475775337313,1.368346775774809
SANTOS,QINGDAO,6,7664.1868401624215,1.7341896748309509,8.15333390631691,0.4405537328714564
SINGAPORE,NEWCASTLE,4,10380.751300077398,2.691643903622513,11.457739202054483,1.1095080448688734
SINGAPORE,DALRYMPLE BAY,12,3179.2397146185285,3.314918902926963,12.544163214457708,0.8342358934828702
SINGAPORE,SANTOS,5,2740.325379452497,1.486814720122932,6.997706846729775,0.0
NEWCASTLE,DALRYMPLE BAY,4,7091.040834279822,2.7365373582922836,9.545999608301699,0.3395458649706132
RICHARDS BAY,SINGAPORE,12,10117.725757462294,4.578991628576592,13.062635418657129,1.5084889595901645
SINGAPORE,DALRYMPLE BAY,11,6893.835493934232,1.849276043729383,8.940690706086347,0.3053087696021123
DALRYMPLE BAY,ROTTERDAM,2,5637.485063251632,3.6254461825909647,12.151539448037369,1.359523875760365
RICHARDS BAY,DALRYMPLE BAY,2,2640.2014782014608,3.273994102723545,12.269565122744005,1.3751107839215624
QINGDAO,NEWCASTLE,2,5825.222229739721,3.4859604099169887,11.303617398548571,0.9486750087751777
SINGAPORE,SANTOS,8,11052.818980208353,2.896251206117459,9.516254027020922,0.9203677947331401
SINGAPORE,RICHARDS BAY,11,7583.840310762957,2.695565290059864,10.102280737054253,0.71276109910607
RICHARDS BAY,SINGAPORE,9,3663.986016469627,1.703102063965138,7.15859109480585,0.2525772542674184
NEWCASTLE,QINGDAO,4,8436.917558729885,2.3231874193643995,8.618061503076532,0.26580658706906646
NEWCASTLE,DALRYMPLE BAY,7,5954.379478848994,1.5036266806267489,6.966507003436305,0.5353777120547611
NEWCASTLE,RICHARDS BAY,10,6508.463431266462,2.3782932216590256,8.919656651250753,0.8098919399457707
RICHARDS BAY,NEWCASTLE,1,6074.741367502666,3.7315161246819177,11.325320808583268,0.4837028307823108
SINGAPORE,QINGDAO,10,3838.2556990725075,2.2034093814170106,9.159620585775793,0.7960640726973027
NEWCASTLE,SINGAPORE,3,10090.569838361023,1.8053205110850836,7.320177848029718,0.25021734612974544
DALRYMPLE BAY,NEWCASTLE,3,8041.558506815742,1.9617912770133275,7.68929685169929,0.2892414962681453
RICHARDS BAY,SANTOS,6,3124.6009395932024,1.8033319444885274,9.29465933044552,0.0
QINGDAO,SANTOS,11,8064.75529133199,2.1091696964954583,8.282808319093588,0.6210167582261004
SINGAPORE,SANTOS,4,4388.87293092657,1.8035869242586187,8.868708923328288,0.549865768760708
SINGAPORE,SANTOS,2,11758.56686416792,4.55148831376937,14.590467205461234,1.1903321078906353
ROTTERDAM,SINGAPORE,10,2496.0513161674776,1.1648935609413704,5.882989715743871,0.2477059573818896
SINGAPORE,SANTOS,4,9662.623678520093,2.272157381266571,8.58203765921538,0.5963534098958152
DALRYMPLE BAY,QINGDAO,12,7706.369629895988,3.7275651689981495,10.447105380193408,1.4224067209186058
SINGAPORE,SANTOS,10,5615.051604996718,1.6582130234419827,7.17076497368653,0.2909839669687481
NEWCASTLE,ROTTERDAM,1,5226.576399086051,4.0277820766961,12.6383105940503,1.2506070030917136
SANTOS,SINGAPORE,7,6256.774200009737,2.5513492346095648,9.495197406220743,0.3682099343397998
QINGDAO,RICHARDS BAY,3,9613.276743640472,2.3539113906008415,8.254065046438937,0.09671670450018027
SANTOS,DALRYMPLE BAY,5,10792.185014863864,2.789688143068527,10.132104787036818,0.5973826082846475
RICHARDS BAY,QINGDAO,1,2611.1179033974945,2.97147478696619,8.28195768492536,0.9412407345324916
ROTTERDAM,SANTOS,8,11332.734604439129,2.51235130214207,8.80913922962156,0.87638688048165
NEWCASTLE,SANTOS,2,6686.171614653904,3.5891856301939704,10.759986190772018,1.2316626626387013
NEWCASTLE,QINGDAO,8,11825.488437352786,2.1886787370442846,10.370100274923889,0.3020928784253327
NEWCASTLE,SINGAPORE,8,5884.172477249168,1.6329077034629194,5.881691979917309,0.15792766108198394
QINGDAO,ROTTERDAM,2,5037.73190087214,4.049962969248931,11.851672405865685,1.352857243380026
ROTTERDAM,SINGAPORE,2,7048.723892277671,3.607324568326641,12.16432903946964,0.7884617354738523
ROTTERDAM,SANTOS,7,6097.987615469464,1.9627399275035406,7.581751183469227,0.6231830759570454
DALRYMPLE BAY,SINGAPORE,12,8347.875355559336,3.4908972638373332,10.544221220690536,1.016947936118312
SINGAPORE,NEWCASTLE,8,8096.0257222464825,1.8905406994398122,8.240911705344452,0.0
NEWCASTLE,DALRYMPLE BAY,8,7819.506261981378,2.1826354667565138,6.995427468300883,0.604466776224138
SINGAPORE,RICHARDS BAY,10,9326.234485442767,2.022076018487561,9.517376382614593,0.20222272784148254
ROTTERDAM,NEWCASTLE,1,10800.324067595606,4.278234280660236,12.54099779848367,1.2382532821420145
NEWCASTLE,SANTOS,6,6841.562343614278,2.330829237888769,8.207798617423352,0.12738547711600873
RICHARDS BAY,QINGDAO,5,7525.984582504275,2.1464494469802036,7.660342857613109,0.9913119735496955
NEWCASTLE,DALRYMPLE BAY,4,8936.299294292021,2.402555152826861,8.541105813385926,0.16683281673068662
DALRYMPLE BAY,RICHARDS BAY,12,10848.759017369603,4.07540047697302,10.996652018359113,1.6772384980026873
NEWCASTLE,QINGDAO,4,7275.39325346654,2.0406930743898064,8.825794882477329,0.31376154188872774
RICHARDS BAY,SINGAPORE,12,7147.387317239865,3.8300675630098846,10.094607898551331,1.5380890469293163
SANTOS,DALRYMPLE BAY,12,7392.783989219275,3.6035462970681125,12.298999029898075,0.7974172763068299
SINGAPORE,DALRYMPLE BAY,7,9547.720602845893,2.529039155691228,9.102266146342043,0.403761599766263
QINGDAO,DALRYMPLE BAY,2,4205.3511591516235,4.124255027603464,13.307628715415113,1.3686495779605146
DALRYMPLE BAY,NEWCASTLE,7,9303.09015575305,2.4920060077537745,9.90442651384816,0.22921497155525344
NEWCASTLE,SINGAPORE,1,1513.5444167913824,3.12030184715022,12.014785917804208,0.5873561392911615
NEWCASTLE,DALRYMPLE BAY,7,1786.475975770584,0.7597871606247663,6.791996481533581,0.539554058761595
ROTTERDAM,RICHARDS BAY,2,6982.856987913183,3.572410545996018,11.156245607353348,0.6867404714101482
QINGDAO,ROTTERDAM,6,3244.06273373957,1.847298316628671,7.40543223484673,0.4972115355364432
SINGAPORE,QINGDAO,3,2395.614043169033,1.7082380919762012,8.575277044586414,0.286249330271952
SANTOS,QINGDAO,12,3822.824595258063,3.4186497146326134,9.131202489047467,0.8146122424160033
DALRYMPLE BAY,NEWCASTLE,8,5769.689949630176,1.7678143442467364,7.499282564826569,0.6357176556417714
DALRYMPLE BAY,RICHARDS BAY,7,5983.661882039226,2.1260458682468757,7.048491521598299,0.10212543302722077
DALRYMPLE BAY,RICHARDS BAY,3,11931.389747943882,2.442248548807612,9.644030843378443,0.24293069503734738
DALRYMPLE BAY,SANTOS,9,9329.70081706734,3.0744224228522965,8.519208755220298,0.4847639563820071
NEWCASTLE,ROTTERDAM,10,8599.580519498419,1.9331754724068562,7.666138135191213,0.6913019846589619
NEWCASTLE,QINGDAO,10,2154.168587978978,1.2949815144806438,7.40299876584891,0.2833434596371125
RICHARDS BAY,DALRYMPLE BAY,12,7636.120697580441,3.7058540989010664,11.320743303010804,0.8012068212201942
DALRYMPLE BAY,QINGDAO,4,5691.134114753802,2.296913542912921,9.976347728234067,0.7461079516606246
RICHARDS BAY,NEWCASTLE,6,10438.21977483138,2.531420793193965,8.725004255037668,0.7453610423021558
SANTOS,NEWCASTLE,7,3943.6805305598427,2.331704061469405,8.96370156037999,0.9387877716520043
SINGAPORE,NEWCASTLE,11,9101.709161864646,2.059580450389653,7.830546022009813,0.8443983372585449
SINGAPORE,DALRYMPLE BAY,11,9991.537653503603,2.3313125424056897,8.215615624899524,0.1238120866327374
RICHARDS BAY,ROTTERDAM,6,7492.5882756512765,1.8853486858105335,7.242888225261172,0.4591423020573655
SANTOS,SINGAPORE,3,7226.032820817749,2.24543162575853,8.96151283762113,0.04353045611823314
SANTOS,DALRYMPLE BAY,12,4913.478212352026,3.0098078607976775,8.43989702440093,0.6121678985697494
DALRYMPLE BAY,QINGDAO,8,3211.0510807666965,1.622631442749601,8.723099185507476,0.47889934357020025
ROTTERDAM,QINGDAO,12,2872.0403442758875,3.5174056437437606,11.076665763269999,1.4113318179584573
DALRYMPLE BAY,SANTOS,12,7209.572629867875,3.744498286439891,11.083353940366944,0.9250585980142381
ROTTERDAM,DALRYMPLE BAY,8,10060.289895205791,2.544201424212554,10.238626606922562,0.0
SANTOS,QINGDAO,2,2924.076269341199,3.5916230020460302,11.702316717013874,1.5362960236795369
SANTOS,DALRYMPLE BAY,4,3831.6729032678945,1.7108640577836238,8.917272130768984,0.362006825004162
NEWCASTLE,ROTTERDAM,5,7474.93866016357,2.528276658406827,6.892476445340583,0.4957086966569115
NEWCASTLE,SINGAPORE,3,9760.936657640492,2.830461695088547,7.382234386731736,0.8051406426679488
RICHARDS BAY,SINGAPORE,4,11034.436401477831,2.8661659292760677,10.60039975699798,0.6786910420405862
SANTOS,NEWCASTLE,7,2073.185024227474,1.2018596517700098,7.235550755636399,0.06734548578662458
ROTTERDAM,SINGAPORE,11,8953.554141888737,2.767103413715004,8.2047550127676,0.7944461629986759
QINGDAO,SINGAPORE,2,3161.62689987064,3.490868472197201,11.543017470795618,0.6674384191420424
DALRYMPLE BAY,QINGDAO,3,4304.458404692836,1.5870657691332386,6.813993474689465,0.0
ROTTERDAM,RICHARDS BAY,11,8252.33661574076,2.4801579464003978,8.568783459045369,0.3000028553035824
SINGAPORE,QINGDAO,10,2827.323308239309,1.6773113504222863,9.862347486351506,0.1348318062528936
NEWCASTLE,SANTOS,3,10628.3588603263,2.289824219272286,9.488709946349669,0.441083212425745
DALRYMPLE BAY,NEWCASTLE,10,5167.328898143138,2.2001392158917765,9.609493824468014,0.5230480437029192
NEWCASTLE,ROTTERDAM,5,8408.674127190376,1.9654957770405403,7.840919358272475,0.4549647517416515
SINGAPORE,RICHARDS BAY,6,10718.232364075393,2.1616593690169394,10.11404147671505,0.4400798036224808
QINGDAO,ROTTERDAM,2,1886.968455476943,3.3220148666209957,10.536529578811265,1.058612953523406
QINGDAO,SINGAPORE,1,8386.972256469404,4.0195780320243175,11.420019106573026,1.410861741326372
QINGDAO,DALRYMPLE BAY,3,9727.072261802421,2.181991483323303,7.665066629239934,0.8155888557285171
ROTTERDAM,RICHARDS BAY,8,2331.8052862675227,1.8944394770849353,7.862468065189347,0.21527041716266218
QINGDAO,ROTTERDAM,1,2750.143517514141,3.1849798238559104,9.241748942006069,0.8467761805286657
QINGDAO,SINGAPORE,2,9252.348838000196,3.6626446407513247,11.976028709159877,1.0247545575137729
QINGDAO,ROTTERDAM,4,6911.325662708566,2.352964122461851,7.7687790384105675,0.763031748423806
NEWCASTLE,RICHARDS BAY,4,2499.1587207500224,2.249898544569479,8.541163252819832,1.0258695619437748
NEWCASTLE,QINGDAO,2,2609.0228258641973,2.9244249790904826,10.31552675626173,0.3257145669647797
SANTOS,SINGAPORE,4,11253.874576649068,2.5950233902601316,9.292137405408344,0.4980884949389554
RICHARDS BAY,DALRYMPLE BAY,2,5256.401900084656,3.8805718125728865,12.892500777399093,1.0353029017900244
NEWCASTLE,SINGAPORE,9,8243.710440338542,2.883118695649566,10.237938056361763,0.8734080796406798
RICHARDS BAY,SINGAPORE,8,11536.10166318262,3.3021927006748126,10.351123791690814,0.6392388424889488
QINGDAO,RICHARDS BAY,9,11015.265233747545,2.76472340767154,9.132980933296572,1.1032367958806208
SINGAPORE,SANTOS,3,10046.695030848035,2.621257085328139,8.385168418102104,0.6610511748173695
ROTTERDAM,SANTOS,5,6780.388433032073,1.9983909396661723,7.441610154982591,0.3528699073165935
DALRYMPLE BAY,NEWCASTLE,1,3187.653903365777,3.2347870424757215,9.613458897920838,1.3088594150112136
NEWCASTLE,SANTOS,7,1752.529994569348,1.394150470878208,6.510897357000254,0.0
RICHARDS BAY,ROTTERDAM,12,10406.89325404506,4.24258555265385,12.032302419928564,1.0094426948141149
SANTOS,NEWCASTLE,10,10639.0698567267,2.9647215648502803,11.626134866933015,0.45301215630974423
SANTOS,DALRYMPLE BAY,3,3487.947217437637,1.8645046187008045,8.28524837237489,0.0
NEWCASTLE,SINGAPORE,3,1978.1955498717537,1.060728317274296,6.178584248002153,0.251292416192577
ROTTERDAM,SANTOS,12,5527.294917807248,3.383611946511386,10.360844678285703,0.7553730276540627
QINGDAO,SINGAPORE,9,10784.205436432545,2.772778788889206,10.232424539113268,0.8478156852744025
SINGAPORE,RICHARDS BAY,4,10469.527614534616,1.9853000391922895,6.624070865250438,0.292008724839243
DALRYMPLE BAY,NEWCASTLE,12,8155.74493118086,4.0244737575386,12.252161277371894,0.7962052552812331
SINGAPORE,QINGDAO,1,11802.429608003593,3.7775366595604987,11.569775144400433,1.2593071705163763
DALRYMPLE BAY,RICHARDS BAY,5,5462.613599752372,1.7729305964539224,10.350323685643925,0.3136742625166337
SANTOS,DALRYMPLE BAY,10,10017.45077786635,2.228246364936009,7.985768807620511,0.7347165345341162
SINGAPORE,DALRYMPLE BAY,2,6882.499672908207,3.752544013067273,11.355854940954558,1.236769441289423
DALRYMPLE BAY,RICHARDS BAY,11,9567.701311430046,2.4067906388481193,9.861845654087048,0.32896471688148865
SANTOS,NEWCASTLE,3,10367.837888296051,2.570199307228929,8.395201143636395,0.9163281947322126
NEWCASTLE,QINGDAO,12,10969.906010348286,4.423731756208837,13.058574256038805,1.8095635452213112
ROTTERDAM,SINGAPORE,9,6717.676088640189,2.0737598322879336,8.4860002782649,0.8686200048144037
SINGAPORE,RICHARDS BAY,9,8789.49062217038,2.6937295668827814,8.588315300737092,0.6431853247983647
ROTTERDAM,RICHARDS BAY,12,3749.68614080135,3.4878899855263037,10.343388214203252,0.7475588457947788
SINGAPORE,ROTTERDAM,12,8367.733625112529,3.664591313401428,12.290210303422763,1.0140142991105396
RICHARDS BAY,SANTOS,7,3325.6616706876603,1.7694888415367376,7.373321870449326,0.0
DALRYMPLE BAY,QINGDAO,11,11715.503552219308,2.590381994767948,9.400641352559262,0.43656868442084673
NEWCASTLE,ROTTERDAM,5,5427.48364409633,2.1118952574385896,7.497320910348311,0.0
RICHARDS BAY,QINGDAO,8,4836.600146664782,2.073953796997926,8.306204631213767,0.712337676990703
DALRYMPLE BAY,SANTOS,1,6849.484193857172,3.798212475455473,12.027608076950177,1.248787942006904
ROTTERDAM,NEWCASTLE,6,3975.597316226566,2.41318177954739,8.509333939304947,0.32363558498572353
ROTTERDAM,QINGDAO,7,2096.200857473218,1.318923664217312,6.441943753441648,0.0
DALRYMPLE BAY,ROTTERDAM,2,8376.820931844735,3.9273365065159918,11.629200978331745,1.3853136905461518
SINGAPORE,SANTOS,4,6125.312739256235,2.1613468944354643,8.102299295374813,0.9014505502288185
SINGAPORE,QINGDAO,7,8268.46831629842,2.2206912253688866,7.949165597562166,0.017432314565405727
DALRYMPLE BAY,ROTTERDAM,1,2764.6094350208355,3.1090154077333683,10.6711108901545,0.7891402483713105
DALRYMPLE BAY,RICHARDS BAY,4,8165.689931720978,2.6422298331264575,10.224365532098572,0.8234836843808754
QINGDAO,SINGAPORE,10,11502.533728865408,3.2431699939359007,9.529356921033687,1.1655082267101693
SINGAPORE,QINGDAO,10,4593.888932981787,1.6345667991293908,6.873689803944796,0.5753721825187349
RICHARDS BAY,SANTOS,12,8985.238495005533,3.8483617984074527,10.531062256909193,1.653557470459576
QINGDAO,DALRYMPLE BAY,11,5485.286624284119,1.5850347047849305,6.491391747673882,0.6786003160122744
NEWCASTLE,RICHARDS BAY,7,5063.965114010087,2.105191830984639,7.378496712305462,0.41483141261358186
NEWCASTLE,RICHARDS BAY,7,4843.055593949533,1.4309564612516432,6.480406902799576,0.10793992748648501
DALRYMPLE BAY,QINGDAO,6,11872.6425783196,2.5810436150211227,10.021483320532667,0.20047752098182797
QINGDAO,SANTOS,9,2446.241558596203,1.7025836173312183,5.521292272725273,0.0
ROTTERDAM,QINGDAO,12,4322.685798329158,3.3083426635346482,10.650295613980873,0.9389456215280124
DALRYMPLE BAY,ROTTERDAM,3,8883.446856509372,2.7107967383617195,9.288797023782779,0.4183270269574762
ROTTERDAM,QINGDAO,4,10336.680265907235,2.5416582807335932,7.800771931763198,0.48213436768807216
QINGDAO,DALRYMPLE BAY,3,7682.05034601229,2.2323574614692303,6.600341725183075,0.20717585518075649
DALRYMPLE BAY,SINGAPORE,1,9660.865852729663,3.8250523085423036,10.511879167334357,1.3106780690444544
RICHARDS BAY,SINGAPORE,1,5276.982905550001,3.723748687016554,10.936584712266434,0.9835153021650479
ROTTERDAM,SINGAPORE,9,5526.221631803837,1.883547792049206,6.862222974112559,0.1809765028796161
QINGDAO,NEWCASTLE,8,11424.237933327215,3.0343094092885123,11.189623225493328,0.7444199399910385
QINGDAO,SANTOS,12,2980.3670741649353,3.783525474283709,11.34954174193713,1.5327861629491555
DALRYMPLE BAY,RICHARDS BAY,12,5995.755509771246,3.3086151441338423,12.123998880386246,0.6060878420193478
QINGDAO,ROTTERDAM,9,1549.8912221060457,1.04106021234609,6.521827813106817,0.0
SANTOS,SINGAPORE,4,3754.580397149154,1.668856427618125,7.5239287175943845,0.0
SINGAPORE,ROTTERDAM,9,5845.7321073215235,1.5037164026543053,7.140845886879434,0.0
DALRYMPLE BAY,SANTOS,11,8617.57582520356,1.9284137801744887,8.10235114134401,0.3672020239777431
QINGDAO,NEWCASTLE,11,3188.0713983272367,2.5842971218197603,8.090001480302789,0.5431055019719525
RICHARDS BAY,QINGDAO,2,7011.964980199649,3.366416340442554,12.883051895307835,0.8716293012240618
ROTTERDAM,SANTOS,9,10909.928513701201,2.468890555074291,10.109305619333359,0.2089013114874151
ROTTERDAM,DALRYMPLE BAY,8,10501.44279666959,2.2893217462105575,9.140943337147252,0.7883269522250924
ROTTERDAM,SINGAPORE,6,3938.5846589209345,1.9281631988382724,8.233458881987572,0.5292134192747721
SANTOS,SINGAPORE,9,7227.662279579033,2.4173928173230625,7.798524346577356,0.6467385322978311
SINGAPORE,SANTOS,3,4029.8980758888692,1.90052531346394,8.474212231969348,0.32908050556340573
SINGAPORE,ROTTERDAM,12,5838.396015823742,3.7496199556887593,12.690911347002157,0.7412379959757954
SINGAPORE,RICHARDS BAY,9,7428.6247857406015,2.1856937842369595,7.618340829280696,0.7144237457772634
ROTTERDAM,QINGDAO,11,3288.539238964699,2.017673307553485,9.2805392688757,1.0653340636674025
QINGDAO,DALRYMPLE BAY,4,8767.930935761926,2.6850744019965447,8.268734592812306,0.28561572429389037
SANTOS,SINGAPORE,7,4698.587575146131,1.7339042233148891,8.341574700685975,0.32936676686545097
SANTOS,DALRYMPLE BAY,5,2838.719455148886,1.6604716758337992,7.839355314202262,0.0783929891451012
QINGDAO,SANTOS,6,11839.286316042808,2.337708313728018,7.199239854144167,0.2870124328945989
RICHARDS BAY,SANTOS,4,7563.137245668606,2.077142425268959,9.804654018356961,0.234312607365361
SINGAPORE,QINGDAO,5,2183.526424985528,1.9721478964255905,9.026493123450486,0.25749115233096154
ROTTERDAM,SANTOS,3,3590.0235539934406,2.0376184115929847,7.813409630050224,0.3567363937841829
DALRYMPLE BAY,NEWCASTLE,11,7809.010275296113,2.455941465519156,11.181495500323509,0.5795237099205752
NEWCASTLE,DALRYMPLE BAY,3,5000.304853049425,1.7658942479523432,5.577517109150101,0.8194608356381254
RICHARDS BAY,DALRYMPLE BAY,12,5239.814100071803,3.3039631096037656,10.067028528944734,0.9597604171993637
SINGAPORE,NEWCASTLE,3,4213.288289956786,1.8785313950163898,6.31176784180165,0.5177204159937631
NEWCASTLE,QINGDAO,4,4475.4822869106765,1.940866245100728,8.199250668704353,0.2714894858972898
DALRYMPLE BAY,SINGAPORE,8,6965.889178987399,1.7340905145239522,9.520200652811198,0.04306741267830605
SANTOS,NEWCASTLE,3,5120.128427109291,2.489677383438645,9.0550831249457,0.6912665248051688
NEWCASTLE,RICHARDS BAY,7,3625.3620561790476,2.091765017423418,8.672644371089886,0.11540711890407046
DALRYMPLE BAY,NEWCASTLE,11,8067.80476185863,2.285004391993698,8.501431314928713,0.45630025290731785
QINGDAO,SINGAPORE,7,11250.338201339742,2.4496129969636367,8.393483889350334,1.140053932177958
ROTTERDAM,SINGAPORE,2,11208.221809845812,4.485570988908708,12.520185151297298,1.51582976366651
QINGDAO,DALRYMPLE BAY,11,7727.637243427271,1.7637931156700448,7.675870838131676,0.0
QINGDAO,NEWCASTLE,6,11719.930602569784,2.440141448115049,10.37925455867097,0.12519081152828948
SINGAPORE,SANTOS,10,4761.094017061847,2.040567368374622,8.213092038078484,0.5721567275640603
NEWCASTLE,SINGAPORE,2,11468.312028034348,4.107449160277519,10.831051826709452,1.3118999580715243
SINGAPORE,QINGDAO,12,6960.517775937928,3.805406475375648,8.71381822509402,0.7501009231492435
DALRYMPLE BAY,SINGAPORE,12,3261.1260550964244,3.492731077742337,10.66980844664406,0.9800901966951377
NEWCASTLE,RICHARDS BAY,8,8722.061991861025,2.7552982974111515,10.054503797413716,0.7551655008683745
NEWCASTLE,ROTTERDAM,12,8492.136690006693,4.338527332173055,13.385578718455927,0.9824742742035408
ROTTERDAM,SINGAPORE,4,9124.44252230229,3.15649114957576,9.580112915922932,0.4924817052372184
DALRYMPLE BAY,SANTOS,6,7728.6795147643625,2.45714834188401,9.371361597944883,0.42895264702979796
SINGAPORE,SANTOS,9,9300.053318917397,2.0406464405940916,7.44381143187103,0.3346174321837895
QINGDAO,SINGAPORE,4,1525.2855100781053,1.2900445676080523,7.917456778118517,0.24348575270886383
NEWCASTLE,SINGAPORE,6,8507.112249941447,2.57106449838673,8.626382412149288,0.3195074369426812
RICHARDS BAY,DALRYMPLE BAY,3,7246.145097499724,2.4511952570210913,9.154910424359395,0.8203364197406117
DALRYMPLE BAY,SINGAPORE,10,10602.805265948859,2.818307380874708,8.948807244738969,0.41059038346274307
DALRYMPLE BAY,SINGAPORE,8,2342.9434334574225,1.4194218953852555,7.514965726070586,0.4074758172692978
ROTTERDAM,NEWCASTLE,6,7448.498535374988,2.2083265164042247,8.37767026458092,0.38703078139427477
QINGDAO,ROTTERDAM,1,2032.8599936623561,3.532441821613106,11.414616459840047,0.6713968850618575
SINGAPORE,NEWCASTLE,10,10903.18259803045,3.0656983167441036,8.975242513946096,0.9553331059408803
SINGAPORE,DALRYMPLE BAY,12,2756.11978003095,3.1521464695158383,9.617292205117767,0.5726434133317855
DALRYMPLE BAY,ROTTERDAM,4,7552.704207062333,2.1966248626792524,10.229673432771929,0.5637770937130344
RICHARDS BAY,QINGDAO,2,4782.671219045128,4.005683530498552,10.941483147415846,1.3797913576635374
SINGAPORE,NEWCASTLE,2,6200.952944655315,3.430765459452296,11.025088930299859,0.5387857944675154
SANTOS,DALRYMPLE BAY,10,6789.780432829914,1.933149350303502,9.14598671627817,0.301554390312942
ROTTERDAM,NEWCASTLE,11,8650.67814958324,2.5426081206376265,8.08026880207496,0.16275064275088907
DALRYMPLE BAY,SANTOS,12,10496.634521457914,3.673514589409918,10.7278931358785,0.7531209622501253
QINGDAO,SANTOS,4,9795.401327201393,2.5109991125027054,9.474228974151325,0.5385538344083557
SANTOS,ROTTERDAM,8,9512.261450170552,2.520807397605632,9.45243038441072,0.6298245540332614
RICHARDS BAY,QINGDAO,1,5833.9259358820555,3.6506947302210384,10.16456803792865,1.3956286285153314
ROTTERDAM,DALRYMPLE BAY,2,11728.02086193513,4.112130059359396,12.379625864834384,1.4342872717973019
SINGAPORE,DALRYMPLE BAY,6,8413.164922808235,2.3803063799156225,8.796242473321811,0.5936273190874818
RICHARDS BAY,NEWCASTLE,5,6205.243294293634,2.2583459954319887,11.270269206537314,0.71565363947078
SANTOS,ROTTERDAM,1,10012.401280337059,4.12221553921337,12.030086691629611,1.14802060529263
QINGDAO,RICHARDS BAY,12,2165.958292685049,3.021379460041636,10.511680571924327,0.7003679191934293
DALRYMPLE BAY,SANTOS,8,3175.0013059077837,1.7375246652038372,6.961235847001702,0.18844733422656454
SANTOS,DALRYMPLE BAY,8,8651.360600306793,2.520886891558612,7.62826057335953,0.7222850031186611
QINGDAO,RICHARDS BAY,10,11580.244208475777,2.4758742950043744,9.406369613576237,0.699810100845411
SANTOS,ROTTERDAM,8,5339.673635563549,1.4773613109906814,7.629444683231602,0.11398827178809248
DALRYMPLE BAY,RICHARDS BAY,9,8241.561754439204,1.967642463606619,10.180854352552428,1.1072986894224277
QINGDAO,ROTTERDAM,12,2677.9704936313938,2.801741786689547,11.106684987409782,1.0317664609818875
SANTOS,RICHARDS BAY,11,7286.341071831769,2.31468336822718,7.785673388674672,0.04916797998250183
NEWCASTLE,QINGDAO,10,3028.775201977079,1.0865848576504407,3.9888230329729586,0.6900741828255266
QINGDAO,ROTTERDAM,7,5363.189715386598,2.1076091316511665,8.202462212821084,0.2599264183407273
ROTTERDAM,DALRYMPLE BAY,10,5702.169590586063,2.108427150453075,9.600816867074709,0.4082866266994689
SANTOS,RICHARDS BAY,2,7111.047540611878,3.6822417954933546,12.821172441902972,0.8344516056866853
ROTTERDAM,DALRYMPLE BAY,8,7007.905623698937,2.5991224310241594,8.838236504738408,0.35993335140685534
NEWCASTLE,SANTOS,8,5810.219157520378,1.737907182359751,8.246316578575296,0.20264439749395421
ROTTERDAM,DALRYMPLE BAY,3,9324.698299952452,2.655640392109591,9.42122767636681,0.11255088335660202
RICHARDS BAY,SINGAPORE,12,7496.71906965767,3.9462784374004682,11.589307845390422,1.4471017510772703
RICHARDS BAY,SANTOS,9,5102.357677233676,2.0799640519418228,9.352780818836354,0.43036600621994586
ROTTERDAM,RICHARDS BAY,5,8189.592769534207,2.3832955033342307,8.064720503117492,0.4502087935556537
SINGAPORE,QINGDAO,4,11890.925310064582,2.662460427193192,8.337929498708846,0.9929957427859386
ROTTERDAM,SANTOS,1,4884.381612450181,3.0901316780134476,12.190071104998022,1.1364333161917055
RICHARDS BAY,SANTOS,6,7420.184635416229,2.465040515925102,8.363639143853408,0.19702586978090447
SANTOS,RICHARDS BAY,6,8732.5480205912,2.5550345543531594,8.32171113783305,0.2076470063975644
SANTOS,ROTTERDAM,2,9154.206063006042,4.366127247683403,12.937399182675835,0.9125876314857376
RICHARDS BAY,NEWCASTLE,4,4085.4700481789305,1.9668226507640247,9.073617287590974,0.43901081204556813
DALRYMPLE BAY,SANTOS,4,1620.0056049312661,1.7447349840708783,9.543470256613599,0.5109860581964789
QINGDAO,SINGAPORE,6,7269.839748355173,2.468557363753924,8.972265306898356,0.6079875079067876
QINGDAO,RICHARDS BAY,1,5176.879689292607,3.0768554575133553,10.116387535976974,0.6748210237655392
ROTTERDAM,QINGDAO,8,7079.102605338212,1.6121705633205299,7.227626911090151,0.32933633055372885
SINGAPORE,SANTOS,12,11897.528125480734,4.655074233944782,12.985921217964371,1.5439458462563596
NEWCASTLE,ROTTERDAM,12,4377.220232689448,3.495874261592098,11.092082813021312,0.78231169676202
NEWCASTLE,RICHARDS BAY,3,9106.974797131912,2.1499447070939954,8.039377259988273,0.7224782330686712
SANTOS,NEWCASTLE,6,9784.77427641285,2.5405346228240226,9.32724952797348,0.48215669444755627
ROTTERDAM,QINGDAO,3,7753.1627647294,2.2364516851376415,7.9795179017420725,0.7625559725929618
DALRYMPLE BAY,NEWCASTLE,2,2330.2053003678816,3.242442566310741,9.518009040890847,0.6063740311495713
SANTOS,RICHARDS BAY,6,9879.84459500334,2.6136906406577283,7.424647731260754,0.5678944400895855
SANTOS,NEWCASTLE,2,7968.566400224688,3.7628156537054465,12.753922464344019,1.2845030101792327
QINGDAO,RICHARDS BAY,9,7374.652926126854,2.2609615001343646,8.31909503660873,0.4306573869515993
DALRYMPLE BAY,QINGDAO,9,3731.2038548312103,2.12095744857895,7.685889006435272,0.40580459084785453
SINGAPORE,DALRYMPLE BAY,10,11918.272649409837,2.40677026587818,11.001467528625737,0.4165769286812887
QINGDAO,NEWCASTLE,9,5533.995104163231,2.0705474612168713,8.158901543920388,0.7319786774512237
DALRYMPLE BAY,SANTOS,12,3375.600498935544,3.1658173101531815,9.146937152176308,0.7286060940582425
ROTTERDAM,SINGAPORE,7,9177.57899603984,2.4853565010507452,9.187395830760906,0.7528152530313821
RICHARDS BAY,QINGDAO,10,7767.3838654750425,1.7261687636139946,7.951657095581778,0.23845853972459086
QINGDAO,SINGAPORE,9,7244.58219148109,2.2334791003821834,7.231284619949407,0.08516788156729405
RICHARDS BAY,NEWCASTLE,5,10458.885340638937,2.4354475738957375,9.164554438943185,0.5956118751491919
SANTOS,RICHARDS BAY,10,10684.925214560402,2.445355544144336,8.926913727548499,0.7625340932910397
SANTOS,RICHARDS BAY,3,6653.237713175401,2.105909920100107,5.361495734998849,0.2753706511273815
QINGDAO,RICHARDS BAY,10,1878.6358327122452,2.371988476848183,8.976428398916271,0.12404340992136947
NEWCASTLE,SANTOS,3,4679.291550513016,1.9196170708124756,7.3911133339694075,0.6123426630965838
ROTTERDAM,DALRYMPLE BAY,9,5771.614761225533,1.7130209702951893,7.435253633222468,0.6854849583180403
QINGDAO,NEWCASTLE,5,6028.69547675973,1.9428444603010226,6.540293657244355,0.1857682156070931
RICHARDS BAY,NEWCASTLE,4,5117.136837745164,2.4327957771445465,8.921603180663762,0.08397692299930926
SINGAPORE,DALRYMPLE BAY,8,4453.162949011578,2.33859779986709,8.014847811054283,0.583981360225995
RICHARDS BAY,ROTTERDAM,4,2952.4160581534684,1.7199449596388385,6.571658745262964,0.5460548791617521
DALRYMPLE BAY,NEWCASTLE,9,6210.602488847715,1.6630815288753564,6.024565706640121,0.052147139088514816
NEWCASTLE,ROTTERDAM,3,8330.723096987105,2.3323698932426233,10.635229751969224,0.32950829541173626
RICHARDS BAY,SANTOS,5,3257.8086942898026,1.6187493970133404,8.655569348151445,0.3439997099169707
DALRYMPLE BAY,RICHARDS BAY,11,4630.249768464157,1.8113824822474651,7.621082153999959,0.21651096150276858
SINGAPORE,DALRYMPLE BAY,7,8206.249004557762,2.5060161277219586,7.860527944070472,0.6240433015771331
SINGAPORE,SANTOS,2,3395.4911082049966,3.467080051039529,12.574442912834057,1.4786647880504062
DALRYMPLE BAY,SINGAPORE,12,8243.923243670175,3.92956869042597,12.025232242112152,1.5811845805136495
NEWCASTLE,SINGAPORE,11,8808.07856320521,2.323616615442933,8.295984312051626,0.8298653176422437
SANTOS,SINGAPORE,11,8331.66825685947,2.176456917913559,10.236434466171161,0.6155751519190018
SANTOS,ROTTERDAM,10,7002.09339349721,1.7535310821691121,8.254911518531395,0.4755895307596162
NEWCASTLE,ROTTERDAM,5,10818.878259620205,2.7917407678996438,7.801207458392045,0.8291345417876202
DALRYMPLE BAY,SINGAPORE,3,5330.781049311366,2.073083747410031,7.73246451479924,0.0
SINGAPORE,RICHARDS BAY,5,2436.5518968481615,2.1322956997887617,9.367373646905095,0.4141664328796908
QINGDAO,DALRYMPLE BAY,3,10265.816599507403,2.368989558862216,10.671793516470107,0.1251437017300538
SINGAPORE,ROTTERDAM,5,7759.823331950743,2.4142991266386162,8.446797088900054,0.1749339073814255
QINGDAO,NEWCASTLE,7,10094.432597671846,2.943337729147361,11.3491927909147,0.1837032822514142
SINGAPORE,DALRYMPLE BAY,3,1757.8946465563918,1.5358528582618094,6.273231983753651,0.11705790056213164
SINGAPORE,RICHARDS BAY,5,3837.5453201539904,1.835730541291993,7.122671120286878,0.8721725039675776
SINGAPORE,SANTOS,4,6962.052053151931,2.371209325164574,10.01174396836698,0.8046062500952278
ROTTERDAM,NEWCASTLE,11,11834.678731544253,2.853006285307075,11.330998618791499,0.7718639179901801
ROTTERDAM,SINGAPORE,7,7995.316562231948,1.8353622582464906,6.392905670460334,0.48417895203736694
SANTOS,DALRYMPLE BAY,9,7907.1924699762885,2.4601866690630216,9.533469028901127,0.8220278083032244
QINGDAO,SINGAPORE,1,8802.135279708447,3.7918227768127313,10.893388375235084,1.347196099406379
RICHARDS BAY,QINGDAO,1,2023.3572123626845,3.6077398478620144,12.564899912707713,0.6800427090384472
RICHARDS BAY,ROTTERDAM,5,6982.109209812392,2.723804652380129,7.219676908943557,0.47912506108974295
QINGDAO,SANTOS,1,10591.207519091162,4.211833342487164,10.752432299694737,0.6593169036465847
ROTTERDAM,NEWCASTLE,4,3297.4384728412815,1.804888509283864,6.057790865441642,0.8822802402347616
SINGAPORE,SANTOS,7,1879.990565016038,1.2887793254433741,6.507024434041583,0.0
NEWCASTLE,ROTTERDAM,9,7885.155753969178,2.1094150478406037,8.680042214385555,0.4988196347153452
RICHARDS BAY,ROTTERDAM,3,7436.6485391854285,1.9446336283769963,6.7922022178854355,0.5837527046085819
QINGDAO,ROTTERDAM,5,1806.5643534720998,1.1881169352818837,4.774244357357445,0.6113549356149361
NEWCASTLE,ROTTERDAM,9,2646.544846363742,2.583003697596826,9.649948448858982,0.402829539446649
SINGAPORE,QINGDAO,12,4942.041151520485,3.690801907525802,12.863893614413398,1.0147229191748823
NEWCASTLE,RICHARDS BAY,4,2192.1745846643976,2.358699050434015,9.15624691750346,0.862276275409317
ROTTERDAM,QINGDAO,9,9771.324212583128,2.492093074458755,11.391511870392302,1.0288558416462992
SANTOS,ROTTERDAM,12,8052.818648558086,3.6359801291357896,11.833352702333247,1.3998541936681008
ROTTERDAM,QINGDAO,3,7162.303093066364,3.2470085941019926,10.913337896729866,0.6302917150962344
QINGDAO,DALRYMPLE BAY,5,9001.758978075994,2.9956624019427345,9.255877484645575,0.687727822908258
QINGDAO,DALRYMPLE BAY,12,8024.158627044775,3.6028834110960957,12.123848782542574,1.2927418531348578
SANTOS,DALRYMPLE BAY,3,6502.223998935306,2.4681637273729407,8.359952207195443,0.4036519752175045
DALRYMPLE BAY,QINGDAO,1,5755.02710657462,3.4942012751909437,10.705298234725767,1.5089120877455933
NEWCASTLE,DALRYMPLE BAY,2,2495.641513691423,2.8874646674732425,9.958626169706555,1.0222717523338885
RICHARDS BAY,SANTOS,11,11244.604757848469,2.4903957553024547,8.933274538405213,0.9873582707675075
NEWCASTLE,QINGDAO,3,10812.633502276563,2.171115440078121,8.517380297542015,0.41790016380080114
DALRYMPLE BAY,QINGDAO,9,6432.971587103587,1.8813783258172831,6.4422346582650665,0.0
DALRYMPLE BAY,ROTTERDAM,1,8395.146885407301,3.530563844636036,11.470384437884935,0.8101937739003577
RICHARDS BAY,DALRYMPLE BAY,1,10279.31686924451,3.890520028210556,12.41799541950807,0.8501525987398273
NEWCASTLE,SINGAPORE,1,6823.487589018504,3.9715881859484448,10.151001414398733,1.2601086396917551
NEWCASTLE,SANTOS,8,2233.743816558607,1.797709899309925,7.691227309775749,0.2936898100848593
ROTTERDAM,NEWCASTLE,5,9533.02474362101,2.265988838990082,9.81341277543682,0.2841432398478424
NEWCASTLE,DALRYMPLE BAY,3,11986.914960629236,2.435509763720753,8.496862933052297,0.8656684190437884
SANTOS,DALRYMPLE BAY,1,6903.576425243264,3.760456765545924,11.459101340188798,1.4348994452136097
SANTOS,QINGDAO,7,3717.357660134874,2.342795082190389,7.912294451374784,0.22062072599002946
QINGDAO,RICHARDS BAY,8,7014.229821623921,1.8110976514806278,7.632150888681537,0.0
RICHARDS BAY,DALRYMPLE BAY,8,5093.608472721788,2.086388451283554,7.212373170570256,0.312633788974015
SANTOS,DALRYMPLE BAY,1,1860.0002075614889,3.0531608242966626,10.060435554457868,0.5621929732750757
SINGAPORE,ROTTERDAM,9,10255.567492066199,2.9121459537093726,9.974119605954439,0.5572077063272968
DALRYMPLE BAY,QINGDAO,7,6936.343636100577,1.8291195054878961,6.840927308517895,0.0
NEWCASTLE,ROTTERDAM,4,7198.232794183249,2.3606255692825813,8.727671377089514,0.753607714954423
SANTOS,NEWCASTLE,2,2943.906129384216,3.527438544533217,11.031703644830323,0.8210848226747969
SANTOS,SINGAPORE,4,3151.2033188387327,1.6455225961169464,7.920827016519173,0.5228799670075159
RICHARDS BAY,NEWCASTLE,12,1703.3751933243677,3.3421330320295586,10.725989677329697,1.3095930719532778
SINGAPORE,DALRYMPLE BAY,9,11644.902580284754,2.324152579554673,8.609549495064465,0.47417403899792765
SINGAPORE,RICHARDS BAY,2,10999.088001789913,3.810514573319015,9.933318594794644,1.018234821269977
DALRYMPLE BAY,RICHARDS BAY,1,2633.927703815141,3.3113076857001764,10.578772740375392,0.5590311880049555
DALRYMPLE BAY,SANTOS,11,7489.255824773666,1.9128697568870432,8.175266781383801,0.3820720814946223
RICHARDS BAY,SINGAPORE,10,3346.871950057931,1.9502794962196688,7.834547134194105,0.19617059124275318
NEWCASTLE,SANTOS,11,6865.49385289691,1.9457350731732668,6.871141278702465,0.29236597084186183
SINGAPORE,SANTOS,7,8209.908204620611,1.601970089627889,8.001305168455257,0.0
QINGDAO,NEWCASTLE,3,11853.528745178422,2.1266697841140996,8.410097731108898,0.27479896129402126
SINGAPORE,DALRYMPLE BAY,9,7013.303169415394,2.2238337436453337,7.568570263776624,0.3252068477633616
SINGAPORE,QINGDAO,9,8215.616926431398,2.275196125287062,7.782555738010911,0.4683705018691772
ROTTERDAM,NEWCASTLE,8,7345.389218987897,2.2782970511462026,7.529773965518896,0.3310022444724918
ROTTERDAM,SANTOS,4,2048.0181260078143,2.5925289897937116,8.52244282941341,0.0
NEWCASTLE,QINGDAO,1,3857.573588280919,3.608234358780855,11.026988586575621,0.9235671978735531
DALRYMPLE BAY,SINGAPORE,10,2523.6066686438735,1.827724806053245,8.524775038989105,0.5328956749542941
NEWCASTLE,SANTOS,7,7057.71514305276,1.9976427566409096,8.380844318830292,0.38694910042577435
QINGDAO,RICHARDS BAY,8,5347.264440290181,2.8053026997560737,8.648236404688085,0.4279863258811055
DALRYMPLE BAY,SINGAPORE,1,2245.5263630890263,3.4207555283537037,9.512321924907338,0.35029109093762467
NEWCASTLE,RICHARDS BAY,2,3859.7431247748873,3.210065127458887,8.90174228505017,1.4082951810742497
RICHARDS BAY,NEWCASTLE,4,8270.417354762247,2.540134481066198,9.542621422803457,0.3299491080508541
QINGDAO,SINGAPORE,11,2559.6078259247815,1.7533359635655001,6.346682487437759,0.0
DALRYMPLE BAY,SINGAPORE,11,9910.030043297389,2.197313495700617,9.090179412695443,0.23659961556168027
RICHARDS BAY,DALRYMPLE BAY,7,5290.25469119161,1.6862129311600484,6.094015922280473,0.6845345284999952
ROTTERDAM,DALRYMPLE BAY,12,11199.945780673746,3.854236213153162,12.168773457522505,1.0484228101220296
SANTOS,SINGAPORE,2,8855.732459483075,3.78092343758971,13.192122925907782,1.242849195888043
RICHARDS BAY,SANTOS,2,1557.6281594131992,3.0999166737050787,8.793684371594507,0.5267797709738589
ROTTERDAM,NEWCASTLE,9,7271.9479900515935,2.1467636910978416,6.990160772279668,0.29981174348519585
SINGAPORE,RICHARDS BAY,2,11767.895635398607,4.215804789197953,12.012539871250148,1.4656491573938055
SANTOS,RICHARDS BAY,7,5744.417445795013,1.5260689789643374,7.161637083489622,0.0
NEWCASTLE,SANTOS,11,1583.4716851617843,1.0521252093637532,5.349149161936133,0.0
SINGAPORE,ROTTERDAM,4,7875.369147911892,2.6194987103689233,9.550622176412444,0.28551870010271657
QINGDAO,RICHARDS BAY,8,1754.8033784271465,1.7057841297412795,7.511493916084461,0.2039644468250767
DALRYMPLE BAY,SANTOS,9,9823.883696203398,2.458696115315097,8.413165812506538,0.5904991839702729
NEWCASTLE,ROTTERDAM,4,1711.9363953739144,1.6186585537359413,8.846950809780976,0.2990193486861407
SANTOS,SINGAPORE,1,4565.406833490039,3.2666722897707268,9.975257579728021,1.1353501952977627
NEWCASTLE,DALRYMPLE BAY,5,9315.96166266606,2.774518842818303,12.25100561991049,0.5671954120626402
NEWCASTLE,RICHARDS BAY,4,3400.887216619199,1.8770586907073836,7.571756422111977,0.7442054032209164
NEWCASTLE,SANTOS,5,3771.5575064249338,2.0678075410883925,7.888274642223121,0.6910676463128036
QINGDAO,RICHARDS BAY,10,4510.811209950045,2.413504132420235,8.458921155553902,0.9192028055338668
SINGAPORE,ROTTERDAM,3,10619.251700598305,2.5923191281762286,10.25649098500733,0.5905037379521815
RICHARDS BAY,SANTOS,8,11652.817925333133,2.5430876173420294,9.003391134986392,1.0464733528199284
SINGAPORE,DALRYMPLE BAY,11,7104.714352953439,2.461330869999604,9.03087934162974,0.8308566378536402
QINGDAO,ROTTERDAM,9,8963.082278967346,2.595423851002361,9.971400891327496,1.0746001338220073
RICHARDS BAY,ROTTERDAM,8,3727.4067419417115,1.9651696345483953,7.377835912225473,0.4427232238273152
ROTTERDAM,SANTOS,1,4167.888073457826,3.777535741091551,13.425119990639317,1.3442773778417507
SINGAPORE,ROTTERDAM,8,6944.470558821891,1.9597398154769807,7.404239386822063,0.04487372457553912
DALRYMPLE BAY,ROTTERDAM,7,9754.579607224068,2.626974864582295,10.03439790977466,0.27559357559276837
SINGAPORE,SANTOS,5,10198.230273341227,3.005593468352063,10.749059527336218,0.9696395709633956
RICHARDS BAY,DALRYMPLE BAY,3,9624.492061311596,2.4506429880381018,9.0330298364138,0.4585972607437136
NEWCASTLE,ROTTERDAM,7,10164.111354575622,2.712378912838409,10.524174266646657,0.31322614054366177
RICHARDS BAY,NEWCASTLE,11,7791.192288516136,2.497395301084719,7.626402361436576,0.937634805331915
SANTOS,RICHARDS BAY,8,10846.391329031376,2.072548131467802,8.468051555835647,0.0
NEWCASTLE,DALRYMPLE BAY,6,7107.840115379561,2.0343121232409116,8.466755923490146,0.2862045259919046
QINGDAO,ROTTERDAM,10,6839.699497413598,2.361911808904551,8.691362548722122,0.6712775959149857
SINGAPORE,ROTTERDAM,1,9558.285659435038,4.208413065703292,11.181662159231104,1.2209835585088429
QINGDAO,ROTTERDAM,1,10098.949273436656,4.025499760122364,13.395074477918273,0.9936383187086973
NEWCASTLE,ROTTERDAM,4,6504.239484203113,1.7714481630765018,9.87889228010027,0.13449508290903361
RICHARDS BAY,SANTOS,2,11753.129992444805,5.023061089929754,13.550785010840812,1.6365454958149848
DALRYMPLE BAY,RICHARDS BAY,9,11836.4352841673,2.954155052813437,8.273121967096412,0.44812396682294675
SINGAPORE,NEWCASTLE,2,4450.997851065891,3.6385172113258517,10.04763352066704,1.5050914895038288
SANTOS,NEWCASTLE,8,5016.065631378777,1.9431058384907642,8.988377316901067,0.6836602448068605
ROTTERDAM,SINGAPORE,4,3236.143165654252,2.162757669401697,9.508240199520802,0.32850600386181794
RICHARDS BAY,QINGDAO,5,5655.779031764788,1.5165988544776643,6.911269392288337,0.21285672908656067
QINGDAO,SINGAPORE,2,11320.120325118558,4.19118219573397,13.385274260416018,1.4944712014239048
DALRYMPLE BAY,QINGDAO,10,11962.567400924347,2.8701996933068967,9.760416288797298,0.8640505828797493
ROTTERDAM,RICHARDS BAY,7,9389.056471239057,2.5433986766861696,7.617797972475228,0.42543023119710344
ROTTERDAM,RICHARDS BAY,12,6744.429770427151,3.166015427161157,10.449694030456287,0.9785026047785033
SINGAPORE,DALRYMPLE BAY,12,8907.142153446002,3.7586903138194505,10.196032242312729,0.7980361592201881
RICHARDS BAY,SINGAPORE,11,9228.673095228214,2.3065315467318364,8.265969911348488,0.7379886726610607
ROTTERDAM,RICHARDS BAY,12,5662.04404865277,3.451623390340132,10.977072664086647,1.1020478811737668
ROTTERDAM,NEWCASTLE,7,9328.489158009865,2.8277809001572454,9.467646773621485,0.36214024040030934
QINGDAO,RICHARDS BAY,2,11551.178008827786,4.304391283291037,12.262492926254916,0.860697068127203
RICHARDS BAY,NEWCASTLE,10,3074.5479679482874,1.9618145544071652,8.560781524124817,0.43734833656441724
SINGAPORE,SANTOS,3,11737.156459999605,2.743082908788317,10.165950010874889,0.5084003739823817
QINGDAO,DALRYMPLE BAY,6,5274.649708644428,2.6448056412400636,9.524201750710569,0.41865508562976084
DALRYMPLE BAY,SANTOS,12,7197.6817294194925,3.406055152143441,10.06308540502534,0.9012925068615116
ROTTERDAM,SINGAPORE,3,1615.6751399531224,1.6491783193931435,8.825808984765798,0.17495376995527098
ROTTERDAM,RICHARDS BAY,11,7348.107552358471,1.8002927432953955,7.542216241322418,0.7152540404150729
RICHARDS BAY,QINGDAO,11,6944.787874711312,2.324326858909162,7.671843954203198,0.0
SINGAPORE,NEWCASTLE,11,1962.8878331435205,1.4142555130039383,7.39788011274997,0.5292504767941666
DALRYMPLE BAY,RICHARDS BAY,2,7387.610984156478,3.9321905892875444,11.603969465002677,1.2992404177591026
QINGDAO,DALRYMPLE BAY,11,3040.222636905604,1.3674630378546653,7.303881682083264,0.015573285762096295
ROTTERDAM,SINGAPORE,7,4315.336527298285,2.282303020222258,8.113310369511138,0.42515766592888343
NEWCASTLE,RICHARDS BAY,2,7588.088080932017,3.9497289387215804,14.360934291467311,0.9885423979595431
QINGDAO,SANTOS,10,11170.008468495107,2.5447884331056927,9.612296685727511,0.5039042241629126
SINGAPORE,ROTTERDAM,6,6631.397192792044,1.5212030229532494,6.89419995951365,0.049333513609684604
NEWCASTLE,SINGAPORE,6,1529.0689955210846,1.3620096155418127,6.724350856339979,0.5321456826773516
ROTTERDAM,SINGAPORE,9,9930.45155354609,2.6205519335532212,7.4039015202922585,0.4015556147477878
RICHARDS BAY,SINGAPORE,6,5291.759403909109,1.974320971198123,8.124918978124432,0.6661120226009842
SINGAPORE,RICHARDS BAY,5,5711.293898977098,1.5983523824416341,5.506702996937135,0.4943238352329689
DALRYMPLE BAY,SINGAPORE,11,1893.912283584133,1.7463090821180043,8.396707124129728,0.0011227891924687206
ROTTERDAM,QINGDAO,4,10826.217473261051,2.957191481553327,9.375125481485833,0.6245724882375743
SINGAPORE,ROTTERDAM,11,5955.696640025002,2.7218838748910468,8.695908922335184,0.1326101651197812
ROTTERDAM,DALRYMPLE BAY,8,5218.668721874618,2.4837645940784365,9.471837690003479,1.2019636119641315
RICHARDS BAY,NEWCASTLE,3,6100.98104882862,2.079383660868228,7.96781455886495,0.06454946587644245
NEWCASTLE,SANTOS,2,4704.772811134355,3.227598906226762,10.847531564867882,0.9450749919738421
QINGDAO,RICHARDS BAY,11,4072.485293276424,1.6804156366893175,6.3729308197088255,0.3428379912938496
DALRYMPLE BAY,ROTTERDAM,2,8883.696592580967,3.55166754803233,8.59240623101752,1.447670835298096
SINGAPORE,DALRYMPLE BAY,5,6843.604167089659,2.22378521616768,7.882923966123465,0.0
ROTTERDAM,SANTOS,3,1531.7833936952818,1.6136552816559364,7.434649532924691,0.15396087345590243
RICHARDS BAY,SANTOS,8,3481.735485483759,1.5771745510216144,6.1280485519474714,0.20852752693607168
SINGAPORE,SANTOS,12,1690.8530732740874,3.054697285113381,10.713934969359121,1.465360534770832
ROTTERDAM,NEWCASTLE,6,6668.534554875368,2.0204366962184226,10.2901860907077,0.5755273651881351
QINGDAO,SINGAPORE,9,8949.13638555706,2.63493423443972,7.631088812314188,0.16690906730488675
DALRYMPLE BAY,RICHARDS BAY,5,6729.46376033778,2.4113341197279756,7.67816762202424,0.0
SANTOS,DALRYMPLE BAY,10,7437.634017148195,2.525100863272335,9.882276914836403,0.6387136206289566
DALRYMPLE BAY,RICHARDS BAY,6,4736.349328467288,2.1087084379579935,7.5119362268856245,0.7230598260455873
NEWCASTLE,SANTOS,7,7462.038028375221,2.3311334786423106,8.5476545982843,0.7653753867149342
RICHARDS BAY,DALRYMPLE BAY,12,6812.55644890771,3.539808338440244,10.866337081200717,0.9809273724686444
QINGDAO,NEWCASTLE,1,2864.433552304493,3.6108855325371296,9.117365362807556,0.9029424192984633
ROTTERDAM,NEWCASTLE,12,3472.02987455312,3.4468584774939393,9.710228744119016,0.7608115610984926
QINGDAO,SANTOS,6,7913.760355687656,3.10010157040844,9.78747168136933,0.9073167662486584
QINGDAO,DALRYMPLE BAY,7,5920.506855810861,1.7487295419661186,8.534254516432444,0.1879681072202564
DALRYMPLE BAY,RICHARDS BAY,11,2379.9572859755895,1.6954731003412669,7.22760959848067,0.0
SINGAPORE,SANTOS,7,7034.470698425522,1.6522840712441622,7.764735163183803,0.3675190158199209
NEWCASTLE,SANTOS,9,4134.08047830092,2.0438204084612113,8.11453287864761,0.034938758979712214
ROTTERDAM,RICHARDS BAY,1,10267.020928678694,4.10673964660627,11.398987805351132,1.2984908131211594
NEWCASTLE,QINGDAO,12,2043.3454743473549,3.1687163541646255,10.286094705792456,1.1585551889085781
QINGDAO,DALRYMPLE BAY,3,4158.837557598952,1.8087739609539473,9.466329829661937,0.6886184859644574
RICHARDS BAY,QINGDAO,9,8435.23428971722,2.118658454782146,6.837214631346638,0.5761185121049058
SANTOS,NEWCASTLE,5,2389.9605300063713,1.5565168465374855,7.745878457499176,0.15091072597281366
RICHARDS BAY,ROTTERDAM,12,3301.77890809524,3.865223351865582,10.991727566876715,0.2399330505168744
NEWCASTLE,ROTTERDAM,4,6053.336425202011,2.153307014315456,9.590212658739047,0.6182741548323382
DALRYMPLE BAY,RICHARDS BAY,5,9029.351162066856,2.3244735627939623,8.824152981992397,0.6758858230641293
SANTOS,DALRYMPLE BAY,3,3182.8813061688847,1.4114739679965023,6.225602922063023,0.13668883506219237
SANTOS,RICHARDS BAY,7,11209.694881949135,2.572549765815947,8.491054496652298,0.489047860444398
SANTOS,SINGAPORE,12,10350.080984763219,4.155533671478028,12.275732790662108,1.1771325257559349
NEWCASTLE,DALRYMPLE BAY,3,10230.122176135075,2.4156316413542136,8.076233745163593,0.46084293947542904
RICHARDS BAY,NEWCASTLE,7,9623.746376795936,2.2499640527920457,8.910162950005711,0.4571882325868181
RICHARDS BAY,NEWCASTLE,6,6026.947491877022,2.048482170270699,7.39698665610217,0.10708972912385889
QINGDAO,NEWCASTLE,6,5997.977567921648,1.938858813556544,7.244029642974428,0.3032157909234963
RICHARDS BAY,QINGDAO,9,9483.31575525779,2.9351839497350376,7.975921751552936,0.43601889638624275
NEWCASTLE,DALRYMPLE BAY,12,3646.5211222495686,3.84246623235979,11.668884840636231,1.2393415235718455
NEWCASTLE,QINGDAO,9,11575.475304845348,2.7399079816178498,8.5034425730505,0.8938698366201556
QINGDAO,NEWCASTLE,9,2169.222619536237,1.5146625564942284,5.388963072428677,0.26884063870733677
QINGDAO,SINGAPORE,8,2257.7184636915813,1.5155801860151974,7.568202905391081,0.13701343266696558
DALRYMPLE BAY,RICHARDS BAY,8,8186.981686002897,2.2376802665343796,7.032097145395436,0.3190153670557394
DALRYMPLE BAY,QINGDAO,6,10073.989149492088,2.3466987335795895,8.827114274905693,0.7257898824488087
QINGDAO,SANTOS,8,8869.194985037051,2.925450838224754,10.447834907849241,0.5317523517200065
SINGAPORE,QINGDAO,3,2577.2325087703343,1.791949475249331,8.204696389646061,0.7145605731284013
SINGAPORE,SANTOS,1,2519.446468877445,3.0100664926048584,9.38814591341054,0.4435805168897949
NEWCASTLE,SANTOS,7,10192.732874105513,2.2818394097921013,9.329420697020796,0.4375116465733229
RICHARDS BAY,SINGAPORE,6,7850.9480170996385,2.2151143391741943,8.189215434562929,0.3044681352476154
SANTOS,NEWCASTLE,3,7393.802075790466,2.087437073113501,9.215200378446786,0.5854470303049616
SANTOS,ROTTERDAM,10,7954.138821243771,2.383687035521947,9.288549822857748,0.8730051993494069
QINGDAO,SANTOS,4,1864.4894409134781,1.524096860035093,8.015634180208092,0.38265021516305175
SINGAPORE,DALRYMPLE BAY,6,1870.4819938858627,2.0246285232448815,9.434163984135015,0.31137644008114096
SANTOS,SINGAPORE,9,5473.246092438526,1.897615832740595,7.470388470109328,0.31345446370655994
SINGAPORE,SANTOS,4,5960.245536211867,2.296237426771214,9.316998447562987,0.558507484887979
NEWCASTLE,SANTOS,6,10316.43975882371,2.681404173623942,8.547176913601334,0.13150757059542295
DALRYMPLE BAY,RICHARDS BAY,1,4588.235789957337,3.86365936347034,12.097854596924272,0.8177288409906618
RICHARDS BAY,QINGDAO,6,7648.611141164553,1.9646077235216002,9.050103110104331,0.2904300685133523
NEWCASTLE,ROTTERDAM,10,4223.327377990984,1.6552414430329094,7.151281950438783,0.18650437878358261
RICHARDS BAY,DALRYMPLE BAY,3,11346.175127328961,2.5700893993169034,8.139974598648031,0.8681766827822783
QINGDAO,ROTTERDAM,4,10616.924423761177,2.7252743920222824,9.72612168300711,0.8771744781026016
DALRYMPLE BAY,SINGAPORE,4,4577.791291313795,1.4928016773967672,6.415792930470735,0.5648421657741848
RICHARDS BAY,SINGAPORE,8,9314.979486109805,2.080779084606645,8.83255146466038,0.7535090596040337
SINGAPORE,RICHARDS BAY,6,4462.038513583014,2.329037463642226,9.180729738148873,0.46205413834094544
SANTOS,SINGAPORE,2,8686.515434646388,4.071828832570603,11.300697799295314,0.9147341864599249
ROTTERDAM,QINGDAO,10,8170.657816438338,2.490008023593097,8.303963244381958,0.299766643120972
NEWCASTLE,RICHARDS BAY,6,6252.813411287039,2.1917670254834976,8.020059047005672,0.4190412293993117
SANTOS,SINGAPORE,9,8585.369967762372,2.282673455941122,6.830591909487575,0.8511682380468238
RICHARDS BAY,QINGDAO,3,2041.5453055142068,1.791285185256484,7.0019847062144525,0.2946577476811873
SINGAPORE,RICHARDS BAY,12,7414.273741184131,3.695684799315937,10.199647155545154,1.3396807032828733
ROTTERDAM,DALRYMPLE BAY,11,6970.560975900518,1.8945071099980597,9.561113203425538,0.6608995423318091
QINGDAO,SINGAPORE,6,8677.21449318629,2.45383750381045,10.29012193949612,0.6627344605384609
SANTOS,QINGDAO,9,6508.666852688671,2.072441495574787,8.97582967051619,0.856320534078519
ROTTERDAM,QINGDAO,9,7757.585431385735,1.890109874498489,8.736218354637101,0.0
NEWCASTLE,RICHARDS BAY,2,7033.667126691014,3.49761840842708,10.525670305881784,0.5614122934101613
SINGAPORE,RICHARDS BAY,12,10907.770582602507,4.379719350212767,12.68608390584876,1.2928368244787494
DALRYMPLE BAY,SINGAPORE,12,7983.376657607822,4.005310561251532,10.554992130098967,1.035030340410773
NEWCASTLE,ROTTERDAM,12,11577.8099965571,4.6129605542728225,13.198343794942327,1.838861311932352
RICHARDS BAY,ROTTERDAM,7,11191.545686456633,2.3137802049490603,9.621988379634674,0.8524647847400464
NEWCASTLE,DALRYMPLE BAY,3,11613.414126331269,2.715445736659737,8.907547055043876,0.9247964114384193
ROTTERDAM,SANTOS,1,10804.523413686737,4.192371269981212,13.176250711908944,1.6646260660184649
SANTOS,ROTTERDAM,7,7571.521417128951,2.220481311320617,7.31723055701032,0.10326083608113867
ROTTERDAM,SINGAPORE,6,4229.123269835099,1.6294429033466185,7.408789104083848,0.0
DALRYMPLE BAY,SINGAPORE,10,5171.697386177808,2.2161346555290655,8.095388387662974,0.46744352763826363
QINGDAO,DALRYMPLE BAY,10,2759.092073894214,1.7569825215843384,6.265143711382593,0.808635774788715
NEWCASTLE,RICHARDS BAY,9,4529.419088901746,2.1189822793066186,8.353510731023343,0.5448055964143407
RICHARDS BAY,ROTTERDAM,5,11633.520270498431,2.767967944696685,10.178064185577886,0.8697833924502967
DALRYMPLE BAY,SINGAPORE,12,5466.480433922633,3.1460678015888677,10.785365777760505,0.7477647669020794
SANTOS,ROTTERDAM,2,10401.264780254847,3.9200404889710305,13.680596890184642,1.097117769360167
SANTOS,NEWCASTLE,11,6211.519934932091,2.6798482854678314,8.12395573993784,0.4789125298512128
ROTTERDAM,QINGDAO,12,3763.636952072357,3.207395572123617,9.94098796683954,0.43672933741470255
NEWCASTLE,SANTOS,4,3829.376329860977,1.7159434686985855,7.287752786630916,0.9700098930690354
ROTTERDAM,SINGAPORE,2,4935.191211143742,3.565421394193264,13.12781012166741,1.022150547230472
DALRYMPLE BAY,QINGDAO,8,8707.926158184955,2.7727565517517485,8.958062138294377,0.497061660321994
SANTOS,DALRYMPLE BAY,6,7303.873601143101,2.4673906896978597,9.357762117752545,0.3401450219617226
RICHARDS BAY,SANTOS,2,6041.97992399407,3.265622746914262,9.04920601439234,0.9129427228853262
QINGDAO,NEWCASTLE,3,6000.761081179078,1.7100082045779001,8.116594576632126,0.37333984754996813
SANTOS,SINGAPORE,6,3241.2094229210393,1.86583145426021,7.048397000329896,0.7066449555150236
NEWCASTLE,SINGAPORE,2,4809.69124873299,3.323478920503522,9.333933179252794,0.7847259432021124
DALRYMPLE BAY,SANTOS,3,11736.29544313824,2.8031578466689098,8.429098580064396,0.49865529269265685
NEWCASTLE,QINGDAO,2,9029.905294814242,3.389926882584917,10.102232049779866,1.3083006889115234
ROTTERDAM,RICHARDS BAY,9,2962.915223749351,2.1244751284499888,7.650770084848781,0.3459992978303839
QINGDAO,DALRYMPLE BAY,7,4286.097192621277,2.1412297847589072,7.457993520705071,0.7528759076669087
QINGDAO,NEWCASTLE,1,10778.528767375,4.601456382378241,13.770801918868095,1.8836849582466333
DALRYMPLE BAY,SANTOS,5,5966.666294810074,2.1790837240159537,8.029464822895932,0.14960510266246235
SANTOS,QINGDAO,11,2192.7404145207984,1.76868922244309,7.9372541296197525,0.5667428630691558
NEWCASTLE,SANTOS,4,8301.090217588562,2.477633479419357,10.937863994325022,0.0037001522158123246
RICHARDS BAY,QINGDAO,2,8516.037771228614,3.8640455380283787,11.66662366486847,0.5479678140239045
DALRYMPLE BAY,SINGAPORE,4,9625.315793818096,2.9410657370210274,9.927426438367137,0.7324641641724343
RICHARDS BAY,ROTTERDAM,7,9571.225593945303,2.945023270059233,11.476129531839666,1.0054938140448924
SINGAPORE,ROTTERDAM,11,8578.093956037164,2.6668590481493344,10.834221209916562,1.1411773613100462
NEWCASTLE,QINGDAO,8,6108.0002340223655,2.297271855128062,8.459273653689873,0.4315821160337245
DALRYMPLE BAY,RICHARDS BAY,2,3987.0098144340245,3.1044435643322967,10.851461978604046,1.3231781817037938
SANTOS,NEWCASTLE,3,6478.946065453079,2.758700070196654,9.283916462520645,0.8442559955355017
RICHARDS BAY,DALRYMPLE BAY,6,4511.814978232534,1.8121133058665502,7.168319191558442,0.08765847534987337
SANTOS,QINGDAO,4,4857.617643245275,2.4521325999038988,8.739769335734877,0.544611952740875
QINGDAO,SANTOS,11,2463.131149631275,2.3238770382909038,9.504063053537326,0.37710783599877173
ROTTERDAM,NEWCASTLE,12,6058.014575296904,3.7803289484359786,12.342848600833285,1.8887829493955492
SANTOS,DALRYMPLE BAY,12,10699.464611785914,3.7522794032440046,11.81673242533954,1.368453468356916
NEWCASTLE,QINGDAO,10,7564.375276244377,2.589386756296447,9.450713265978983,0.17050070315167265
DALRYMPLE BAY,SANTOS,6,2600.3810980420835,1.9890308624549564,6.523600190506944,0.49681110206648216
QINGDAO,SANTOS,5,6874.212909224479,2.3097579927098195,8.102440798830285,0.19392450112255405
DALRYMPLE BAY,NEWCASTLE,12,11543.337895822573,4.246307050881628,9.409808958814441,1.9963451480959615
RICHARDS BAY,SANTOS,7,3784.54150828505,1.7513371106190276,6.272878897271669,0.3935583128892766
SINGAPORE,NEWCASTLE,2,5966.301842468985,3.484686902363026,10.904392823735574,0.47457899615412513
SINGAPORE,NEWCASTLE,2,6946.931962120352,4.148438230211356,13.211528844496646,1.2521825846525183
SINGAPORE,ROTTERDAM,6,11194.792320167475,2.8555379039694255,10.971948313022354,0.9727328847410754
RICHARDS BAY,NEWCASTLE,2,11580.862133846329,4.314027339451323,11.213522360958617,1.1897218278421149
ROTTERDAM,RICHARDS BAY,6,6318.129309540427,2.249497029827773,7.650465145385619,0.38383980219573643
QINGDAO,SANTOS,4,5037.542028473433,1.6082287199558016,6.868735544735357,0.7920415431879513
QINGDAO,NEWCASTLE,6,11768.236669572947,2.8056324194752778,11.307036769577996,0.5391790495410291
QINGDAO,SANTOS,9,5410.491111446878,1.768444078811582,8.61101166785727,0.20734498474012833
SINGAPORE,DALRYMPLE BAY,3,9572.013182619687,3.120562090538836,11.173298558318557,0.7692166619714658
NEWCASTLE,DALRYMPLE BAY,2,2310.835435396012,2.826746618485433,9.910769152061741,0.6944362458219917
QINGDAO,SINGAPORE,6,10401.013318001102,2.315577029297795,8.685015025911426,0.6844601450634202
NEWCASTLE,QINGDAO,4,4375.10144119434,1.8483748720100066,7.422717481194295,0.3252771779060139
SANTOS,NEWCASTLE,6,10293.368114760586,2.183943961653849,9.571146146324487,0.34531976782227924
SANTOS,SINGAPORE,11,1555.619357866509,1.5289498054347705,6.6286821585975035,0.0
QINGDAO,NEWCASTLE,4,5689.500609252498,2.361356802408837,9.022602689558271,0.7061370407748134
NEWCASTLE,DALRYMPLE BAY,11,9880.672762936583,3.0187034539032553,9.11280716587228,0.5108141320703252
NEWCASTLE,SANTOS,1,10641.461640343487,4.200470155809917,12.19583430641984,1.442289135034791
DALRYMPLE BAY,ROTTERDAM,9,5314.711881309196,1.9222218770305974,7.541753522110834,0.2072067447680243
DALRYMPLE BAY,ROTTERDAM,10,10799.079508617218,2.4914228923399104,8.521821833017706,0.0
RICHARDS BAY,DALRYMPLE BAY,8,2791.954084480398,2.1248831559730132,8.7813845127494,0.785547379734099
SINGAPORE,SANTOS,8,10539.655930770417,2.402096794704963,9.06905309846605,0.5953124055626581
SINGAPORE,RICHARDS BAY,8,7565.543401639295,1.772348510280747,5.261352675936967,0.5294957005724024
RICHARDS BAY,NEWCASTLE,8,10342.503718239366,3.042398810110552,10.878606110062465,0.8722494708280257
NEWCASTLE,SANTOS,5,4402.250705449449,1.887722261233461,6.658036478682981,0.6544727953769154
RICHARDS BAY,ROTTERDAM,9,11591.227575711095,2.472876293512183,10.25347327899423,0.6396485445293297
QINGDAO,SANTOS,2,6035.677821904406,4.009302895318146,12.415423917617415,0.4201483231700759
RICHARDS BAY,QINGDAO,3,9963.534154462788,2.633211206670571,9.767613636249266,0.4212996736255973
DALRYMPLE BAY,NEWCASTLE,10,4999.741306025826,1.9032805773269792,10.18167930092889,0.0
NEWCASTLE,QINGDAO,10,3985.3187913502015,1.7453454024532071,7.57287515697417,0.136744520383525
ROTTERDAM,NEWCASTLE,9,2438.0863614032287,1.2509132680843964,5.5220378641709225,0.5639232394795471
ROTTERDAM,RICHARDS BAY,1,2464.2720598193414,3.3576194751629957,11.035853677511009,0.6260581368028014
ROTTERDAM,SANTOS,2,5038.708642711937,3.2185741286113565,11.517566725311696,0.5055003007367359
DALRYMPLE BAY,RICHARDS BAY,1,4662.6954483857435,3.6241351392242716,10.170642121348966,1.0205587471457054
NEWCASTLE,QINGDAO,3,2985.3029200188507,1.4414204511306052,6.22396742437227,0.0
ROTTERDAM,NEWCASTLE,7,5753.742246779577,1.8469666347007447,9.191677147535119,0.13151207144409333
SINGAPORE,SANTOS,11,5930.2981660163105,2.4440511137176055,8.083490771103234,0.8127759203805822
SANTOS,RICHARDS BAY,8,11938.21374365353,2.721780648280118,9.906211192805872,0.49545286676944394
QINGDAO,NEWCASTLE,9,10834.491552241163,2.4856086223126295,9.433392867375469,0.5364535209168878
SANTOS,QINGDAO,5,11426.64231563672,2.4748865856027473,8.075273218696713,0.185547463379566
ROTTERDAM,SINGAPORE,11,10337.39601589896,2.6998970604949917,8.553769505457181,1.0672480745773578
QINGDAO,ROTTERDAM,8,4721.353148806912,2.1806780431360804,6.521760593685951,0.5162494426113297
QINGDAO,RICHARDS BAY,10,3665.549106017404,1.8283023728872934,8.444274055388881,0.6076643944682325
NEWCASTLE,SANTOS,2,2070.7158228560984,3.4190073793195106,10.112262397056991,0.30505244739659865
RICHARDS BAY,QINGDAO,7,11825.933716974041,3.04702871466226,9.851141717699415,0.5663140049478271
RICHARDS BAY,ROTTERDAM,12,8851.845750932838,3.42046536913645,9.05781505137935,0.5483196869553644
RICHARDS BAY,SINGAPORE,10,5293.755161751923,2.537248529713506,8.807653787328737,0.5121384305153113
QINGDAO,DALRYMPLE BAY,12,3103.1519923496467,3.5836529524482703,10.08558392018981,1.0833324432760176
ROTTERDAM,SANTOS,9,8546.091896831358,2.6539099237625434,9.8104641962781,0.875038757292846
SANTOS,SINGAPORE,11,11321.43683422505,2.5970658708889074,10.785537553500053,0.6142692853892917
QINGDAO,ROTTERDAM,7,5086.750594934434,1.9970485564867468,9.83634686944799,0.6725536786946206
SINGAPORE,DALRYMPLE BAY,10,7065.683131419401,2.1768402184141924,8.412159859886684,0.1870015126868818
SINGAPORE,QINGDAO,10,3477.8365544248404,2.084571968825695,7.374939556051707,0.7337205692390518
ROTTERDAM,SANTOS,2,3248.8259175258468,3.156840098196222,11.646796485317658,1.004899544311688
ROTTERDAM,QINGDAO,9,7913.4861454235415,2.7376836936919573,11.300352303600738,0.9785472825187005
SINGAPORE,DALRYMPLE BAY,1,9105.731424374664,3.6880937404795473,12.108146210271205,1.4958701047083944
SANTOS,QINGDAO,10,8375.417660611032,2.6818574780926565,8.912763696161878,0.6153314195073906
DALRYMPLE BAY,QINGDAO,11,6132.716755250218,2.284317485509936,8.757270675099637,0.5209612093139749
RICHARDS BAY,SANTOS,11,10503.365024648676,3.3164917355574652,10.349124151798675,0.9280074313224248
QINGDAO,ROTTERDAM,5,2824.955901008381,1.287729038623219,8.328166519663052,0.5039493605015877
SINGAPORE,SANTOS,7,7979.410311092112,2.65634877062632,10.34964095150359,0.7878564149368059
NEWCASTLE,RICHARDS BAY,11,3775.053000093752,1.8602810835311248,7.82142026696663,0.35944596680875146
QINGDAO,DALRYMPLE BAY,10,1908.3528329857556,1.3664433463797039,7.3105623216264,0.456532610754497
NEWCASTLE,QINGDAO,11,11765.583998280625,3.0044246671803343,10.304316175718075,0.6182917349829362
ROTTERDAM,NEWCASTLE,2,5097.4090021999755,3.882667482499365,12.831768552863053,0.8478850697757814
ROTTERDAM,QINGDAO,12,9004.897698367868,3.468119769827581,11.11321730374064,1.2927925213418496
QINGDAO,SANTOS,12,4324.237736546362,3.5597291064200425,13.055561013142599,0.7739680100692979
RICHARDS BAY,NEWCASTLE,12,9186.93351769419,3.8123106470242005,10.378526624166595,1.2357833061245342
RICHARDS BAY,SINGAPORE,11,9779.451157848529,2.538532296743631,9.257194037293072,0.5501339930634792
DALRYMPLE BAY,NEWCASTLE,6,9094.541790652434,2.0048032829402005,7.59063006256351,0.4224468914816851
ROTTERDAM,SANTOS,2,6029.557933079033,4.146169292183417,13.699836958315162,1.264443761900244
SANTOS,NEWCASTLE,2,9542.105338083335,3.9407536771637393,10.610361977768406,1.162665474747324
SINGAPORE,SANTOS,2,9066.367798120653,4.0782090195116965,13.604820111659006,1.4635673825738462
SINGAPORE,ROTTERDAM,1,4023.2049445567905,3.468426644297767,10.688186396488174,0.7566851160348286
SINGAPORE,RICHARDS BAY,6,3557.939857474455,1.6065598867493673,6.550429212548867,0.45524589842868307
NEWCASTLE,DALRYMPLE BAY,9,10498.640025909699,2.3876763560214034,8.122725384974956,1.0783198070517774
QINGDAO,SANTOS,8,6939.689801696778,1.8981756751439034,7.831793079994135,0.0
ROTTERDAM,DALRYMPLE BAY,1,6301.962894113034,3.452530540236893,10.823494960043199,1.3241111551287859
NEWCASTLE,QINGDAO,12,11101.089776256318,4.581184239709193,13.95476961180879,1.5815265423192413
RICHARDS BAY,SANTOS,7,10995.262383797828,2.265302659819766,8.523491568336155,0.519895955606873
RICHARDS BAY,SINGAPORE,2,4843.023785170956,3.1253704943329965,10.072413431870006,1.1167130572292727
RICHARDS BAY,NEWCASTLE,7,2059.410946403528,1.6644883329178106,7.962115064018465,0.08995772676521646
DALRYMPLE BAY,ROTTERDAM,7,2971.977408674317,1.5433914023797235,5.9492732846809595,0.4206643843840891
DALRYMPLE BAY,ROTTERDAM,6,2723.2429716015727,1.840018374873514,7.2184457506010915,0.44581407831273456
SANTOS,NEWCASTLE,12,2403.8121477827676,2.7294372721140445,9.144917294391835,0.48506842205998335
DALRYMPLE BAY,NEWCASTLE,8,11895.086313915834,2.6836169426430705,8.285054669054954,0.4020056910953772
SANTOS,DALRYMPLE BAY,11,9552.21339460889,2.6547866626863676,9.312989209381248,1.3749460338953163
RICHARDS BAY,QINGDAO,4,6702.968947286309,2.6287768048913267,8.098452023606084,0.7047333649226374
ROTTERDAM,DALRYMPLE BAY,6,5875.517076310228,1.7230248099631125,8.698740216966316,0.2008626301730404
SINGAPORE,QINGDAO,10,6009.015817218016,2.002192972680802,7.895310996386383,0.0
SANTOS,NEWCASTLE,1,5099.220333777206,3.832133159774005,10.844653159688294,1.5334839480019324
DALRYMPLE BAY,QINGDAO,2,2373.054332828297,3.597112474867344,10.51470111990642,0.716445817793313
RICHARDS BAY,QINGDAO,7,6543.270753262068,2.190616413537024,8.586379535982465,0.0
SINGAPORE,QINGDAO,12,2094.4982806902794,3.1216606187852114,10.490478341648128,0.7011506388216239
ROTTERDAM,SINGAPORE,10,7006.296513764192,2.663018646200628,7.786822811542209,0.1548232318490793
SINGAPORE,QINGDAO,1,3303.427465778576,3.7146390503296445,12.51480136944576,1.1460445053866315
RICHARDS BAY,QINGDAO,8,6945.290280929473,2.5267201258241214,10.22712630239384,0.33323085997011553
SINGAPORE,DALRYMPLE BAY,10,5497.074528655063,2.080202827541899,10.486597791398076,0.5650158493620222
ROTTERDAM,SINGAPORE,1,3326.3447876475198,3.2557463960439845,8.919175331538158,0.792466025413619
ROTTERDAM,QINGDAO,4,3034.342693364964,1.5682149380931472,7.147246395608829,0.30792873541321747
QINGDAO,SANTOS,11,6957.236428709632,2.1535129268656705,8.027791608358323,0.31209497497549943
SINGAPORE,NEWCASTLE,12,6722.997643346355,3.1469747645712185,9.831009661983245,1.0528277971842368
DALRYMPLE BAY,ROTTERDAM,7,8948.849671642014,2.365741288663238,8.794558250831429,0.5082557492117471
RICHARDS BAY,SANTOS,2,11222.64139991172,4.2464164202337225,12.30343017266095,1.4977352199211016
SANTOS,DALRYMPLE BAY,12,9536.13669394018,3.774696054458987,10.171090372864892,1.4499434847084722
ROTTERDAM,RICHARDS BAY,7,7046.612865280965,2.2524183275941128,8.736873730868927,0.5800596536549522
RICHARDS BAY,ROTTERDAM,11,8891.969691274191,2.6153312147479184,7.444134471110991,0.02505447258072091
ROTTERDAM,QINGDAO,5,2581.5664704743813,1.8498159496743627,6.406761670337977,0.0012791261192189873
NEWCASTLE,DALRYMPLE BAY,4,2949.995276314265,1.668454245811373,7.619567281852646,0.28074323703876297
NEWCASTLE,SINGAPORE,11,11542.510909381104,2.237925022428033,8.658147827194052,0.24632729070996315
DALRYMPLE BAY,RICHARDS BAY,5,8781.805261948995,2.4666081848114905,8.721716623526127,0.0
ROTTERDAM,QINGDAO,6,3121.557550417376,1.882541804568634,7.745682823437442,0.5906019559545326
QINGDAO,SINGAPORE,11,8383.248856243406,1.9726791566758763,7.417602535442431,0.6522474088439233
QINGDAO,DALRYMPLE BAY,10,6411.530189311896,2.514921273612445,6.996315968256933,0.5963866111576025
SANTOS,DALRYMPLE BAY,3,7672.143617988261,2.250123625553243,8.320080203177145,0.6187779963921449
QINGDAO,ROTTERDAM,2,6639.244255203643,4.1577260236167,9.3410524844757,1.2430251370455394
SINGAPORE,RICHARDS BAY,10,5907.255093828137,1.746184517070311,8.681057685749993,0.3397728782649436
QINGDAO,SANTOS,10,3757.9103703789456,1.6702848064460616,5.185604392392018,0.09655863334277137
RICHARDS BAY,QINGDAO,7,3304.10264678373,1.56298562440594,8.749998680159237,0.21100635223129285
SANTOS,QINGDAO,4,3507.1169272795883,1.7342851921976532,6.201111142556791,0.0
DALRYMPLE BAY,QINGDAO,10,4172.055722146196,2.334369448321424,7.88859431249886,0.5113995803899952
ROTTERDAM,QINGDAO,4,9383.723399767436,2.4478357435580733,9.450755736712205,0.19246316198246066
RICHARDS BAY,QINGDAO,5,3846.451810804151,1.5315237293853423,7.514100140814311,0.14607192634817537
ROTTERDAM,SANTOS,9,9126.486168293899,2.533532974803696,9.283416272586772,0.6921539279705087
DALRYMPLE BAY,RICHARDS BAY,11,11465.094209260531,2.6592784698622287,9.421441446950857,0.5473619922605191
DALRYMPLE BAY,QINGDAO,6,6572.861216189628,2.3325446048717713,8.453174349832626,0.0
ROTTERDAM,RICHARDS BAY,6,4231.4816580886045,2.2367704504062007,8.416174281165189,0.0
NEWCASTLE,SINGAPORE,10,5845.430328120225,1.527535959855507,8.32713980638822,0.23323746585832394
SANTOS,ROTTERDAM,9,7860.15526089048,2.110920825526974,7.696421990491616,0.09021978441567124
RICHARDS BAY,SANTOS,12,3891.7268284511265,3.6557090121362394,9.648789467323406,0.9929476001537574
DALRYMPLE BAY,NEWCASTLE,1,10351.801546914208,4.432465112312418,13.785019738956665,0.8748134261833866
SANTOS,QINGDAO,9,1838.8153912379817,1.3773227315761671,7.246085758016806,0.0
QINGDAO,SANTOS,11,8283.104058962057,2.26302527595337,9.076463741598033,0.35925748290088977
DALRYMPLE BAY,NEWCASTLE,11,1501.3115186405334,1.5658661141317196,8.419849446094474,0.24298174142542087
QINGDAO,SANTOS,5,3929.891274254989,1.5961826108918622,7.310404055440798,0.06277555602051027
ROTTERDAM,SINGAPORE,8,6820.164861407722,2.5022614510201553,9.132989097831086,0.3753923926407246
RICHARDS BAY,ROTTERDAM,7,9348.198719457212,2.2091903662461307,8.008146230952615,0.7507317318798824
SANTOS,DALRYMPLE BAY,9,8493.89186419018,2.3772261452113304,9.29071490384385,0.3459625242821769
QINGDAO,RICHARDS BAY,7,5441.8212320414805,1.9166394824090163,8.782836763862864,0.20846341177754688
ROTTERDAM,RICHARDS BAY,3,7300.5851753516035,2.20862569433686,7.868477098114182,0.5547441564241001
ROTTERDAM,SANTOS,1,5600.848303070774,3.5105232940876205,10.163629141823687,1.0432409955211182
DALRYMPLE BAY,SINGAPORE,4,7861.885554814067,1.7353640948215074,8.743548993372103,0.09150390762231708
ROTTERDAM,RICHARDS BAY,3,5916.687997754582,2.0253011045801346,8.386076911354564,0.4309295875786521
SINGAPORE,ROTTERDAM,9,5719.701528683719,2.626384790141538,8.596720389882675,0.8230378837202453
RICHARDS BAY,SINGAPORE,8,9385.664935603505,2.7106687808593493,9.482016658755764,0.7407062799797507
SINGAPORE,RICHARDS BAY,11,9721.320226298461,2.104638595852401,8.393929399335663,0.3155427699587663
DALRYMPLE BAY,NEWCASTLE,5,9247.195878132763,2.1778692505561614,8.37184357424959,0.4404280863187496
ROTTERDAM,DALRYMPLE BAY,2,10404.21851703576,4.23495053094779,13.027610704859264,1.0893581519664277
ROTTERDAM,SINGAPORE,7,6507.104155859292,2.2428253130954254,8.672129343915596,0.6394531777183976
ROTTERDAM,DALRYMPLE BAY,9,6960.478643593569,1.976103989940201,6.557438919570401,0.6041628647506192
RICHARDS BAY,DALRYMPLE BAY,6,2521.9192502362407,1.6194636525897375,5.854521173570456,0.0
RICHARDS BAY,SANTOS,7,4455.8435516320405,2.061624221490562,8.622730970270123,0.3243021080098229
ROTTERDAM,QINGDAO,2,9488.353945973438,4.118050054170415,10.949256512893568,1.1417533526283308
SANTOS,DALRYMPLE BAY,5,11508.108680984697,2.372293671061752,9.651306771663688,0.8150062981164128
QINGDAO,RICHARDS BAY,9,5874.469257107024,2.1377656760254955,7.747633024725142,0.2992353238519743
SINGAPORE,ROTTERDAM,5,8384.246867701244,2.5528130536469904,8.33379255464725,0.4755794477725642
SINGAPORE,QINGDAO,2,6364.477035654976,3.6634358270299607,12.566594618415097,1.259649495363649
QINGDAO,DALRYMPLE BAY,3,6881.16195210582,2.2494819236364583,7.8070770562593514,0.40504641935382557
ROTTERDAM,SANTOS,9,8825.306836192334,1.8656957471829316,7.386924317291047,0.7911742889783866
QINGDAO,ROTTERDAM,3,3925.687437074589,1.9465838851281712,8.063289387414303,0.07077073855134652
RICHARDS BAY,QINGDAO,5,3944.74274286942,2.1508582328062706,7.075397626315269,0.5926468984193904
ROTTERDAM,SANTOS,12,11317.340647069308,4.277343917970595,14.286012246862477,1.5891170824350986
RICHARDS BAY,SINGAPORE,12,5108.732728597543,3.1293643065698467,9.385971154692726,0.531849934793851
NEWCASTLE,SINGAPORE,9,5102.765560223514,1.9978740771158208,7.099521606061683,0.27264180666841753
NEWCASTLE,ROTTERDAM,12,9878.278792124003,3.7883352329660145,10.233270384047179,1.2858613573417543
NEWCASTLE,ROTTERDAM,10,6307.581201609969,2.077617356197705,7.200350101087923,0.3593356570393936
NEWCASTLE,QINGDAO,9,1796.7583623518917,1.7735582371821776,6.345005715527854,0.24842628649467868
SANTOS,SINGAPORE,5,7634.050304469477,2.4119872303225964,9.084109868246545,0.353887171239624
NEWCASTLE,SINGAPORE,4,8366.02360174345,2.6063304121611104,9.270086599101907,0.9201315532701213
SANTOS,RICHARDS BAY,4,11290.105302418835,2.6728101578111296,11.061041413421492,0.8083517736339941
RICHARDS BAY,QINGDAO,12,11460.88653165074,4.3086839056667525,12.436242362081316,1.5777103975934081
SANTOS,ROTTERDAM,11,10378.817209062552,2.465551149115211,9.186706883281914,0.685728048784107
DALRYMPLE BAY,NEWCASTLE,11,10651.294040986168,2.8883615127744937,10.205442698455135,0.5399053982501106
ROTTERDAM,SINGAPORE,11,2839.194461158988,0.9007531455111546,7.47977644251568,0.10899947353310935
QINGDAO,RICHARDS BAY,12,3836.2264313493897,3.178984762181567,10.887712348422957,1.4332199263603451
RICHARDS BAY,NEWCASTLE,3,3030.5136025182724,1.9309960815209133,7.202434269399056,0.2400544162341933
DALRYMPLE BAY,QINGDAO,7,7436.862556998176,1.8112869153480562,7.697776240530839,0.42742207557470696
NEWCASTLE,RICHARDS BAY,6,3305.041306206064,1.953457024100487,9.485625819506975,0.33709445201898214
QINGDAO,DALRYMPLE BAY,10,3389.325811562156,2.2530480013745726,8.964528171734678,1.1919052561218315
RICHARDS BAY,DALRYMPLE BAY,1,4884.69334807235,3.9165615839065437,10.745764524089216,1.0862846843691107
NEWCASTLE,SINGAPORE,2,8060.689415104501,3.74073863512043,14.405120627845518,1.6430309967730294
SINGAPORE,NEWCASTLE,6,11520.039097623663,2.2480204979038083,7.464711641721468,0.5041990179064676
NEWCASTLE,QINGDAO,7,4500.57845310002,2.215903131204984,8.355320491463097,0.9485392602329998
DALRYMPLE BAY,QINGDAO,7,7344.178155095876,1.7272340945867857,9.169948428853818,0.3893957663599082
RICHARDS BAY,SANTOS,1,2308.403485266335,3.7910825403170185,10.694873368473216,1.7117644303774497
SINGAPORE,ROTTERDAM,5,4892.020194603754,1.910323846303692,6.746234043494964,0.5782384712065991
ROTTERDAM,QINGDAO,7,6489.3186088904085,1.9386393344627677,8.00293214296598,0.3703552037370169
SANTOS,QINGDAO,10,11121.0189162124,2.3181152425258533,7.6872426468583805,0.4007878606069052
SANTOS,DALRYMPLE BAY,8,9814.574135112363,3.151877384697035,9.792471645773324,0.4883906770299534
RICHARDS BAY,SINGAPORE,4,10203.229516492978,2.381759171508222,8.185848958271313,0.8117510909445482
ROTTERDAM,SINGAPORE,1,9369.82495005009,3.824627403114167,12.06540636350253,1.1272932174455872
NEWCASTLE,QINGDAO,9,5951.80185327538,2.1024981062863897,8.102489501660097,0.12654904585334942
SANTOS,ROTTERDAM,11,7216.896481009222,1.655950441755851,6.941250963027972,0.6104313251811453
SANTOS,RICHARDS BAY,3,9455.460223647695,3.065874774318941,10.296573179343854,1.5471125023136378
ROTTERDAM,NEWCASTLE,3,8739.164250235403,2.2895686868017524,7.719481560799483,0.19937945963774473
RICHARDS BAY,SINGAPORE,7,2207.222687471956,1.9273646341120365,7.920190643782378,0.9419378307905144
SINGAPORE,NEWCASTLE,2,2848.03702292584,2.838906209552548,8.187426042921036,0.1305141681848111
ROTTERDAM,DALRYMPLE BAY,7,2632.626793266107,1.2934066480504676,7.870592194166404,0.6783455776065643
SANTOS,ROTTERDAM,1,3070.3382057015747,3.201618902835529,8.584346410280205,0.6124449496182238
QINGDAO,RICHARDS BAY,11,7291.697232688618,1.8872365462282295,8.495296189141689,0.39772219693905847
ROTTERDAM,SINGAPORE,10,10187.477972886743,2.618177428499639,9.693793873122349,1.2569790473747222
QINGDAO,SINGAPORE,9,6662.799297877873,2.0146997146743177,8.751302213219812,0.24038039635855657
DALRYMPLE BAY,RICHARDS BAY,8,6604.181255830485,2.9054452956074135,9.445870184687738,0.21325395613000048
SANTOS,NEWCASTLE,11,9490.207019876552,2.212891943702867,8.896934700735823,0.4425381640238894
SANTOS,DALRYMPLE BAY,1,3260.18099997544,4.234013577506063,13.946200599435437,1.7565910405264145
ROTTERDAM,NEWCASTLE,8,5860.477013252425,2.3382713114024334,7.706494621182845,0.3877358409200737
SINGAPORE,QINGDAO,12,7149.003163781392,3.791143944685225,10.92859071558794,0.9156457826155211
DALRYMPLE BAY,QINGDAO,11,8200.845931195268,2.5554739571345455,7.274214145447744,0.4561367816036628
RICHARDS BAY,QINGDAO,2,11272.231470613791,4.334615226089206,11.97914868557764,1.3510065898826258
NEWCASTLE,QINGDAO,9,5740.26215550853,2.1266117781440306,6.63669138218391,0.7019574850007113
NEWCASTLE,ROTTERDAM,10,5670.814237011377,1.9790927670395144,8.992614920306067,0.4517381745812049
RICHARDS BAY,SINGAPORE,1,3660.8510864327322,3.351158864364823,9.9422162876504,0.5570026094077598
SINGAPORE,QINGDAO,6,3895.1474795633508,2.0104611283030094,7.971164234969914,0.0
SINGAPORE,RICHARDS BAY,12,3963.3241406864336,3.1405548610509055,11.559264649464511,1.3124865139381463
ROTTERDAM,SINGAPORE,4,3441.8474839182345,1.9830745482556627,7.103348489334925,0.18724778320567032
SINGAPORE,SANTOS,8,6751.604323736714,2.094694856260835,7.589548637528374,0.41557965923640233
ROTTERDAM,RICHARDS BAY,7,4224.49402399862,1.8668130568781705,7.416062679030201,0.22498634983558988
SINGAPORE,NEWCASTLE,10,6682.418656264026,1.9558241176172313,6.997289679055221,0.05977988692814956
ROTTERDAM,RICHARDS BAY,7,7322.213008971635,2.1165511403045887,9.40023964822074,0.40550073002601345
DALRYMPLE BAY,SANTOS,1,9214.706134159878,3.78210730481562,9.23240242259483,0.5536568504265085
QINGDAO,NEWCASTLE,2,8526.385534080617,3.493800233761035,8.98345658400847,0.8643044198540585
NEWCASTLE,QINGDAO,8,11614.734662978428,2.6353072606486854,9.058832887663234,0.3997328650526706
DALRYMPLE BAY,SINGAPORE,3,8892.084148670789,2.255016972766638,8.091061629115547,0.2364029449835378
RICHARDS BAY,SINGAPORE,11,5058.512252194864,2.213590461302486,7.759594221758795,0.3087448964632714
QINGDAO,NEWCASTLE,4,8039.072756026041,2.4679062736575768,9.350360904290184,0.07035330605294221
SINGAPORE,ROTTERDAM,5,4765.8753876100045,2.333297621413057,9.035648418832675,0.4012248815382632
SANTOS,QINGDAO,12,7462.206666590821,3.6431309737813784,12.832909130880033,0.9975732641420111
DALRYMPLE BAY,QINGDAO,10,3894.552162048417,1.9875281038894386,9.489879489339867,0.47030447870416636
SANTOS,QINGDAO,8,3660.523623206855,1.805220291091286,8.156717818746548,0.5963874210005526
SANTOS,SINGAPORE,8,3337.7052654160425,1.874021461585968,8.461366255576902,0.11174337184907962
NEWCASTLE,DALRYMPLE BAY,1,9672.144295473545,3.838838940174525,11.717438839625348,0.8993289259186812
NEWCASTLE,SANTOS,9,6236.356954149471,2.0907920484157656,7.0102899518415,0.10718795255581404
QINGDAO,DALRYMPLE BAY,2,2513.4019424762523,3.4473660475834307,11.83029812082299,1.0320049840208836
QINGDAO,RICHARDS BAY,12,9254.052713823216,4.312012531600496,11.829901122455082,1.1489507248787558
NEWCASTLE,QINGDAO,2,5899.957384009937,3.822311774478023,9.981095574922072,1.0920196959579833
NEWCASTLE,QINGDAO,11,4664.054462170113,1.9004592694468159,8.171602881884787,0.11955242147121048
ROTTERDAM,SANTOS,12,11028.6227266379,4.664054049717567,13.264794329332545,1.2271788364648295
RICHARDS BAY,QINGDAO,9,8419.632592582051,2.7613206528314658,8.473380721134145,0.5390892035732545
SINGAPORE,ROTTERDAM,11,9619.988612375553,2.3812567264661504,9.019556305892973,1.0921589235729219
DALRYMPLE BAY,QINGDAO,1,6395.534094059453,3.1565980544063637,10.910245165374747,0.9740635882790853
QINGDAO,SANTOS,2,3575.1345985588437,3.2194924434677237,9.294379109886586,0.6369857967025538
SINGAPORE,DALRYMPLE BAY,12,4059.4855637817236,3.8939888211300775,11.973631177705425,0.8763926970249536
ROTTERDAM,SINGAPORE,5,11720.056688836446,2.2087832390898927,8.971459036938748,0.8599393076776445
SANTOS,NEWCASTLE,8,6734.587388977038,1.3640911755155165,6.427350729703192,0.48040764780355405
NEWCASTLE,QINGDAO,5,10266.905039979083,2.5215737568307635,9.095240964896652,0.7479812280660763
SINGAPORE,SANTOS,7,5385.40303348765,2.0764541696655416,8.649839855010947,0.052361107738625456
RICHARDS BAY,SINGAPORE,6,2074.0013562473537,1.4267641918353418,7.930681794102933,0.0
SINGAPORE,NEWCASTLE,7,4078.262606037469,1.913477174167757,8.63170367850608,0.5909409083425298
QINGDAO,SINGAPORE,6,8294.234924523458,2.501185810787866,8.783211381797983,0.6127822872159345
DALRYMPLE BAY,ROTTERDAM,8,5144.128917915744,2.317399558836483,8.924779616166463,0.2717721804252101
DALRYMPLE BAY,NEWCASTLE,5,8005.290105977511,2.2071319151527593,7.412060065728159,0.20505808706577033
RICHARDS BAY,QINGDAO,8,3937.5595864140823,2.0941427302298825,7.843665754402185,0.6905937301152982
SANTOS,ROTTERDAM,5,5372.84722275134,1.66892968312111,5.67118743042683,0.05171032515576446
SINGAPORE,SANTOS,12,7903.796006360523,3.7517117281632233,12.536029802378325,1.470017380949262
RICHARDS BAY,SANTOS,2,7861.032638885353,4.044339204843305,12.295791839801437,1.7010778760370229
SINGAPORE,SANTOS,2,10976.569736436162,4.539187750292276,13.823762809427764,1.4092206449084812
NEWCASTLE,RICHARDS BAY,2,9938.603322309304,3.9351276925437353,12.076378425871232,1.286280969336528
SINGAPORE,QINGDAO,4,11236.813007345007,3.0923226102703496,8.782080396722474,0.6454572038668998
DALRYMPLE BAY,SANTOS,1,9837.17953364827,4.051788258153666,11.640666787078738,1.1777580420840759
DALRYMPLE BAY,NEWCASTLE,2,2157.819147243017,2.900667452304673,10.55046149391597,0.44857928795398155
ROTTERDAM,DALRYMPLE BAY,11,4445.719787387903,1.9925349951294895,7.781093092246489,0.05018693023933524
SANTOS,ROTTERDAM,3,8409.998730355033,2.3961975803680464,11.33090072572036,0.9234939213882509
NEWCASTLE,ROTTERDAM,10,5105.395074727149,1.8473911166897672,6.263074550502407,0.0
NEWCASTLE,SANTOS,8,11675.329271252212,2.916171541173426,7.742659671424915,0.294792909732248
SINGAPORE,DALRYMPLE BAY,11,2862.290893079089,1.602755070141455,5.250541596025107,0.5182093900342997
DALRYMPLE BAY,RICHARDS BAY,4,1992.3011256862376,1.7688732491616999,8.309127024873867,0.2863416370384945
DALRYMPLE BAY,QINGDAO,11,11400.71901445876,2.617036288803306,9.410137241322454,0.03632021972990451
SANTOS,SINGAPORE,1,9260.00091510164,3.992035595363374,13.020116442041347,1.1812386291725248
SINGAPORE,DALRYMPLE BAY,2,6310.094969921981,3.652839856168606,12.370858073959665,1.3278329349104139
RICHARDS BAY,DALRYMPLE BAY,4,7884.801739154208,2.080555638775675,7.67193094570742,0.3481820952983872
SANTOS,RICHARDS BAY,4,7578.873741442746,2.2502681531689497,7.708876599955867,0.0
QINGDAO,ROTTERDAM,4,11952.921951216791,2.6236375742634337,8.03853344376621,0.6294915274048302
SANTOS,SINGAPORE,1,9083.229181975481,3.5991556970206036,11.293563791488667,1.2339848896355399
DALRYMPLE BAY,SINGAPORE,7,2662.2500267076266,1.928378516050649,9.089972438620757,0.0
RICHARDS BAY,SINGAPORE,1,10640.911260283207,3.406260413275758,11.19379282448527,0.704074447675858
SANTOS,ROTTERDAM,12,3169.175063413342,3.27130398217308,11.05952475511024,0.7539973008973052
DALRYMPLE BAY,SINGAPORE,8,4152.951682026379,1.3186251834140823,5.644211663683444,0.0
DALRYMPLE BAY,ROTTERDAM,10,1693.4490206472778,1.782281449827784,7.512475634349068,0.5876433609835905
RICHARDS BAY,SINGAPORE,10,6861.138856993749,1.9531677700981407,6.851711328862528,0.386851772133305
DALRYMPLE BAY,RICHARDS BAY,11,10691.231221803526,2.8108433640201276,10.981482539345,0.5654776694018171
SANTOS,RICHARDS BAY,11,2476.7126987558418,1.5731618516447052,8.044495527946069,0.4318373440731853
RICHARDS BAY,ROTTERDAM,3,4380.707341920986,2.062237431076388,8.147373322627242,0.7625071260369647
SANTOS,NEWCASTLE,5,11487.353097641519,2.65429083434615,11.47375250019868,0.42747462770668265
RICHARDS BAY,DALRYMPLE BAY,4,7740.09275269065,2.301399342066636,7.580771820485304,0.9107041463565053
QINGDAO,NEWCASTLE,7,3979.3489967853293,1.7246923934022624,7.579444341524361,0.27735934814565516
ROTTERDAM,QINGDAO,8,2007.61874326499,1.4461308471621055,6.555703479194854,0.027066926302781208
RICHARDS BAY,SINGAPORE,7,7733.6175608873755,1.956304656363763,9.206769636644678,0.6970867591866373
RICHARDS BAY,NEWCASTLE,12,8529.479556786508,4.016471552023073,12.220258627177312,1.1110999805545232
RICHARDS BAY,QINGDAO,12,11055.902871624481,4.001291023815645,13.025570238708625,1.2825836947612026
ROTTERDAM,SANTOS,1,3928.4038175034857,3.6108597049477007,10.639570403537729,0.8540792020817578
SINGAPORE,NEWCASTLE,5,6813.270159680685,2.3186382271859003,6.52371874816809,0.7092807038706421
ROTTERDAM,SINGAPORE,5,3685.4710853690026,1.1590825657075638,6.238253387308626,0.7177623694170279
NEWCASTLE,SANTOS,3,7486.057323314769,3.0365227579341907,9.555627559348894,1.0450939953675382
QINGDAO,SANTOS,11,3151.019602883091,1.8585383265695816,8.055148379866436,0.0
SANTOS,ROTTERDAM,6,10891.760721190356,2.411605320953993,8.581325110268876,0.3813159621531049
SINGAPORE,ROTTERDAM,3,3549.60863393577,2.124186021872973,6.27838349984833,0.3251898912459075
RICHARDS BAY,ROTTERDAM,9,3114.3064405693963,2.1309700558475733,8.563426042029185,0.45615802659130716
SANTOS,ROTTERDAM,6,5603.211131872412,1.9202133446633127,7.732049845372478,0.2091877163657619
ROTTERDAM,SINGAPORE,12,5822.810972764097,3.2501308179524453,10.743977499612702,0.2771791725743624
ROTTERDAM,SINGAPORE,12,8094.86760635557,3.564656618205892,11.165400518306233,0.9968397020542239
DALRYMPLE BAY,ROTTERDAM,6,11956.623090790132,2.8276537777243673,10.890265115152852,1.196641964590162
RICHARDS BAY,DALRYMPLE BAY,12,7614.479596384011,4.042162353352599,13.039017212761484,1.7108411028654569
SANTOS,DALRYMPLE BAY,11,9575.275568809271,2.1272098775070623,9.06855032044737,0.05986602971307786
RICHARDS BAY,SINGAPORE,11,6181.948182504276,2.3891813638846116,9.628577779885704,0.5250307771088628
DALRYMPLE BAY,RICHARDS BAY,3,5590.412872696369,2.401311622792221,8.816242663899434,0.24615349951977167
RICHARDS BAY,DALRYMPLE BAY,7,5932.548246795111,1.8888281329151377,7.962050003418898,0.3211007536842113
DALRYMPLE BAY,QINGDAO,6,3285.005609574726,1.3745587554925462,7.095596944620323,0.6693044536943666
QINGDAO,ROTTERDAM,2,8866.75150268415,3.325644859261131,10.499305453727468,0.4945624138902536
NEWCASTLE,QINGDAO,1,7356.995107777595,3.8553883058097496,11.32766299774444,0.5409614930900947
ROTTERDAM,SANTOS,4,8966.669939951356,3.0365403123807346,11.608733205625242,0.6315953713949676
RICHARDS BAY,DALRYMPLE BAY,12,8155.0472802763325,3.307832247569107,11.074339750562125,0.8242647574345173
DALRYMPLE BAY,ROTTERDAM,8,5354.167005295189,1.9008602826723555,6.119874596438113,0.3063825285029088
ROTTERDAM,DALRYMPLE BAY,9,9176.87183151524,2.128869695933345,6.832628801066735,0.0
RICHARDS BAY,NEWCASTLE,9,4700.070683667805,2.2891505713544325,9.594021329688108,0.1068201397805974
DALRYMPLE BAY,NEWCASTLE,10,4401.6462503126395,2.066036951451565,8.751732130251506,0.6352213649816478
SANTOS,DALRYMPLE BAY,7,5665.803984348259,1.7588018672930033,9.380830566478249,0.4194985359756792
NEWCASTLE,DALRYMPLE BAY,3,9414.757298337456,2.817047293384533,9.712152801031486,0.7323168201065227
SANTOS,NEWCASTLE,6,8747.617240439906,2.431769203848472,8.743009467619217,1.08525798305303
NEWCASTLE,RICHARDS BAY,6,7583.4837523371025,2.2532815785242644,9.878580330081608,0.5892486284555485
NEWCASTLE,SINGAPORE,1,6718.483388687414,3.5381046795442628,11.516385984826938,1.0450539610223102
SINGAPORE,RICHARDS BAY,5,9831.298193206154,2.932584008373563,10.644112208519953,0.8916431592949523
RICHARDS BAY,DALRYMPLE BAY,7,4867.105188845173,2.5617885563346157,10.221304923716197,0.41050893934783556
DALRYMPLE BAY,SANTOS,6,3811.7695539860715,1.9570187749871932,7.120242084887265,0.2922517771710128
DALRYMPLE BAY,ROTTERDAM,2,5700.742014282496,3.2711822840454596,8.884095805046922,0.913006863872982
QINGDAO,SANTOS,4,10583.02480181755,3.3622509391064277,13.8251490750458,0.4273560878588252
SANTOS,DALRYMPLE BAY,1,9821.744786676763,3.773989249643439,11.005087639435832,1.0146309334549102
QINGDAO,SINGAPORE,5,11094.567139368146,2.9444698791304313,8.969433526025801,0.35867371572725243
DALRYMPLE BAY,ROTTERDAM,10,9310.05424686902,2.8771956265062593,7.372259081011795,0.9669741420268481
NEWCASTLE,DALRYMPLE BAY,2,5353.462752245312,3.471182065889907,12.772288160710259,0.9460107203095267
NEWCASTLE,SANTOS,7,3886.831152876112,2.349994795526754,8.885238377089584,0.0
SANTOS,NEWCASTLE,11,7498.182249439229,2.085265286858651,8.886918814567355,0.0997813275564205
QINGDAO,NEWCASTLE,5,10893.849200524071,2.1891542275083795,8.992810435545461,0.7753803814706595
NEWCASTLE,SANTOS,7,11114.949120461984,2.8788946819251113,9.823036491830075,0.34936042047721966
SINGAPORE,QINGDAO,12,9836.668083086899,3.7708803510632913,12.053966716254415,1.1112906414338015
QINGDAO,SINGAPORE,8,9216.631422874625,2.841716703025774,10.263218859907736,0.5989881461105538
RICHARDS BAY,DALRYMPLE BAY,10,4920.053744190361,2.2714551208517584,8.241688047977203,0.7709127654982213
SINGAPORE,ROTTERDAM,3,6180.36826302438,2.0709361324708127,7.3164341127528445,0.4947934304361364
RICHARDS BAY,NEWCASTLE,12,4952.800938706794,3.4850095815456172,10.471939335592918,1.5097532529561934
QINGDAO,RICHARDS BAY,1,11034.081945302583,3.8212965037995477,11.036521417704973,0.8140211310663863
QINGDAO,RICHARDS BAY,6,2309.1790139693494,2.154043291981836,8.247937233182116,0.596813491617639
QINGDAO,NEWCASTLE,11,9913.273426449332,2.719701966548991,10.429565133203301,0.8523614978263947
DALRYMPLE BAY,SANTOS,9,6231.673696193967,2.239531206687368,9.253627596872214,0.14126001722071146
ROTTERDAM,SANTOS,5,5409.757349323485,2.0857832032419514,8.07594748976731,0.7772204950740194
NEWCASTLE,SINGAPORE,2,11551.461634281924,3.8966658270742487,11.329111614926491,1.084285202989676
SANTOS,QINGDAO,12,5942.801304844759,3.502411020842704,9.967359059838698,0.7643921261760568
SANTOS,SINGAPORE,4,9059.83354920481,2.5255273015624873,7.0976500773956,0.6092796055428891
RICHARDS BAY,DALRYMPLE BAY,6,8177.050659480295,2.39529396301733,7.372277831241094,1.201980300536019
DALRYMPLE BAY,SINGAPORE,8,2172.14283995616,2.1043737175614963,7.822579263090533,0.11911184359614885
SINGAPORE,NEWCASTLE,4,6041.647727063794,2.133610029073144,8.085568929522717,0.7559220020712811
SINGAPORE,DALRYMPLE BAY,4,9384.29824029353,2.5707827467536917,8.721095285464692,0.8415773872824246
SINGAPORE,QINGDAO,2,6274.138724347476,3.8768779574572023,11.644529584285642,0.9930754725827055
SINGAPORE,DALRYMPLE BAY,3,11296.342195152156,2.4273436512872326,11.334090754729289,0.8091227612273795
DALRYMPLE BAY,SANTOS,6,4478.481893238407,1.636129006844172,7.814350958033895,0.0
SANTOS,SINGAPORE,12,8234.05398154821,3.968741427291305,11.130939299565165,1.0069476416180354
SINGAPORE,NEWCASTLE,6,10881.170939824864,2.6118149842650067,8.70624251084664,0.27219976929875184
QINGDAO,SINGAPORE,9,10929.632813827164,2.8144469082116856,9.67755609481445,0.6823756322016242
QINGDAO,ROTTERDAM,9,5158.798727334586,1.9051639771228253,6.104168188871481,0.0
QINGDAO,NEWCASTLE,8,3690.3442605781065,1.5867523081599213,5.760231031755338,0.0
ROTTERDAM,NEWCASTLE,2,2811.242739445151,3.441591907485379,11.839831204815972,0.9524438211186879
ROTTERDAM,SINGAPORE,12,3044.9922833521905,2.6590302579031486,8.881033756946184,0.6030949315199396
NEWCASTLE,RICHARDS BAY,3,7951.850214227877,1.848963119886818,6.594285432050675,0.4541479787567737
SINGAPORE,DALRYMPLE BAY,6,7501.2646551737225,2.1500012071459373,7.778640692610265,0.872393236018515
SINGAPORE,DALRYMPLE BAY,8,7907.516660663331,2.1257309332721808,8.15592975754072,0.2591594132260524
RICHARDS BAY,QINGDAO,11,4926.67356784445,1.8831852176645518,7.096239694001817,0.517825834158457
DALRYMPLE BAY,ROTTERDAM,11,1999.0578742877426,2.157441520393455,8.631358754981116,0.45628047999884414
ROTTERDAM,NEWCASTLE,5,10065.97050410889,1.755562767670222,7.353354771576135,0.3696430194696045
QINGDAO,DALRYMPLE BAY,4,8234.309139787109,2.408105050508856,5.591253872496823,0.2066994533352599
SINGAPORE,SANTOS,11,8024.399813682241,2.308831948711396,8.402672127233453,0.765889517831598
DALRYMPLE BAY,SINGAPORE,12,8281.245232313338,3.7271857372675816,12.685624353891177,0.773083388396492
DALRYMPLE BAY,QINGDAO,4,3531.1267128071827,1.707124530137143,7.281336896141207,0.6029124257495418
ROTTERDAM,RICHARDS BAY,2,3721.66124805044,3.169832630988915,11.930980744959868,1.0855384305890023
RICHARDS BAY,DALRYMPLE BAY,7,9675.459970746602,2.4780668511250776,9.634039263139371,0.8080222722848496
DALRYMPLE BAY,RICHARDS BAY,7,1896.1005533189145,1.486297128128073,6.683999594570095,0.054225457362240714
SANTOS,RICHARDS BAY,9,1830.820214651177,1.7376653500180994,6.39340825138854,0.0
RICHARDS BAY,SINGAPORE,10,9157.799349138428,2.4915952212671986,10.581761060345803,0.10427036582813837
RICHARDS BAY,QINGDAO,12,3909.9397855828943,3.7781088967902,12.640373816991264,0.9783071591088184
QINGDAO,DALRYMPLE BAY,10,4894.540159941125,2.150636819580958,7.404097197756167,0.32690158021376037
ROTTERDAM,RICHARDS BAY,2,11229.592103181325,4.070421668897516,12.595298326294099,0.9358468154815491
SANTOS,DALRYMPLE BAY,4,6989.644032764096,1.9587955234529586,6.795164509208634,0.43453153345370643
NEWCASTLE,DALRYMPLE BAY,10,7080.203928465564,2.5881841748197663,8.8531288700007,0.6606119397199847
QINGDAO,SANTOS,10,1973.2500847557428,1.8139585245748597,8.68958022223081,0.2890049204825072
SINGAPORE,DALRYMPLE BAY,4,11854.847872379683,2.2560831027682373,7.717294214573427,0.9827395806846225
NEWCASTLE,RICHARDS BAY,1,10302.026701930297,4.644946480947041,13.101625585928128,1.199698645130397
SANTOS,DALRYMPLE BAY,11,9062.28387614543,2.167108842059639,7.805347246549127,0.0
RICHARDS BAY,ROTTERDAM,11,8337.847869930432,1.7959515853085106,5.819640612109463,0.014712197237372882
DALRYMPLE BAY,NEWCASTLE,12,5172.191116557221,3.6221242891307606,11.0480804113445,0.9377470130369924
ROTTERDAM,RICHARDS BAY,6,2079.466551245133,1.5959655165979025,7.899115056469832,0.5706905305235268
ROTTERDAM,SANTOS,8,2427.9224149084434,1.7081440571852438,8.809418210220024,0.5620541868937601
DALRYMPLE BAY,ROTTERDAM,5,11164.739538203514,2.951083604388087,10.101936543431968,1.162044097267227
NEWCASTLE,RICHARDS BAY,4,9680.754135611929,2.135457573273506,8.587021596971397,0.6659852188560154
QINGDAO,SINGAPORE,8,7679.913022760163,1.9473149462032284,9.045214669399483,0.5282153652510548
RICHARDS BAY,NEWCASTLE,12,7817.3714185022955,3.6144905255371658,10.774854887236497,0.5756194831120165
QINGDAO,DALRYMPLE BAY,1,5003.486606996611,4.133902441343831,12.592965635729161,1.0299875255075266
DALRYMPLE BAY,SANTOS,6,11468.399734285334,2.5850363898154836,8.036668479598116,0.3396775248002143
SINGAPORE,ROTTERDAM,4,9335.976072915013,2.0165120893088546,7.8937190764619665,0.3003511948935523
ROTTERDAM,RICHARDS BAY,8,10089.584774268513,2.549906075628569,8.134840493169472,0.6064166643440754
DALRYMPLE BAY,SANTOS,5,10738.41487951099,2.5287943767037047,9.532911626286197,0.7816575133381183
DALRYMPLE BAY,ROTTERDAM,11,7386.725850965703,2.2780343688606295,7.5503255018262845,0.8005888609593387
SANTOS,NEWCASTLE,4,8939.483372445642,2.5988594621811,9.37935138589055,0.5799955858803242
NEWCASTLE,SANTOS,11,7561.653492792454,2.4996134718712417,8.870787724841447,0.9749748855588715
RICHARDS BAY,ROTTERDAM,7,9521.038625143956,2.483869987139049,9.101308888836227,0.05574985005495653
SANTOS,SINGAPORE,3,7818.51706185532,2.032237013263346,9.960429326375,0.8704295651559777
NEWCASTLE,DALRYMPLE BAY,7,1559.3068724859709,1.632367779996343,9.075064939757429,0.3126945589802321
QINGDAO,SINGAPORE,5,9465.377480053025,2.653612788378067,8.247060704963129,0.6013300417210814
SANTOS,ROTTERDAM,11,6540.621839820007,2.5816839606757447,8.954569714928569,0.6826478335142921
NEWCASTLE,SANTOS,8,3942.2326602428234,2.2979966406439245,8.003130552008177,0.2537822323583183
DALRYMPLE BAY,ROTTERDAM,1,5854.5890003446475,3.4219313467247305,12.407722007300727,0.5120536162174862
DALRYMPLE BAY,QINGDAO,6,7774.5235747155975,1.9880361878991408,6.407005631959897,1.0899112342461081
SINGAPORE,QINGDAO,3,4043.2353170296124,2.202814289951102,8.869839174721582,0.35262924333338364
RICHARDS BAY,SINGAPORE,7,1531.9203816500365,1.4354337826082773,7.914778561633037,0.512958997491763
SANTOS,QINGDAO,6,8832.808046366317,2.3349134877254194,8.7585473891685,0.46968755527955003
RICHARDS BAY,SINGAPORE,2,9707.922135121024,4.446113963404321,14.223271893596976,2.1679823882854468
SINGAPORE,SANTOS,5,3300.8315495183815,1.5399355999489515,7.637822281290839,0.09071944131513773
RICHARDS BAY,NEWCASTLE,12,2452.302221545749,3.2908880866861465,12.532004473219624,0.7856917339296139
ROTTERDAM,DALRYMPLE BAY,8,4218.042696495365,1.7516203298030577,9.374143455053337,0.2792666662561404
QINGDAO,ROTTERDAM,5,6402.5321698691505,2.494411591525587,9.618224795113239,0.7408401396170976
NEWCASTLE,ROTTERDAM,6,9998.772247351331,2.1204695348251397,9.295374877255608,0.9899401250608306
RICHARDS BAY,DALRYMPLE BAY,7,6983.649519938189,2.2822041854949213,9.56834497696121,0.6151450196301227
SINGAPORE,NEWCASTLE,3,9865.116571926457,3.0729815346869342,10.982564269820454,0.8218733551981063
SANTOS,NEWCASTLE,2,4894.467142767197,3.227174900981609,10.444834616479746,1.0335966199144515
SANTOS,SINGAPORE,3,2900.910742670903,2.09075329859845,8.513606075336888,0.2737439739307639
NEWCASTLE,RICHARDS BAY,5,9288.499427525609,1.992932483847654,9.336683634737218,0.09516037944128286
DALRYMPLE BAY,QINGDAO,11,7852.70537952199,2.3185175952442725,9.620688785699436,0.332194742618909
RICHARDS BAY,DALRYMPLE BAY,2,6478.717034641152,3.7772542956595188,12.125715861469487,1.1885036342042723
ROTTERDAM,SINGAPORE,11,7592.521484735126,2.6877814924954615,11.139804061892088,0.7553890662148882
RICHARDS BAY,NEWCASTLE,7,3301.514143274384,2.0594414507868937,8.363342500841753,0.5757172427504279
SANTOS,ROTTERDAM,10,9755.089231234264,3.028800175084865,9.79821183570099,0.10870256939047251
DALRYMPLE BAY,NEWCASTLE,2,9442.452432814016,3.9597987098794127,10.181846276277351,1.2427592848768791
DALRYMPLE BAY,QINGDAO,8,10793.524874792134,3.035849886593299,10.000035717949773,0.24936646199111923
NEWCASTLE,SINGAPORE,8,9901.850388179104,2.56443889555944,9.607521455780663,0.6601588829331365
ROTTERDAM,SANTOS,2,5055.307195471474,3.1389031232192224,10.069547413330662,1.0443393249820359
SINGAPORE,DALRYMPLE BAY,9,9923.882937457172,2.728871897992103,8.193779753419443,0.7756722921956029
DALRYMPLE BAY,RICHARDS BAY,3,6782.084148595035,2.240832925203677,7.559481935697267,0.3547175715716374
DALRYMPLE BAY,NEWCASTLE,12,8061.184299260204,4.210944938981608,12.4377991629295,0.9828733680595856
QINGDAO,NEWCASTLE,5,7239.231077313844,2.4821926266203977,9.158823323294328,0.47658901542746157
SINGAPORE,ROTTERDAM,2,4865.505916121188,3.600757882167117,13.606625231658207,1.545863409058011
SANTOS,DALRYMPLE BAY,8,10206.166249686583,1.8728421009446867,8.071975026443196,0.04688556520232651
SINGAPORE,RICHARDS BAY,4,3998.701754994385,2.3646239489118313,6.926535480790835,0.5364401377441479
SANTOS,RICHARDS BAY,1,7068.485659821151,3.5741205239026743,11.264269445092221,1.3408539470525895
QINGDAO,SINGAPORE,4,6657.708620889129,1.9074183276911596,8.74890554754822,0.23389083697394844
NEWCASTLE,RICHARDS BAY,1,9849.287140936829,3.6639896741516735,10.932231102244483,1.3541366726285258
RICHARDS BAY,DALRYMPLE BAY,8,6221.643839575107,1.9207936406282549,7.09300441096485,0.6575329588698898
SINGAPORE,RICHARDS BAY,1,11799.40789853012,4.110261662441353,12.69407872182294,1.6397566052029313
QINGDAO,RICHARDS BAY,3,2741.2114020852905,1.7952626251550727,6.880655922856719,0.00838660496880711
QINGDAO,SINGAPORE,8,2637.9401446187644,1.7448009386085388,6.299380783062836,0.5337490155930238
NEWCASTLE,DALRYMPLE BAY,12,1946.693204637557,3.401284844547478,10.26721088582402,1.022201593080394
QINGDAO,SANTOS,12,6369.386500082966,3.5434208461217636,12.549158825530686,0.7857994304320197
NEWCASTLE,QINGDAO,12,7728.525867571114,3.7294062633542175,13.937947101433771,0.761195907092411
ROTTERDAM,DALRYMPLE BAY,5,8057.7984207333875,2.1872616580197786,7.45322549990966,0.1631648960649325
RICHARDS BAY,NEWCASTLE,5,4011.542690908203,1.7132830390667877,7.159556539041741,0.21194802372480798
NEWCASTLE,SANTOS,1,6760.779420295279,3.6731346954878976,11.577521946081687,0.9686738435884706
RICHARDS BAY,QINGDAO,9,2883.1793579763576,1.7974511129007453,7.53854112458257,0.17696815612433117
NEWCASTLE,QINGDAO,11,8591.610337131162,1.7864198388283115,8.40188274267851,0.0
ROTTERDAM,DALRYMPLE BAY,6,11611.697756015248,2.3813026566762017,8.708450449129867,0.4008082641823846
DALRYMPLE BAY,NEWCASTLE,11,4025.8480013845183,2.216117625767746,7.82147934507668,0.5219878863548442
QINGDAO,ROTTERDAM,3,6609.527618205382,1.7202437746491324,8.889450835462723,0.4492082676413833
DALRYMPLE BAY,SINGAPORE,2,4844.475922120267,3.818470394772178,11.545307237587453,0.8266760985947155
QINGDAO,NEWCASTLE,9,11753.083382343237,2.4379360927569076,9.840665421878638,0.857113971930336
DALRYMPLE BAY,ROTTERDAM,12,3134.835574111724,3.711819021751106,13.12384713217805,1.0183465147054802
SINGAPORE,DALRYMPLE BAY,9,2648.2388187375154,1.9150303573187173,7.335843417735504,0.9015873680339547
QINGDAO,ROTTERDAM,3,8559.252694280685,2.2882955646280534,9.530849044002965,0.23825537722569423
SANTOS,ROTTERDAM,5,5866.246293960115,1.7626864577373536,6.314272325214775,0.03387503410610199
NEWCASTLE,QINGDAO,8,4932.761434087423,1.8859971549098111,7.226971629902853,0.6006240415090014
DALRYMPLE BAY,QINGDAO,6,8669.051228081562,2.346651810512639,10.426231379260502,0.2830584698943048
NEWCASTLE,SINGAPORE,11,7520.497780010035,2.1303748657216586,8.03472471636409,0.0
SINGAPORE,SANTOS,2,6341.8305833603845,3.7366403771842926,9.952154474983553,1.303326839883571
ROTTERDAM,NEWCASTLE,5,1555.6067390077717,2.067323959129951,9.975413720494696,0.2479066636941292
SINGAPORE,DALRYMPLE BAY,1,10921.925144997464,4.217974913519824,12.429757132529712,0.9510133068974196
RICHARDS BAY,NEWCASTLE,12,4934.127902017865,3.625446001181472,11.663718309519384,1.1051740235058003
QINGDAO,DALRYMPLE BAY,1,2610.5975506120867,3.757289786136292,9.345531651860409,1.5033886088189528
NEWCASTLE,QINGDAO,4,10466.185962062253,2.1375822585623503,8.16948963335149,0.5922420812263026
DALRYMPLE BAY,QINGDAO,8,5552.615220200167,2.116633016930115,6.273874229604278,0.16026268107909933
ROTTERDAM,SINGAPORE,5,3034.1411768349312,2.658061655877189,10.769661443011728,0.6793647489642731
NEWCASTLE,ROTTERDAM,10,4970.410950308069,1.8264124526104122,7.84622038958247,0.40480482158056463
NEWCASTLE,RICHARDS BAY,5,10744.325863318352,2.442429056545025,9.550632379113617,0.8572897058872864
NEWCASTLE,RICHARDS BAY,8,5506.231792755387,2.4337721804819745,9.650875829983791,0.8943091297916717
QINGDAO,SINGAPORE,9,4293.845496561035,1.523010356914504,8.053487447494833,0.3433760822651435
ROTTERDAM,QINGDAO,7,10809.464880593716,2.4053377966784693,7.92331262150173,0.0
RICHARDS BAY,DALRYMPLE BAY,6,8574.894747403287,2.220869630488134,7.67749111699122,0.47641379984321064
QINGDAO,SINGAPORE,2,3391.935904079003,3.317671414190978,10.396564046133298,0.7350186052697003
SINGAPORE,QINGDAO,4,9907.144455211414,2.2451343341006202,6.889323897474217,0.435895091922883
SINGAPORE,QINGDAO,7,2742.140844988442,1.3110100809613403,7.345549008651487,0.3008805991658543
NEWCASTLE,DALRYMPLE BAY,5,4631.388214333033,1.4778452701780358,7.604752420914964,0.7025277194487667
ROTTERDAM,DALRYMPLE BAY,6,11960.164906741562,2.8917755424838636,10.848930855043701,1.0492483427861279
ROTTERDAM,DALRYMPLE BAY,2,7818.355269615907,3.7344910810462824,10.717139688782288,0.7558558543964743
ROTTERDAM,QINGDAO,7,2424.1290606802845,1.7111566400475948,6.787033030230051,0.5321489423395251
NEWCASTLE,SINGAPORE,10,6847.824136310098,1.9332354267944525,8.76279940233185,0.4761097762755926
SANTOS,SINGAPORE,8,1866.9887558147896,1.693648782474427,6.881144314200256,0.14870222822949128
SANTOS,DALRYMPLE BAY,10,3760.2118763409135,1.5908928128549837,7.9333688148553,0.2968327002152976
ROTTERDAM,RICHARDS BAY,11,8648.546709882157,2.6493384832538265,10.490576810686498,1.0528010166724058
RICHARDS BAY,ROTTERDAM,11,7928.991838019347,2.7016935067041077,9.167134548638415,0.22931879925042709
ROTTERDAM,SINGAPORE,9,11493.551488976405,2.769312797826447,10.165065681714463,0.4460856857612111
QINGDAO,SINGAPORE,7,6345.9412681019685,1.9592317869608906,8.890317544505228,0.40822426931586453
RICHARDS BAY,SINGAPORE,7,2940.367554642077,1.6194602718785012,9.67345321260616,0.2788230130386587
ROTTERDAM,NEWCASTLE,1,1871.9708152969965,3.1154100899667783,8.807420075291544,0.5127723048669047
DALRYMPLE BAY,SINGAPORE,8,5953.0357414633345,1.8412646955922667,7.397123652439271,0.24568727810445667
SANTOS,SINGAPORE,7,1832.8607944601883,2.029427918520589,9.321880413822203,0.5032851970664834
ROTTERDAM,DALRYMPLE BAY,3,4668.8350372975265,2.3992096728435515,8.067660902734538,0.5745752360690364
ROTTERDAM,RICHARDS BAY,7,2906.6620090979045,2.0128705111083964,9.246028546801108,0.20111970639731733
SINGAPORE,SANTOS,2,5810.755606278311,3.534545635058169,11.060133373719253,1.0963145166256498
SINGAPORE,ROTTERDAM,8,3278.1878665178347,1.479548619123267,7.609232933826817,0.6309024744430445
SANTOS,QINGDAO,3,8638.757948344306,2.265305246071744,8.228514460455711,0.32523364785489395
NEWCASTLE,ROTTERDAM,10,8783.83555424401,2.320778227622226,8.253324162761915,0.45486204104375927
QINGDAO,RICHARDS BAY,3,3233.7779472325533,2.175048935182388,8.174010173805145,0.6483617032235328
QINGDAO,RICHARDS BAY,1,9918.65501707668,3.6405119348387482,11.179917936172243,0.8148650734669171
RICHARDS BAY,SINGAPORE,11,6102.333906258744,2.191757200506154,8.452168945474616,0.04007433192670273
QINGDAO,SINGAPORE,2,11058.808776351136,4.091814867845445,13.540825799942867,1.6209644825414111
SINGAPORE,DALRYMPLE BAY,7,1511.978149533025,1.234831623418616,8.3884531774453,0.021845291070960365
ROTTERDAM,SINGAPORE,2,10187.306459445555,3.9047184126935894,10.381649657407388,1.1300319120636835
ROTTERDAM,DALRYMPLE BAY,4,4885.434540578133,2.1396305700660077,8.133755342649547,0.3494687702452647
QINGDAO,RICHARDS BAY,9,10292.389440375602,1.8904132720460343,6.614858823212174,0.6250343028116523
DALRYMPLE BAY,SANTOS,8,7900.8759410111425,2.4628505851268145,8.53456591948397,0.4621645462125418
NEWCASTLE,QINGDAO,10,6720.539518929931,2.0305668508945574,9.660281286270768,0.6173969733319163
NEWCASTLE,QINGDAO,4,11931.751270529821,2.79451418944408,9.532339231457387,1.0203114179823043
ROTTERDAM,DALRYMPLE BAY,6,9058.848188948878,2.70722171455647,10.433481709129548,0.9232123432100585
QINGDAO,SINGAPORE,3,7598.776195242813,1.6632460064998003,8.701356818707849,0.03219823534852578
DALRYMPLE BAY,RICHARDS BAY,1,11994.514947302336,3.858662917497516,11.911669299476738,0.9213697824969725
SINGAPORE,ROTTERDAM,11,8711.578415605109,2.5329336156379356,10.528622423136495,0.2741187310483394
ROTTERDAM,QINGDAO,6,11874.26006973732,2.80175603535669,9.025768928520293,0.42373606511687845
DALRYMPLE BAY,SANTOS,1,4914.217325437557,3.9686769488743137,12.26267749005074,1.101030038812838
RICHARDS BAY,NEWCASTLE,9,9601.542863053231,2.0418847785402585,7.070247932986841,0.0
DALRYMPLE BAY,NEWCASTLE,5,2660.2498230074652,1.380061271423744,7.008461076613258,0.7604897146737865
NEWCASTLE,QINGDAO,2,10711.308571051426,3.8964286385850846,12.248815183456783,0.7476704431984904
RICHARDS BAY,DALRYMPLE BAY,1,4784.901623854231,3.2746484338012025,10.377597836263687,0.47582795347328494
ROTTERDAM,RICHARDS BAY,6,11661.774525925499,2.1744820165787977,7.1207676076145585,0.0
QINGDAO,DALRYMPLE BAY,2,11698.902007448509,4.401013305969616,12.627186107980888,1.636110082481791
ROTTERDAM,SANTOS,3,11480.961669858098,2.5416177752100344,9.403319689195824,0.24227937259010296
DALRYMPLE BAY,SANTOS,12,1835.8445346872393,3.500509290069581,11.997457892301874,1.1034461450907846
NEWCASTLE,ROTTERDAM,2,11515.333358253012,3.8780295496212407,11.49491884448337,1.032709711473805
QINGDAO,NEWCASTLE,2,3411.805309982889,3.0884128162396354,8.918591778494974,0.559548472479241
QINGDAO,NEWCASTLE,10,1506.808023205783,1.9549532735412056,9.3806520125712,0.46125384710041195
DALRYMPLE BAY,QINGDAO,7,11494.587514316188,2.5791094283179565,9.497408725763556,0.5811713138469523
RICHARDS BAY,ROTTERDAM,9,2415.8983038385745,1.998561688386827,8.45610627721972,0.37401482564418
SANTOS,SINGAPORE,3,6718.182886433082,2.163825182605347,7.831358467326913,0.6304005071492679
RICHARDS BAY,DALRYMPLE BAY,9,3102.99552310154,1.4222319423657457,5.816472177128863,0.0
RICHARDS BAY,SINGAPORE,10,4090.7363163130926,1.7214688066630965,6.322461114981147,0.48625424882625273
QINGDAO,SINGAPORE,11,9052.190304923184,1.918300888988217,9.121083021396133,0.8995715697632498
QINGDAO,NEWCASTLE,6,3970.2294322328958,1.7259648214877281,6.505306518055874,0.6418457544945968
SANTOS,ROTTERDAM,7,8078.742005513031,1.9537284536737332,7.798168997251383,0.7020783517409697
QINGDAO,NEWCASTLE,4,4252.813908077878,2.175611637142097,9.587170213218254,0.22332452911171885
SINGAPORE,NEWCASTLE,12,2633.1384467450453,2.9496411819739006,11.22447847260175,0.6164792182098952
DALRYMPLE BAY,ROTTERDAM,10,2377.971773463933,2.1392509274039107,8.753038539946802,0.7582897763760803
QINGDAO,NEWCASTLE,5,6119.874610677737,2.1805489610911977,8.414443708481546,0.6688440242608846
RICHARDS BAY,NEWCASTLE,5,3400.662166145395,1.3395187116925866,5.295538510316055,0.07501397866468157
DALRYMPLE BAY,QINGDAO,12,8071.156822731495,3.410298984771412,11.695173999223215,0.9040912065007144
SANTOS,DALRYMPLE BAY,9,4692.470110977997,1.5584729279310752,8.027340575680242,0.1908025273654824
QINGDAO,ROTTERDAM,10,8157.068041873435,2.250116899253305,9.402417726462032,0.2772067153848795
RICHARDS BAY,DALRYMPLE BAY,7,5948.059612359919,2.206274087744141,9.112507027223792,0.4634260530047633
RICHARDS BAY,NEWCASTLE,3,7751.660578105409,2.3999710469256694,9.71772743874707,0.38553260356486546
SANTOS,SINGAPORE,7,6006.363672151651,1.8025465536196608,7.362957339059944,0.71806716220654
SINGAPORE,ROTTERDAM,2,2160.614785847541,3.813636534785356,11.751893156213065,0.8952398151888699
ROTTERDAM,QINGDAO,9,8294.943553521842,2.227414054081686,9.06148648300423,0.2779472898456211
SINGAPORE,RICHARDS BAY,4,5630.91053151683,1.5416516198363985,6.407982341408148,0.6404896427484472
SINGAPORE,SANTOS,6,4171.7256573557515,2.0111001461380034,8.948349215722075,0.559570552315576
RICHARDS BAY,DALRYMPLE BAY,10,11226.73518355756,2.1271919510924815,7.830756403592813,0.3489471659485367
SANTOS,QINGDAO,9,1807.1296206525149,1.650166296878431,6.866542798749952,0.24477749969222667
DALRYMPLE BAY,RICHARDS BAY,6,1783.2250946061065,1.800456130022793,9.14764966732637,0.7409702575483291
NEWCASTLE,QINGDAO,4,11409.721162113603,2.1998354588968865,9.925994310041528,0.11412197058423362
QINGDAO,DALRYMPLE BAY,2,3592.4646116665813,3.733155874009518,11.473648823850159,1.7359125475039243
RICHARDS BAY,ROTTERDAM,1,4166.95155651447,3.5327545189844853,9.679756059028419,0.18479420650817158
NEWCASTLE,DALRYMPLE BAY,2,2399.0239685324573,3.187809837301435,9.741465734506777,0.920760311093883
NEWCASTLE,SINGAPORE,7,2214.156093359717,2.0199628153456115,7.6039651526427425,0.15970629456650567
ROTTERDAM,RICHARDS BAY,12,9264.632498429422,3.9921370063096417,13.016644892171417,0.9400013541632173
NEWCASTLE,DALRYMPLE BAY,6,4393.042748359662,2.401691416380817,7.774093916461255,0.8080802614162967
QINGDAO,SINGAPORE,4,3446.6022900809057,1.9705145155421018,9.789951868325636,0.0
ROTTERDAM,RICHARDS BAY,7,4885.300121493373,1.993975170532977,6.7825543481548145,0.3777556215457098
DALRYMPLE BAY,SANTOS,9,8458.357387281025,2.514812005402347,9.493790353613104,0.5395669432791453
RICHARDS BAY,SANTOS,3,6051.634738042728,2.548853194113818,9.605725804689003,0.5119754170435133
NEWCASTLE,DALRYMPLE BAY,11,3424.8954556651815,1.45640745353169,5.628481162936195,0.0
DALRYMPLE BAY,NEWCASTLE,2,10746.730730205523,4.309490773084303,12.89196846063389,1.571282401107952
SANTOS,RICHARDS BAY,5,10053.700298042515,2.8730414866187926,10.211557710290526,0.7837085087320134
RICHARDS BAY,SANTOS,5,10141.991198163676,2.141321312793896,7.786122815552101,0.7373565961383541
SINGAPORE,DALRYMPLE BAY,4,8480.0003784335,1.7057350266524656,10.212154500648218,0.43993887757474903
SANTOS,RICHARDS BAY,3,2818.5667491270247,2.1372269371800785,6.722107029000936,0.5408182104345691
QINGDAO,SANTOS,4,6444.100282859856,2.088318217229825,7.408077800357548,0.41174013169035284
SANTOS,ROTTERDAM,9,4331.035460065953,1.899595716055352,7.303574120055726,0.8065774251977218
QINGDAO,DALRYMPLE BAY,5,3497.150023887259,1.8495249533259965,7.635008216000967,0.28470868195356447
RICHARDS BAY,ROTTERDAM,12,11542.852729257987,3.741033154067366,10.312800698873161,0.3031122776509221
DALRYMPLE BAY,SANTOS,9,7723.820969012089,2.1447299386419205,6.856368870480178,1.1765493998176515
QINGDAO,SINGAPORE,1,7626.305197263809,3.7388015324367183,13.332811236741689,0.9756475554682711
SANTOS,NEWCASTLE,10,9329.960514310487,2.431349273348573,6.383275980133471,0.42355006536325923
RICHARDS BAY,NEWCASTLE,2,1597.1137826781762,3.019262857699907,8.916060690563699,0.9119966155555074
ROTTERDAM,SINGAPORE,1,6675.482570357107,3.7804159224290252,11.6596732999177,0.7605278403436084
ROTTERDAM,RICHARDS BAY,12,3601.6512954888094,3.1928030963277996,10.662425146347829,0.7614791023832461
DALRYMPLE BAY,RICHARDS BAY,7,5766.495106871417,2.04738287222137,8.456077019030594,0.48872819825798797
SINGAPORE,NEWCASTLE,7,4661.525109310453,1.4649394666383555,8.692605651005987,0.0
QINGDAO,SINGAPORE,6,5190.360086507185,2.455243329558299,9.62369622259218,0.4529874746850374
SINGAPORE,SANTOS,11,2256.218017134131,1.8106823331242023,6.3185257531608485,0.44527179970455694
DALRYMPLE BAY,NEWCASTLE,4,10076.9643286806,2.6999297180004604,9.793919525077955,0.6425348796304998
SINGAPORE,SANTOS,3,9478.563362099398,2.280768903157928,7.072508059788052,0.7850529510419921
QINGDAO,NEWCASTLE,6,2947.493026726156,1.6333118589102709,8.337600114640749,0.3348151578857978
NEWCASTLE,QINGDAO,5,2823.2635090311433,2.048866917675537,7.53710693706444,0.7094266022676677
SINGAPORE,QINGDAO,9,6333.21014914564,1.9727193404540768,7.558879064032159,0.12955838703514522
ROTTERDAM,NEWCASTLE,8,8255.66696966166,2.252813521004634,8.779261907125296,0.0
QINGDAO,RICHARDS BAY,3,6500.1230429524485,2.2279393231624414,8.596143893607392,0.2615483501874468
ROTTERDAM,QINGDAO,6,3033.0732356048534,2.146056808438315,9.52413332045267,0.865092897396619
DALRYMPLE BAY,NEWCASTLE,4,5471.179897071729,1.9967014981175955,7.8851145471067605,0.8205782119391858
NEWCASTLE,ROTTERDAM,1,5329.290401322339,3.905556883776555,11.318470412770413,1.4458629887545513
NEWCASTLE,ROTTERDAM,8,11830.750508200723,2.566475284645858,10.488429968905265,0.4769657550691433
SANTOS,SINGAPORE,5,9072.433153433547,2.8876083864537185,10.27286185094364,0.6708202764418444
QINGDAO,ROTTERDAM,9,6181.6599001321165,2.346985611968064,6.51115587838399,0.5792044691836208
RICHARDS BAY,SINGAPORE,12,9537.736411441256,4.092420987056803,9.771829846901326,1.0273958066356832
ROTTERDAM,RICHARDS BAY,11,3201.38470266283,1.7771412406116336,7.106193056414563,0.0
NEWCASTLE,SINGAPORE,1,7522.726753249316,3.9773843474091786,11.68815087334799,1.363838251271759
SINGAPORE,RICHARDS BAY,11,5698.1014250829385,2.184620068748375,8.104257788964299,0.017343741415898617
SANTOS,QINGDAO,12,3802.4604872869645,2.9701089889752366,8.50459150344995,1.086041776183492
SANTOS,SINGAPORE,7,4204.70543898449,2.07442238083392,7.962706256014154,0.057351363922775345
SANTOS,NEWCASTLE,2,6900.1036522618215,3.4249003127691404,11.171803849076813,1.0336392234678242
QINGDAO,SINGAPORE,11,4883.848993487262,1.9523894547622345,7.6301190247168265,0.8156654215324269
ROTTERDAM,SINGAPORE,2,11802.667925543677,3.9802277654179603,12.033734603497372,1.2291802166287413
NEWCASTLE,RICHARDS BAY,9,4570.742329834162,1.7869767996320358,8.594775260710964,0.5399595483534889
SANTOS,NEWCASTLE,8,3995.5043566444615,1.2853077878501522,7.419870147007448,0.11446426611825133
ROTTERDAM,QINGDAO,1,10480.962100353441,3.918723261557488,10.909701320965699,1.5354362986685635
ROTTERDAM,RICHARDS BAY,9,8036.892158874802,2.141962907635935,7.863479377864413,0.452482134832779
DALRYMPLE BAY,SANTOS,9,4252.674769139881,1.8680700285632292,7.378293687935426,0.27391628132279366
RICHARDS BAY,SINGAPORE,10,5702.864731516458,2.183180064170778,9.475096804610178,0.14211546924702223
SANTOS,QINGDAO,6,8533.682727177385,2.64557849338466,11.56135026441157,0.48100010592529396
NEWCASTLE,QINGDAO,9,10040.970940506137,2.6627273847635045,9.953512612269236,0.6184500904292682
NEWCASTLE,QINGDAO,6,2419.510711141912,1.8202676893322176,8.837799199994079,0.0
SANTOS,RICHARDS BAY,3,7047.464912521151,1.4407866100535407,7.057859037298174,0.15398477771079158
SANTOS,SINGAPORE,10,5558.068381441348,1.749405572557893,6.044008311517539,0.09729837558576002
NEWCASTLE,DALRYMPLE BAY,1,6855.105884564956,3.836945717202143,11.19669256463157,0.323842352057643
QINGDAO,NEWCASTLE,6,3354.503132208812,1.824261377333927,8.638218802572794,0.0
DALRYMPLE BAY,SANTOS,12,5974.3807221308325,3.9018869208909877,11.374426016509046,0.8350563838003972
ROTTERDAM,DALRYMPLE BAY,6,7230.241104563231,2.1663928539183477,8.301485376084898,1.0556179554256546
ROTTERDAM,QINGDAO,2,5636.030531246402,3.3103793689116494,11.652978998378163,0.8971710931061118
RICHARDS BAY,SANTOS,10,2591.116152926424,1.8212176537765878,6.551888499706827,0.2456802248881903
ROTTERDAM,DALRYMPLE BAY,12,10079.879681269636,4.329999814166152,11.943178452678344,0.9232167370376834
NEWCASTLE,DALRYMPLE BAY,2,11467.66123628548,4.065594186083888,13.247705658418248,1.0059520921747347
SANTOS,RICHARDS BAY,3,4153.780515165684,1.9807125053625496,7.9077469054880805,0.6524292416392763
SANTOS,RICHARDS BAY,1,11216.027572060724,4.287007333391912,12.919887034396778,1.8187229539436747
RICHARDS BAY,DALRYMPLE BAY,5,3010.9106708865233,2.020713113316456,8.399419483722891,0.16689698815662243
DALRYMPLE BAY,ROTTERDAM,8,10527.012925352752,2.75084685974331,7.907618645515791,0.7248861564127432
RICHARDS BAY,NEWCASTLE,3,8268.061669958413,2.228536189390367,7.417165944105277,0.0
QINGDAO,ROTTERDAM,6,6015.36248595721,1.6507319630086816,6.431970367307552,0.3299275331204118
DALRYMPLE BAY,NEWCASTLE,4,2013.4571307943852,1.4949919295721505,9.21101065561942,0.5453823396218775
RICHARDS BAY,ROTTERDAM,12,8322.985985265017,3.744906232562499,10.815108148861158,0.9235137144912156
DALRYMPLE BAY,SINGAPORE,5,8981.59254751338,2.4296481694368963,8.354391775922002,0.5352574992851341
SANTOS,ROTTERDAM,10,10595.363731214293,2.333711346048879,9.809634241639406,0.48527726279822336
SINGAPORE,SANTOS,10,8395.483988323627,2.126121973447417,7.483070472969857,0.28262280344403423
ROTTERDAM,SINGAPORE,10,7186.988317173606,2.168163620252487,6.594029249576606,0.34915855718089506
SANTOS,SINGAPORE,10,9944.725606214099,2.958843165287225,8.314980004694146,0.6366301248177669
NEWCASTLE,QINGDAO,7,2115.1222366426205,2.116857409595986,9.075392955294703,0.75775691197584
SANTOS,SINGAPORE,12,2126.806558905897,3.481627242992755,13.596850066524869,1.028133421361646
RICHARDS BAY,ROTTERDAM,7,4242.028578498522,1.7653471468795106,7.415360411693429,0.6201848284295193
ROTTERDAM,SANTOS,9,2289.9605790618934,1.5429788408701723,8.135781493272823,0.3564961908817697
QINGDAO,RICHARDS BAY,1,7080.934154220077,4.034105702041656,11.943011961967715,1.6844013704625211
RICHARDS BAY,NEWCASTLE,3,5416.068255150914,1.7996174915769365,7.875827584961318,0.41105047255204746
SANTOS,RICHARDS BAY,1,2689.2046222695417,3.6489432096881624,13.467607777211585,1.6510253870418836
RICHARDS BAY,DALRYMPLE BAY,9,3023.5578702577454,1.191637538727213,6.087549523466993,0.4472724395117669
QINGDAO,RICHARDS BAY,8,9757.281082469211,2.065305761920463,7.184581336001085,0.0
ROTTERDAM,DALRYMPLE BAY,8,10380.12112757397,2.728073235276772,11.331910498386318,0.40689225937790835
DALRYMPLE BAY,RICHARDS BAY,12,10406.647065268018,4.597796032245776,13.715812796313276,1.7050321085166567
SANTOS,DALRYMPLE BAY,9,4779.245449687405,2.047868643869376,8.367360208617649,0.350546450378796
RICHARDS BAY,QINGDAO,7,9488.3664612556,3.055554491749684,9.859095240202015,0.9282501222145554
ROTTERDAM,NEWCASTLE,1,11472.720513264492,3.839071444460894,10.925739848358266,1.6086748660315227
DALRYMPLE BAY,QINGDAO,2,6380.68474605141,3.349112108343141,9.98588173998938,0.7065699706565189
NEWCASTLE,QINGDAO,11,11429.750982296453,2.8910459678913676,9.758144597233372,0.7781477201501519
SINGAPORE,QINGDAO,12,6834.114030219425,3.62024071404006,10.641491381996602,0.788652447332868
DALRYMPLE BAY,SINGAPORE,10,8047.678576196262,1.5974203589996387,7.562501711276552,0.0
DALRYMPLE BAY,QINGDAO,8,1874.007561771459,1.8260312534326981,7.402654600070139,0.7640094838667209
SANTOS,DALRYMPLE BAY,12,1989.5921185147997,3.1862341479113256,9.322426854378119,0.6968513890475796
NEWCASTLE,RICHARDS BAY,2,9214.728204339126,3.77330558051248,11.276093229638581,0.8679358059907016
DALRYMPLE BAY,SINGAPORE,11,5545.5422781208545,2.2590720958810864,7.8845933562507815,0.0
DALRYMPLE BAY,QINGDAO,3,10195.068459457383,3.0382598035175556,10.327129883192843,1.0783051468890472
NEWCASTLE,SANTOS,3,4570.499720682576,1.6757427502881945,6.088046920692508,0.7839817831486382
DALRYMPLE BAY,SANTOS,1,4424.673297404204,3.558626836451516,9.942383536329006,0.8508906348850277
SINGAPORE,NEWCASTLE,5,5942.656867767661,2.6246452696712415,9.55399953649999,0.7046395481215186
ROTTERDAM,RICHARDS BAY,9,2473.0108213941307,1.0193107558900818,8.12767309505899,0.701812080339592
ROTTERDAM,RICHARDS BAY,7,11665.319042447927,3.3344539739367294,9.226691185764839,0.872344643068394
DALRYMPLE BAY,RICHARDS BAY,11,1533.1603051450463,1.9949031053684037,6.965685643148136,0.29350353593804956
DALRYMPLE BAY,QINGDAO,7,5904.623231182219,1.8211031445102805,8.031004955901796,0.8420668771284542
NEWCASTLE,SANTOS,12,4546.751653887351,3.4847699480363477,11.399613091582735,0.7360982069074875
QINGDAO,SINGAPORE,11,2584.7216722529774,2.1062764802235976,9.20534528590158,0.17199935843669756
DALRYMPLE BAY,NEWCASTLE,11,2023.200377054487,1.9874011542063212,9.088435419576024,0.9421766550495171
ROTTERDAM,QINGDAO,9,10673.051867516597,3.3119862630963834,10.686925461408785,1.2405061088367948
SINGAPORE,QINGDAO,12,11681.187484133638,4.30690137890492,13.685827434410948,1.0584376414559102
DALRYMPLE BAY,RICHARDS BAY,8,3915.7231870418404,2.440333008063753,9.618007951720449,0.5430809809750662
SINGAPORE,NEWCASTLE,5,5271.564524625387,2.133306359700309,6.320281160434163,0.5892491516194986
SINGAPORE,DALRYMPLE BAY,11,7287.332356817198,2.6262115182332257,9.332898649856018,0.6421229992288864
SINGAPORE,ROTTERDAM,7,4276.904849796491,1.6635574100772639,5.260382702476078,0.3334906715579328
SINGAPORE,DALRYMPLE BAY,1,2225.620256688682,2.8165145542269623,9.380641180747958,0.859456851698628
DALRYMPLE BAY,QINGDAO,11,9149.182304853859,2.6810561521280563,8.189446594989297,0.6140192677645661
RICHARDS BAY,QINGDAO,1,2368.3574773521627,3.546764073441084,10.907397771852649,0.2669820687876687
NEWCASTLE,RICHARDS BAY,4,5728.177227361289,2.3658899019818187,8.6717811825503,0.05066032716070423
RICHARDS BAY,NEWCASTLE,10,2233.0570302017672,1.6971622445698804,6.211318286818768,0.0
SANTOS,ROTTERDAM,2,8381.89641942298,3.7417884353981776,11.973343796435485,1.5092868015566996
NEWCASTLE,SANTOS,3,11941.484682626808,3.3071495443913146,11.951640460015573,1.3715385477657847
DALRYMPLE BAY,QINGDAO,9,8018.430630558175,2.7773087693740734,10.224232298977503,0.6444154898600474
QINGDAO,ROTTERDAM,1,9296.756155405752,3.9763734060868576,11.35275242547341,1.5675339897088432
NEWCASTLE,DALRYMPLE BAY,5,1796.8719009047188,1.671771431695484,6.797842741441849,0.5926130399179287
DALRYMPLE BAY,SANTOS,8,5270.116460886081,2.1438991064553115,8.208228083542835,0.7563514525821137
RICHARDS BAY,SINGAPORE,6,5685.5070487280245,2.1430154569390694,8.112671426771003,0.7712401925861049
SINGAPORE,DALRYMPLE BAY,11,4830.126679065008,2.476868470640272,9.651358463713136,0.8542485301929081
DALRYMPLE BAY,NEWCASTLE,11,6823.977329311654,2.1619426085534115,10.396428081807626,0.4291727472836334
QINGDAO,NEWCASTLE,12,2593.5429321980932,3.250771882643678,11.34491479992154,0.8744172157644822
DALRYMPLE BAY,QINGDAO,5,4886.677074485764,1.9341725689238063,8.650099735352113,0.3912145859429265
SANTOS,RICHARDS BAY,10,7467.336251213735,2.253261577360572,8.361196194866706,0.6411292579634548
QINGDAO,SANTOS,6,3029.225675296713,1.9235210315848452,7.941946809342982,0.8515179734286255
NEWCASTLE,SANTOS,3,10736.544347737696,2.3623692537414285,9.180616525438953,0.43913147950091125
RICHARDS BAY,SANTOS,11,1715.8313314828736,1.8117660136998317,6.334681997520533,0.6522582156262953
NEWCASTLE,ROTTERDAM,8,11220.972652700984,2.805335698036147,10.870260008504681,0.49659719240318945
NEWCASTLE,QINGDAO,10,3077.7324739063606,1.3852572248669182,8.063845275541283,0.4305432086806223
SANTOS,ROTTERDAM,8,1798.3234013072906,2.035674050593912,7.142729284832973,0.9977633162506385
SANTOS,QINGDAO,11,9517.2252902008,2.0687812135491837,9.984131683399777,0.0
RICHARDS BAY,DALRYMPLE BAY,12,9228.7775220283,3.888253634789485,12.198936048846967,1.6466075233809927
NEWCASTLE,QINGDAO,10,1994.2616078392307,2.000440554895733,7.799621973557954,0.43436198716649965
SINGAPORE,DALRYMPLE BAY,2,1716.7237115560467,3.330066881602908,11.668984603475943,1.1310110506820685
SANTOS,DALRYMPLE BAY,4,10282.46074075849,2.521772849091268,9.73785872596269,1.1545104533638613
RICHARDS BAY,SANTOS,11,9912.144035601044,2.8238025627984547,10.837783171788422,0.8978164596388285
RICHARDS BAY,SINGAPORE,1,11457.317869186882,4.672518006421264,12.042664459776926,1.491682777348628
RICHARDS BAY,SINGAPORE,12,4126.120998717332,3.2492738328674617,10.361679776368254,1.427929422560195
NEWCASTLE,QINGDAO,10,3732.1747769906347,2.6243952791547307,8.961362863415502,0.700905633152735
NEWCASTLE,RICHARDS BAY,1,7379.943503006781,3.6336776798210852,8.910524255885509,0.6378145929287733
RICHARDS BAY,QINGDAO,1,7212.369569153055,3.570832954715017,11.449482779592735,1.0526389845303623
SANTOS,QINGDAO,4,9720.231831204448,2.236084071088001,7.034478869209113,0.7696421604901776
DALRYMPLE BAY,SANTOS,5,8286.573588191852,2.6844978933089583,8.68990335812672,0.3774099232914616
ROTTERDAM,RICHARDS BAY,8,7902.688179529894,2.1742792976437837,9.474770981635249,0.7388878893550618
ROTTERDAM,NEWCASTLE,11,5734.90903340598,2.513469857295486,10.029213438389572,0.5521791921226079
QINGDAO,ROTTERDAM,7,3035.6514248091758,1.7078870720820571,7.18501519578835,0.0
QINGDAO,SINGAPORE,3,4695.462688841737,1.7582156250636747,6.929361046823406,0.07239221278480668
QINGDAO,SINGAPORE,5,2912.189050983194,2.006843784899113,7.950830945433951,0.48280167699148235
ROTTERDAM,NEWCASTLE,1,8232.643012453433,3.231693208090045,11.959459205945414,1.5140770489915667
NEWCASTLE,QINGDAO,1,2904.030846503817,3.568886468235709,10.711333142037192,1.6656609691751543
SANTOS,SINGAPORE,7,10401.033520373505,2.8896299882355674,10.405937858923082,0.8304094338123269
SINGAPORE,SANTOS,6,11976.542488077583,2.803163579182458,10.806583939385037,0.9281629979198434
QINGDAO,SINGAPORE,2,7348.908358275044,3.915781547217186,11.559320298726123,0.8774052558737822
DALRYMPLE BAY,SANTOS,8,3362.8893364004593,1.9965036154912341,7.961213750807253,0.24874872701479864
QINGDAO,RICHARDS BAY,5,1869.8545091911544,1.8973807243808336,7.227730326685975,0.4734348934135372
SANTOS,QINGDAO,10,3645.243032628485,2.017293164757715,9.883049595066893,0.9531434386461348
DALRYMPLE BAY,SANTOS,5,10870.5252283952,2.4090777651250055,7.899817782508964,0.6266886726119743
QINGDAO,DALRYMPLE BAY,3,3556.834915590089,1.8434721862779562,7.583821646908508,0.2955977736365166
RICHARDS BAY,SANTOS,3,6879.601979434094,2.316555562648392,8.31997848098,0.14878366328595927
QINGDAO,DALRYMPLE BAY,2,9216.858663653953,4.263152784381184,14.178844355391421,1.6749047724001098
QINGDAO,RICHARDS BAY,2,9254.230287185908,3.6810295704671767,11.092279176195623,0.867664538927502
SANTOS,RICHARDS BAY,6,5636.372253693438,2.2280105498180798,7.407042814463965,0.3987516552970466
SANTOS,SINGAPORE,7,11249.838678846503,2.300998061994298,9.234305926080282,0.5867619546342691
SANTOS,QINGDAO,6,4434.393815049061,2.249975322552011,9.91475123128841,0.6138166672001109
NEWCASTLE,RICHARDS BAY,9,6509.513064379299,2.063816184363461,7.081374132707211,0.3359984551268357
SANTOS,RICHARDS BAY,2,10338.78199945521,3.8662306284056207,11.565760863014047,1.4625435208458504
QINGDAO,SANTOS,9,6642.600285061835,2.5606367084572703,8.938924619158255,0.6865898080824562
RICHARDS BAY,QINGDAO,2,8781.628875702414,4.434786938388238,12.607736912284167,1.1448055828225172
QINGDAO,SINGAPORE,10,3208.6019637354993,2.1606025967866396,8.123341489833612,0.22701575562288642
SINGAPORE,NEWCASTLE,8,10795.649766309245,2.7974738319169754,9.938264537915979,0.75559345067051
QINGDAO,ROTTERDAM,6,5087.567125910662,1.889946951117884,9.067635685125813,0.35097539019758583
DALRYMPLE BAY,QINGDAO,1,8101.8866786446215,3.7685408383066665,10.3440419183679,0.926653065875196
SINGAPORE,RICHARDS BAY,7,4382.2551564363475,1.8230005545627965,9.154361877410327,0.5843386526433985
SINGAPORE,ROTTERDAM,3,4652.598432193193,1.9893246551260084,7.841814837574144,0.13992903052769728
RICHARDS BAY,NEWCASTLE,6,3821.182148960316,2.25847495818402,9.398300728747426,0.20383672351632115
SANTOS,QINGDAO,8,8695.28823216774,2.602368112869351,8.984031366707235,0.771182675120477
SINGAPORE,RICHARDS BAY,10,5974.455006772886,1.714996292436498,7.803057668685228,0.0
SANTOS,DALRYMPLE BAY,8,6002.536217724573,2.939358424820979,10.353792587110647,0.3161395515505706
SANTOS,RICHARDS BAY,8,3563.074440201558,1.968013419958211,5.446447324746295,0.05621294121204734
SINGAPORE,RICHARDS BAY,3,8687.18240464907,2.3869995114261675,9.505967825938074,0.4290365463517133
ROTTERDAM,RICHARDS BAY,6,6673.3877140080995,2.080543160131486,8.367821911874707,0.6066773076692817
SANTOS,SINGAPORE,6,7049.102001544987,1.779627490488949,5.960017194946236,0.37546331405755706
SINGAPORE,QINGDAO,9,8227.423343335588,1.9689696085448287,8.074625510995313,0.45290152336237854
NEWCASTLE,DALRYMPLE BAY,12,4548.423741857567,3.3965081987839523,10.495396360739132,1.1064146796292524
RICHARDS BAY,SANTOS,8,2565.9514515194346,1.6213571508359854,9.415061154135582,0.21431286129299182
SANTOS,QINGDAO,11,1529.3043499726803,1.8358363978324563,8.698659645086867,0.38339109356776835
SANTOS,NEWCASTLE,2,5711.092871297057,3.360375284897745,11.624803437136004,0.782698309254663
QINGDAO,NEWCASTLE,3,6668.2650180516775,2.2499425033221656,8.431418873074167,0.4927409010852508
SANTOS,NEWCASTLE,8,9413.915199232222,2.454735501613276,7.206004120626283,0.6971567728284801
SINGAPORE,SANTOS,10,5637.592785413676,1.8881084976115519,8.741837422775312,0.0
SANTOS,QINGDAO,12,5865.030178365753,3.524201428634593,10.368359029094295,0.594366126378292
SINGAPORE,DALRYMPLE BAY,6,6689.804168156275,2.114434954428627,8.728389974104974,0.4280432257892651
QINGDAO,SINGAPORE,1,3730.7111641531965,3.5242991683907143,9.122466500331903,0.9370076548146954
SANTOS,DALRYMPLE BAY,10,2433.3105662142266,1.6286774417060623,6.197929781365351,0.3886184331158747
NEWCASTLE,ROTTERDAM,8,6820.404168403406,2.3795231984216905,8.652979629504514,0.6338443051585089
ROTTERDAM,RICHARDS BAY,4,2035.36055641608,1.6979676595632336,6.8736124924068385,0.38275798914789816
ROTTERDAM,SANTOS,8,11754.106875277581,2.3265111154152307,8.363376837388817,0.5161127372590264
RICHARDS BAY,SANTOS,9,1783.8152476355085,1.6846795877788405,8.420206569786407,0.1646913817150969
ROTTERDAM,SINGAPORE,4,2987.8799675629625,1.3511712425101832,7.6517163152183905,0.29819007655947294
ROTTERDAM,NEWCASTLE,8,5284.090176491296,2.160920460144474,9.837370528567382,0.8692118569299923
DALRYMPLE BAY,QINGDAO,10,10564.984314732863,2.9295008823653688,9.066047538200296,0.5733179921132311
ROTTERDAM,RICHARDS BAY,11,10842.457366746647,3.190226317314512,10.684442641888863,1.2045037354995918
SANTOS,SINGAPORE,3,7361.436882886678,2.981935322666284,9.694073706727693,0.9658758665659506
NEWCASTLE,SINGAPORE,4,8097.001592132139,2.080138172232643,9.081222787536829,0.49632569400260174
SANTOS,RICHARDS BAY,11,2769.59145985386,1.8378886418619602,6.031111250734897,0.2098560426681142
SANTOS,SINGAPORE,1,2335.54513407253,2.7605735119270145,9.413580102059742,0.22104277228391328
QINGDAO,DALRYMPLE BAY,5,9182.196422500729,2.120141206916398,8.427310097617225,0.7714488757349317
RICHARDS BAY,DALRYMPLE BAY,3,5570.153563262348,1.6900789363703552,8.198088535472914,0.5031571305344192
ROTTERDAM,NEWCASTLE,11,7802.670286798804,2.1944438256609478,9.655646473218896,0.5663411137523937
SANTOS,ROTTERDAM,10,9420.521242032111,2.5727778572784348,9.141206115212857,0.1563453690031799
ROTTERDAM,SINGAPORE,7,9709.185098924245,2.3357194768654193,8.738661541715338,0.7910013858067837
DALRYMPLE BAY,SANTOS,4,6202.13960582565,1.774271117441195,8.19596851279286,0.7182978160061877
SINGAPORE,QINGDAO,3,2094.1152384178226,1.293224036523447,5.817158491624028,0.0
SINGAPORE,RICHARDS BAY,1,6781.255544607192,3.7879333602039433,11.968078389735702,0.8466009206474122
QINGDAO,ROTTERDAM,1,3409.3282071722265,3.447668534090555,11.645521933395734,0.7676644738540093
SANTOS,QINGDAO,6,6711.1739874226605,2.3016621557078474,7.974193260473701,0.17237013535205786
RICHARDS BAY,QINGDAO,11,10600.304838328431,2.7602001261898255,11.521628305889559,0.45441590575650176
SINGAPORE,NEWCASTLE,3,11705.207261694317,2.9114755722237424,10.012488412566851,0.5333728256406234
NEWCASTLE,RICHARDS BAY,1,11665.744622027167,4.0433281153997935,12.07091954427856,1.5098998342730896
NEWCASTLE,DALRYMPLE BAY,2,1825.0959981449028,2.9345857169485696,9.425661062719652,0.807351417572582
ROTTERDAM,DALRYMPLE BAY,7,10241.703672134345,2.736590026816475,9.775297378768569,0.852597398325465
DALRYMPLE BAY,NEWCASTLE,12,3856.279698631827,3.249350942968755,9.72699188493901,1.184539392175532
SINGAPORE,DALRYMPLE BAY,2,10152.78867594487,3.967909162285515,10.834811986061679,0.8342243305289218
DALRYMPLE BAY,NEWCASTLE,6,1824.5346699588918,1.158370226442829,6.377993703141938,0.3648056273162417
SINGAPORE,SANTOS,5,3979.8627646706045,1.97111631952479,6.041024014023308,0.5347478529489642
DALRYMPLE BAY,SINGAPORE,10,1655.1999508219144,1.7903765986842632,9.342529577938752,0.4586845657168337
ROTTERDAM,RICHARDS BAY,9,8337.928913587513,2.597722309796958,8.526951137700777,0.08230885143945876
NEWCASTLE,ROTTERDAM,8,9734.747118876454,2.6123225257314227,9.424238454223037,0.8428848430943205
QINGDAO,SINGAPORE,7,3656.250418335095,1.7019544499694184,8.508759455121062,0.5842301552740223
SANTOS,NEWCASTLE,8,7862.164932805437,2.2944979623321564,7.917817617620135,0.6398169943281288
NEWCASTLE,QINGDAO,9,2307.7098669653287,2.185795016693318,8.081500786785131,0.3561471723964094
QINGDAO,NEWCASTLE,10,4270.493692883069,1.9379849023581175,7.367628690174691,0.853571170562264
QINGDAO,SANTOS,6,10151.694912035853,1.9945464434540126,7.7254891937674115,0.8000158042265415
SANTOS,DALRYMPLE BAY,10,4313.193728275791,2.308125594041594,8.587250575427772,0.23983212544017984
DALRYMPLE BAY,SANTOS,7,9331.75813157244,2.3494680871107425,6.877638012951987,0.5383639773996441
QINGDAO,ROTTERDAM,3,3679.746329787241,1.5659341431254867,6.066941605508462,0.29762684223168284
RICHARDS BAY,SINGAPORE,11,7797.947600036693,2.212577805652218,8.905428959550143,0.5744269575732037
RICHARDS BAY,QINGDAO,1,2363.0030138280745,3.2201919672219765,11.669305049680988,1.2197691546194942
ROTTERDAM,SINGAPORE,9,9987.842156014416,2.1566603097894292,8.701194750742603,0.30519056780895437
RICHARDS BAY,QINGDAO,10,9219.874523412724,2.2364271610937347,9.149342280373604,0.2335569723955053
RICHARDS BAY,DALRYMPLE BAY,4,1542.6443558612789,1.2038371658620983,8.153445187422664,0.0
NEWCASTLE,SINGAPORE,6,3031.0952373538667,1.9186194658314921,9.13393736377418,0.21358572742706025
RICHARDS BAY,QINGDAO,3,11626.71698806505,2.4017246052556804,7.996266845544822,0.23091825636278207
SANTOS,DALRYMPLE BAY,8,2339.455757116797,1.6653474607596859,6.555574197905591,0.03339077200375007
SINGAPORE,RICHARDS BAY,10,10235.791896139368,2.8194506745193144,10.50723416636886,0.872190562870033
QINGDAO,SANTOS,12,10985.924254729063,4.660356758940053,13.147246820462392,2.1611351576452096
SANTOS,RICHARDS BAY,9,5423.322061055194,2.1398824684222366,8.508093170531145,0.5333594904948786
QINGDAO,RICHARDS BAY,4,8708.35925618554,2.162994475321109,7.73671545317088,0.3926210459853445
QINGDAO,SINGAPORE,9,2525.1813769144137,1.7259594371107403,7.610139360508274,0.0
ROTTERDAM,RICHARDS BAY,7,10515.61680787603,2.9669603881854663,10.15489616995118,0.498860588178262
RICHARDS BAY,SINGAPORE,3,2550.9802659237776,1.440127464935097,7.633420991451794,0.4723335163472876
QINGDAO,SANTOS,3,11275.720746017267,2.8184515420312297,11.216497252929983,0.500312730701148
SINGAPORE,RICHARDS BAY,10,6961.920570561733,1.858636094391631,8.114125878079811,0.14688959137642257
NEWCASTLE,QINGDAO,4,10485.438914860788,2.863013766103084,9.895682651050437,0.6547097665140558
SINGAPORE,SANTOS,3,11318.213428443276,2.608820701158043,8.139566933434734,0.32235299746908075
SANTOS,NEWCASTLE,12,5168.335002517833,3.4144220443242306,11.136171425249511,0.8885280544001006
NEWCASTLE,QINGDAO,1,11113.917480777192,4.0506379874748735,11.707637679313871,1.0618743729830074
ROTTERDAM,SANTOS,2,8983.616955901725,3.8883206538245654,12.291419859492812,1.100337614952394
NEWCASTLE,RICHARDS BAY,12,7521.297668166824,3.726607353017115,11.590727012162215,1.245681632042671
SINGAPORE,DALRYMPLE BAY,7,4787.497219111203,1.960495907099508,8.595965563147772,0.34212287270180103
RICHARDS BAY,QINGDAO,2,4576.41866306038,3.671291324527754,12.576054504936877,1.7587583788577756
SINGAPORE,ROTTERDAM,10,4714.184760064904,1.4661850233112887,8.446208037952312,0.8530311325314195
SINGAPORE,DALRYMPLE BAY,7,10098.929347267382,2.699958652557836,10.120627035119059,0.8277997157146816
QINGDAO,SANTOS,7,8797.059923373756,2.8295499767321184,8.741804653552645,0.6462884914374063
QINGDAO,RICHARDS BAY,5,9191.222893915896,2.9143102777625898,9.79570169756351,0.744431781194725
ROTTERDAM,NEWCASTLE,8,9505.073044340894,2.607648638275193,9.051531367847433,0.6555170404716743
SANTOS,DALRYMPLE BAY,2,11057.741438232002,3.7916996708718473,13.351746733333973,1.1706106530975893
ROTTERDAM,QINGDAO,2,1938.9438623201115,2.9305980857582457,9.558073502150569,0.01844858556754303
SINGAPORE,SANTOS,1,2247.2065435059617,2.961256732705031,10.644477335823481,0.7043403108973744
QINGDAO,ROTTERDAM,10,6654.2508985873355,1.8767012351320533,6.159144632858174,0.1541739013252821
RICHARDS BAY,QINGDAO,9,5799.821651861685,2.0533555718423337,6.592870102367848,0.4810492665300531
ROTTERDAM,NEWCASTLE,3,10061.713312397083,2.9507077538720763,9.58066275177017,0.30423788268758
QINGDAO,ROTTERDAM,3,9953.62228201522,2.589060805307985,9.203864286498545,0.4268129622168926
RICHARDS BAY,NEWCASTLE,6,7616.80890528817,2.4685229598511467,9.481489833211192,0.0
NEWCASTLE,ROTTERDAM,5,5002.003664260536,2.1504461330557283,9.02096883219099,0.22584475306849267
QINGDAO,ROTTERDAM,11,7900.2818924578305,2.1879929814517607,7.783685149973404,1.0444928646287255
DALRYMPLE BAY,QINGDAO,7,8487.607547476759,2.0830148004617977,9.15475240164556,0.5247511628560381
DALRYMPLE BAY,NEWCASTLE,3,4438.146136163995,1.9464407981108993,7.434639597200884,0.22122160963540424
RICHARDS BAY,DALRYMPLE BAY,8,11338.389676180448,2.7413480225307283,7.775199643200737,0.3289835217887063
SINGAPORE,NEWCASTLE,12,1999.7502446443668,2.862743944098806,10.483396330230564,0.8451544909117479
SANTOS,NEWCASTLE,4,8562.013786540745,2.430383643833731,9.480474456471834,0.6414051672502341
SANTOS,SINGAPORE,9,7240.517987585565,2.778008142226991,10.133746831836664,0.6085514387532757
SANTOS,NEWCASTLE,7,7755.344501950816,2.5395608072512736,9.628991598993444,0.8447346502930566
ROTTERDAM,NEWCASTLE,5,10324.551947509768,2.1314250772973944,8.164721415758834,0.2644847085626834
NEWCASTLE,QINGDAO,11,11185.357149235313,2.2248561856730933,7.5956586021841215,0.7071386692339524
RICHARDS BAY,NEWCASTLE,7,6183.223943287511,2.013861480128082,9.367245045203841,0.0
SINGAPORE,ROTTERDAM,5,5038.358145228968,1.5194455611466158,6.776505086127313,0.5340095067724255
ROTTERDAM,QINGDAO,6,3859.0831899455084,2.0823756663879154,9.0498198794209,0.2825790899500603
QINGDAO,SANTOS,3,10778.877797948871,2.8087331008588867,10.9224307678805,0.4005834111636829
RICHARDS BAY,SANTOS,3,3026.516883282709,1.2339081717624238,5.493922921883472,0.4022086438811546
ROTTERDAM,NEWCASTLE,1,4611.268522650352,3.1587385456458694,11.192431347605986,1.3394200082283205
RICHARDS BAY,DALRYMPLE BAY,9,11934.531205236279,2.399810529626758,7.528898460259502,0.0
RICHARDS BAY,SINGAPORE,3,2124.6146074689054,1.8014326947390822,7.983913476877661,0.395817160751666
NEWCASTLE,DALRYMPLE BAY,12,9443.01961198727,4.047473569369575,11.284063419621988,0.5542570616579721
RICHARDS BAY,SINGAPORE,2,7946.6252642374475,4.352115811505207,13.187313175092601,1.9729511707014802
RICHARDS BAY,SANTOS,10,5729.954108457628,1.8845477456442565,6.767953066817662,0.47350158139935206
RICHARDS BAY,SINGAPORE,3,9106.429100637482,2.342215939068195,9.2848761834156,0.6871889680408235
DALRYMPLE BAY,ROTTERDAM,1,4669.420855632776,3.8273729008619037,13.38394792134318,1.001637579323129
SINGAPORE,DALRYMPLE BAY,6,8238.31015609555,2.0339628751315177,6.846637833952679,0.0
SANTOS,NEWCASTLE,4,2970.9432856451144,1.7895004090899997,7.333312890437907,0.5000726253182468
RICHARDS BAY,SINGAPORE,2,2689.8138619797055,3.53829630282495,9.791967486035052,1.1328274859415302
SINGAPORE,QINGDAO,3,6597.394996590267,2.135894828298212,7.051575981161907,0.6550180945902133
SINGAPORE,DALRYMPLE BAY,9,7582.50423332546,2.014443411901837,8.73609101807336,0.47325025332853077
ROTTERDAM,SINGAPORE,2,5855.387255653938,3.3723764852591165,9.95468521970027,0.8737742945755538
DALRYMPLE BAY,NEWCASTLE,4,10433.078982477246,2.832823223631926,9.498389103000926,0.6052474966559928
SINGAPORE,QINGDAO,10,11855.573653431262,2.2174284793177965,9.450916489987144,0.5330867572784556
ROTTERDAM,DALRYMPLE BAY,6,11250.19278683913,2.9671123477951094,10.65548802060317,0.8952739990559633
SINGAPORE,RICHARDS BAY,3,5347.279863889051,2.0209345312771,8.290378506061307,0.6810955301504278
NEWCASTLE,DALRYMPLE BAY,2,10600.629223698861,4.237725254444708,13.71153041721719,1.164959052897054
QINGDAO,SANTOS,12,8663.166101915001,3.908730781859179,11.678127078538617,1.3842753061483397
NEWCASTLE,RICHARDS BAY,1,8605.257622887568,3.5914954621831856,11.983571215815195,1.1912715632623858
SINGAPORE,QINGDAO,1,3467.588954230628,3.5031815128971227,11.155842956264584,1.2317560863720107
NEWCASTLE,DALRYMPLE BAY,6,3021.446366016522,1.4806964522728576,6.765994500291636,0.13653336280140335
NEWCASTLE,SINGAPORE,2,5878.5027525476635,3.809664540466471,14.05228536561287,1.3626970786521388
RICHARDS BAY,NEWCASTLE,5,6816.721580633249,1.500259031543179,7.553667684414357,0.14320375666275803
NEWCASTLE,DALRYMPLE BAY,1,6300.064124250283,3.1457487207689754,11.641894068839278,0.7631757671080575
SANTOS,SINGAPORE,7,9590.09432269132,2.279839529894932,9.230567331939694,0.6517500916476405
SANTOS,RICHARDS BAY,6,3487.205839346708,1.6409946075807333,8.975144304428603,0.7479233993809244
RICHARDS BAY,QINGDAO,6,8441.270458253814,2.557715629757318,7.742170401192343,0.6352581269783203
SANTOS,NEWCASTLE,5,9471.620140277488,2.5199995573562854,9.065514847765888,0.9000174709627828
RICHARDS BAY,ROTTERDAM,8,9592.949143448534,2.590480196724976,8.757144550417703,0.3191559568048549
SANTOS,RICHARDS BAY,1,4950.345510348648,3.781668076830157,11.20398033835115,1.0818026435470112
QINGDAO,DALRYMPLE BAY,7,7560.195538766951,1.9599706830617296,8.680732829184366,0.8171316719816202
DALRYMPLE BAY,NEWCASTLE,3,8842.253689756704,2.413683970016512,8.039271406754121,0.3045219152951768
ROTTERDAM,SINGAPORE,12,11968.465660728887,4.575061750966623,14.474417866779776,1.970899396337988
NEWCASTLE,SANTOS,6,9176.990976671479,1.8186879133860598,8.002985290205713,0.5251495097547296
QINGDAO,DALRYMPLE BAY,6,10382.717464868027,2.698460092031695,8.604505073637824,1.0515324456227297
SINGAPORE,SANTOS,11,4360.079451614962,1.7765793393396911,7.039275497445396,0.6636805565415639
SINGAPORE,SANTOS,8,7077.470320310674,2.836335885410276,9.5316042440227,0.0
SANTOS,SINGAPORE,5,8615.783085167994,2.013973422917146,8.84973626976738,0.780700746859218
SINGAPORE,SANTOS,1,2836.1505555471663,3.2177954726405695,10.831665923050586,0.9304984153010879
RICHARDS BAY,DALRYMPLE BAY,11,7076.56397768207,2.560237148560141,9.347663925261143,0.3633100739313775
NEWCASTLE,QINGDAO,9,11402.293168909797,2.6518607159977896,10.142731247296306,0.33215552035859747
DALRYMPLE BAY,ROTTERDAM,2,5315.196363782205,4.066428934155503,11.842289398929047,1.4535265542221578
QINGDAO,RICHARDS BAY,10,2723.0027676890277,1.8950642995349511,8.936078100463405,0.5115757305418205
SINGAPORE,SANTOS,3,6832.2675190934,2.0017265866431355,7.8255873997232905,0.8209964483175468
NEWCASTLE,SINGAPORE,9,3023.761385971699,2.11327870480756,8.978508980319447,0.0
ROTTERDAM,DALRYMPLE BAY,4,11922.871190541242,2.4602136089275204,8.34638453444572,0.5880847427103333
RICHARDS BAY,SINGAPORE,11,11372.566398663692,2.1149019125159767,10.252043043433302,1.118937159396501
QINGDAO,RICHARDS BAY,7,8109.972898649689,2.47777733254668,9.375438512256782,1.1518525223334355
ROTTERDAM,NEWCASTLE,10,4030.9229900407854,1.7352750213524513,7.742293184055805,0.4606691523438685
RICHARDS BAY,DALRYMPLE BAY,4,3939.534136220295,2.192651399536389,9.316081543397441,0.277063603487831
ROTTERDAM,SANTOS,5,9354.051518047292,2.133356759007638,8.414562072967216,0.05275960387188405
QINGDAO,SINGAPORE,8,3990.332275972059,1.5870735758633432,6.577540825011367,0.4373386541236546
RICHARDS BAY,QINGDAO,8,2729.1203790770614,1.3717617039099952,6.175748948179044,0.25406329529716065
SINGAPORE,RICHARDS BAY,8,3615.408754558537,2.070196079696617,9.172954328720017,0.39623938974472084
ROTTERDAM,DALRYMPLE BAY,7,8316.890397019353,2.1313498634222294,9.018859924384035,0.33070626160354544
NEWCASTLE,SINGAPORE,6,2305.00786617911,1.6978608880402986,7.667084060952733,0.24746962699874542
SINGAPORE,ROTTERDAM,7,7580.1214085631555,2.0553034725504538,6.62032035518901,0.9455361582712516
SANTOS,NEWCASTLE,5,4391.750668107074,1.2815094959844489,6.777360511476403,0.1545221232684098
SANTOS,DALRYMPLE BAY,4,4262.251670995047,1.53215771364411,7.445681465099098,0.504580400380605
DALRYMPLE BAY,NEWCASTLE,9,4772.812599624357,2.3196928913827617,10.210140394827624,0.76946851836004
DALRYMPLE BAY,SINGAPORE,10,8098.976298660783,2.139855065733957,9.863917118845746,0.15032121016206423
RICHARDS BAY,QINGDAO,10,7597.484402715979,2.408642758938632,8.806780940253347,0.16663616743043064
SANTOS,SINGAPORE,12,9145.001444993739,3.706772479073383,11.511127199075235,1.1476092290582594
DALRYMPLE BAY,NEWCASTLE,2,9266.440009685628,3.4580406663697985,10.83278080184176,0.8371717283568019
DALRYMPLE BAY,ROTTERDAM,10,2068.0894174026553,1.8237644636009323,8.7467447480117,0.5226600762325684
QINGDAO,DALRYMPLE BAY,1,3912.815803114402,3.6855900097533185,12.574750065526796,1.552287892967424
SINGAPORE,NEWCASTLE,3,2472.8191283749056,1.7568931659310592,7.456926184767199,0.0
SANTOS,DALRYMPLE BAY,6,8674.458597396026,2.450881862219622,9.144300009442965,0.7201331639292116
NEWCASTLE,SANTOS,1,10450.47617248935,3.9934031210473977,11.768640786764173,1.3449979656336746
RICHARDS BAY,QINGDAO,2,4685.680307002193,3.6150742592321627,10.245387241793084,1.0732081423406323
ROTTERDAM,SINGAPORE,2,10446.626034293724,3.952700597371138,12.317404414337327,0.9974446507730889
QINGDAO,DALRYMPLE BAY,10,3375.8536873379503,1.8645804423786838,7.789790974488646,0.49456050107097493
NEWCASTLE,SINGAPORE,6,4623.841440856139,2.210849963991302,8.82183070549164,0.6065196619762743
SINGAPORE,SANTOS,5,9900.745576752783,3.114638366695891,9.797810070528367,1.0281304081841751
SINGAPORE,ROTTERDAM,1,10533.518634841554,4.513794660863702,12.332856734055005,1.3966505256224175
DALRYMPLE BAY,SINGAPORE,11,7177.611411589214,2.207847133271412,9.343532837830926,0.0772311582857862
ROTTERDAM,SINGAPORE,10,2071.115797700718,1.6768179647632568,7.256456993459471,0.2508447182556569
DALRYMPLE BAY,RICHARDS BAY,1,2496.6305882341194,3.7206019610111336,9.312024950317532,1.2614441865267942
ROTTERDAM,SANTOS,12,8652.175586827992,3.6494475643186726,12.299923654658734,1.2954421598605041
ROTTERDAM,DALRYMPLE BAY,8,6760.669167335045,1.8769205974374212,6.223808465647208,0.0
RICHARDS BAY,SANTOS,4,10641.055495763276,2.486781628697962,9.773613927919587,0.3028779219574239
DALRYMPLE BAY,QINGDAO,10,11629.236389810078,2.918787632837066,9.892070842828774,0.8315291853904481
ROTTERDAM,SINGAPORE,1,7615.506889531041,3.5259577803481004,13.741521620293664,1.3926628719787864
DALRYMPLE BAY,SANTOS,2,5048.705256556163,3.50751990520598,11.148456479955534,1.0751403048823687
ROTTERDAM,NEWCASTLE,12,6055.634427817997,3.7857581684703594,12.753514388866256,0.9783884788542637
QINGDAO,ROTTERDAM,8,8034.030390781425,2.04207312911761,9.607600115531149,0.7051076962813181
RICHARDS BAY,DALRYMPLE BAY,11,9714.54344053287,2.3699806089185276,9.83062210316953,0.8880413180180025
SANTOS,RICHARDS BAY,2,10695.075062967953,4.418424077442724,14.389320197540751,1.3359627591661232
QINGDAO,ROTTERDAM,7,3277.199414239771,1.810038425062607,6.849300576470295,0.4493548657678276
QINGDAO,SINGAPORE,9,1571.4345194818611,1.4350465252146318,9.004957133454303,0.8952120319660195
NEWCASTLE,DALRYMPLE BAY,10,10498.439640257813,2.756290505305879,9.543876885492903,0.776114254411328
NEWCASTLE,QINGDAO,1,5754.34223338793,3.1196180969214993,10.330436675621273,0.4569501753045736
QINGDAO,DALRYMPLE BAY,4,6215.213351898764,1.9893488903499534,8.564319766598837,0.0
ROTTERDAM,SANTOS,7,7441.69278355122,2.581401313542984,10.21536371434198,0.7205282057297583
QINGDAO,NEWCASTLE,7,11500.957558020296,2.802138161477024,9.143971938391518,1.0760848086627233
SANTOS,ROTTERDAM,9,4391.839051021072,2.244204197273859,8.626632201701991,0.0
ROTTERDAM,RICHARDS BAY,10,2562.9540029736536,1.8680463272595154,9.890410394726308,0.3134023733878161
DALRYMPLE BAY,RICHARDS BAY,7,6443.32735564187,2.5744766755463755,10.363003691730835,0.0
DALRYMPLE BAY,RICHARDS BAY,9,4270.410711212151,1.785043328297318,6.844468168843958,0.3269889621645067
RICHARDS BAY,QINGDAO,3,1537.242957177022,1.671038620481545,6.47056357132821,0.0
SANTOS,RICHARDS BAY,2,5138.9913820241745,4.11186902905382,12.61398952176821,1.0572599333331265
RICHARDS BAY,QINGDAO,6,4681.4509047514375,1.5131800629538779,7.280881124898369,0.09190258726687159
DALRYMPLE BAY,NEWCASTLE,9,3259.0069024467452,1.9066705572723115,8.409138317899723,0.4158996976395414
SANTOS,RICHARDS BAY,4,5839.955058552071,2.1000128404800673,7.797418538207407,0.3740214447848127
QINGDAO,NEWCASTLE,12,8883.444536575009,3.580013401169195,11.268580500178917,1.3130564136926923
RICHARDS BAY,SANTOS,11,8731.6606557795,2.5772548884018915,7.794260755897261,0.3828235354244336
QINGDAO,SINGAPORE,5,1573.361832600032,1.6995292308785328,5.886485354079135,0.40374747965217034
QINGDAO,DALRYMPLE BAY,4,6287.251435985021,1.5507135371162832,9.365515635546512,0.3734880751068198
ROTTERDAM,SANTOS,4,1754.420423371425,1.7800936714079152,8.003272154135283,0.3723748429255614
QINGDAO,RICHARDS BAY,12,11521.667615334449,3.9816613200249362,14.070640539831889,0.8420112269936
RICHARDS BAY,SANTOS,3,8181.962607463644,2.327053936840976,9.154445656501425,0.6526494391029511
SINGAPORE,ROTTERDAM,3,5843.779080086586,2.412272649340455,9.426729417551332,0.6272449615300901
DALRYMPLE BAY,RICHARDS BAY,7,7477.977397688549,1.5537411426009222,8.085655712209574,0.46112056061801165
QINGDAO,SINGAPORE,5,2253.54026777172,1.8603095422268214,6.571987073423514,0.5078503956146841
QINGDAO,SANTOS,2,3314.8982885306323,3.3618998462657346,9.075522943661396,1.2689954489464719
DALRYMPLE BAY,ROTTERDAM,10,9302.714997159705,2.541627278901198,8.740386851100716,0.08736899964475359
DALRYMPLE BAY,QINGDAO,3,8863.44981029765,2.2935040254728634,6.494982178450722,0.7508804310153844
DALRYMPLE BAY,RICHARDS BAY,9,8885.567740298337,2.688558885380929,9.615317795546447,1.4927534869824546
SINGAPORE,DALRYMPLE BAY,8,2426.162089138805,1.754138634224436,7.83754085285873,0.0
SINGAPORE,DALRYMPLE BAY,7,2134.3415126430878,2.1765289464793973,9.22596998725799,0.5143489951911447
QINGDAO,ROTTERDAM,12,8133.052807067753,4.0448214241012534,13.479402063310324,1.2582759272486586
NEWCASTLE,QINGDAO,3,11963.542100983645,3.2992076994554247,11.037711825220194,0.8451560684038677
QINGDAO,ROTTERDAM,9,9041.13079024455,3.1381572125458135,11.061919264533165,1.2038979993195318
RICHARDS BAY,NEWCASTLE,9,10974.161286109456,2.5960943138374577,10.88142362299412,0.7999935268584764
NEWCASTLE,RICHARDS BAY,6,10565.513478745826,2.5236781877895784,7.579529539927904,0.4601903556853627
ROTTERDAM,QINGDAO,1,9197.761088452904,3.844327421462756,10.84799381063788,1.0105006943658925
SINGAPORE,ROTTERDAM,1,6618.767052922951,3.8045081087505057,10.984295216887515,1.1427719501666218
QINGDAO,RICHARDS BAY,8,10216.484240167809,2.695003791015223,9.756771045040768,0.8238011649515151
NEWCASTLE,SANTOS,4,4858.05915318013,2.0232174359692894,6.4499133484770885,0.9147545895948769
DALRYMPLE BAY,QINGDAO,11,5031.073025065077,1.881237065038618,9.528126985913188,0.15455051616160922
DALRYMPLE BAY,SINGAPORE,1,11256.15183814729,3.721282389325551,12.929184817925456,1.3093803159603208
QINGDAO,SINGAPORE,3,7987.38741868203,1.582593108230621,6.904482856566893,0.5094047287153928
RICHARDS BAY,SINGAPORE,2,9063.68423307016,3.6085696261385443,11.271154693431846,1.2035680534623034
ROTTERDAM,NEWCASTLE,12,5039.305527895366,3.2378799119806083,11.516915863991297,0.8919374423217593
SINGAPORE,DALRYMPLE BAY,10,7529.231983017769,2.5239474874114993,8.187976908711427,0.17282476193732732
SINGAPORE,QINGDAO,9,8789.43013223597,2.7362601417826835,9.786649405697895,0.5118447002657966
DALRYMPLE BAY,ROTTERDAM,1,8732.187818819244,3.9437747685693485,11.970603459534233,0.9768010350623537
NEWCASTLE,ROTTERDAM,2,4894.9129542112305,3.559104076844095,10.33940091290916,0.9076194679734874
RICHARDS BAY,SANTOS,8,6099.535690095473,2.2264365608017966,9.003938472799893,0.6841803140386336
DALRYMPLE BAY,RICHARDS BAY,2,10531.564084114338,3.965943104959993,12.153367124264786,0.6390579706420775
QINGDAO,ROTTERDAM,12,1930.2617419564667,3.2307749593449486,10.693623330349038,1.0215030660630517
QINGDAO,SINGAPORE,6,10530.564791742905,1.6222282401870685,6.000465318172548,0.43356155703802407
SANTOS,QINGDAO,9,7924.739806711216,2.1743260550476498,10.530762762048713,0.16542671244853863
ROTTERDAM,SANTOS,2,8776.576294545945,3.8751685991686586,11.809152014546221,0.4435012927174554
QINGDAO,RICHARDS BAY,6,5739.61359401057,2.0516265101830977,6.7810848026432105,0.1502420401106267
DALRYMPLE BAY,SINGAPORE,10,7866.214824905714,2.2942835450076435,8.018556034405927,0.36740602662076566
ROTTERDAM,QINGDAO,10,2307.140365369223,1.836367529047253,8.062435948485042,1.066448528496866
SANTOS,NEWCASTLE,2,1540.0149141259021,2.9051389051962704,10.26414436473238,0.9628886373299903
SINGAPORE,NEWCASTLE,3,11922.554484349457,2.114917057286319,6.463702948687344,0.3165079864075059
RICHARDS BAY,SINGAPORE,9,9025.892821860194,2.2872009972579086,9.281931302512545,0.7253325912078407
SINGAPORE,DALRYMPLE BAY,2,5753.544853333438,3.3573604335435405,10.64142982254659,0.7448907723362258
ROTTERDAM,SINGAPORE,2,4542.601456626555,3.727472531052684,12.267572675575146,1.3308146604906257
NEWCASTLE,QINGDAO,9,7444.12336795193,2.265485315007747,8.19526549131598,0.0019578417668126846
RICHARDS BAY,ROTTERDAM,11,8695.469455743807,2.0936182165277994,8.632178575121298,0.822998588891881
ROTTERDAM,SANTOS,5,11589.107679647539,3.0438584998710323,9.235489399031517,0.8370846433051742
SANTOS,SINGAPORE,5,8666.269431561874,3.157837205477185,10.446762958141608,0.5071888211200496
ROTTERDAM,DALRYMPLE BAY,8,6720.049233990293,1.8387137339333994,6.9867600182854295,0.8771650513965334
ROTTERDAM,RICHARDS BAY,10,2007.584227248548,2.439424046237593,10.909910719764216,0.7472064292826176
SANTOS,SINGAPORE,10,2805.4490503208763,1.4014162320948482,7.3794833416712935,0.3738703485947267
SINGAPORE,NEWCASTLE,6,9518.156073994167,2.3984526289965054,7.956983800501981,0.36256142147434317
SANTOS,SINGAPORE,8,5882.310396267298,1.896585273336622,6.962102882024994,0.6958813674630404
ROTTERDAM,SINGAPORE,10,10756.365224425457,2.198907401422558,9.782459925931205,0.36263874109586636
NEWCASTLE,SINGAPORE,6,5069.050823206546,2.2043674757361535,6.484797924727302,0.33375005828944115
SINGAPORE,QINGDAO,5,9096.283298560285,2.792126073006825,8.416973410859073,0.4982153720299257
SANTOS,SINGAPORE,12,7477.219297631828,4.009452483169945,11.866617042377463,1.05817126018144
SINGAPORE,NEWCASTLE,1,11868.664838165192,4.29309164842504,12.383979087950978,1.3061580524986058
ROTTERDAM,QINGDAO,11,10728.406487298946,2.3718134409423817,8.244180018968883,1.0013765741640586
NEWCASTLE,RICHARDS BAY,9,7933.525508724494,2.9642527550795417,10.940056949237741,0.8771791659041055
RICHARDS BAY,NEWCASTLE,10,3227.302509012552,1.5659667450665853,6.169871792563511,0.34149397011264143
DALRYMPLE BAY,SINGAPORE,8,6561.837684312161,2.1290044437645226,9.993632523176458,0.47645344410510954
ROTTERDAM,SANTOS,6,3586.612948733935,1.7693724688544632,8.248244061167153,0.48624137728895533
QINGDAO,DALRYMPLE BAY,11,9641.817840646667,2.012339853594847,8.046940310104963,0.10518807404596503
SINGAPORE,ROTTERDAM,10,2824.5488824545764,1.567268129349387,6.126515741567214,0.12508070880686717
RICHARDS BAY,NEWCASTLE,9,8150.9810918052035,2.4499742165705127,9.64028570543592,0.6929247789209839
SINGAPORE,ROTTERDAM,8,5476.177435666004,2.482473435853793,9.880082775292902,0.379576630406249
SANTOS,NEWCASTLE,8,11524.209713163495,2.9895360298688742,9.650375252433337,0.085591503923099
SANTOS,DALRYMPLE BAY,1,4295.384527787731,3.624263983706809,11.002448231587104,1.596494795703323
SINGAPORE,RICHARDS BAY,3,4345.835094692337,2.1151804511687224,7.9370931645095775,0.0
QINGDAO,RICHARDS BAY,8,9887.853670778495,2.648913422000858,9.288684078928231,1.024283352633976
SINGAPORE,RICHARDS BAY,12,3127.392420134816,3.03661734953249,9.844139233599014,1.3320138875554937
SANTOS,QINGDAO,11,10863.45669133975,2.448194913866057,10.900195723241294,1.1774443289754983
ROTTERDAM,SANTOS,12,2178.557027621009,3.3684548291369847,9.796115175976404,0.9298353634542501
SINGAPORE,NEWCASTLE,4,11015.020546353468,2.3498438193765367,8.269417578246058,0.7327493839280854
QINGDAO,SANTOS,9,2834.7170697141905,1.909183391883165,7.70626213061258,0.5417220661531987
RICHARDS BAY,SINGAPORE,7,6321.7174261163,2.001634168780525,10.825380121420608,0.15941259973760374
QINGDAO,DALRYMPLE BAY,9,5537.050245573418,2.148752370345362,10.975157963615896,0.8177780287413349
SINGAPORE,RICHARDS BAY,12,1605.8981802873075,3.7124511146774544,10.454475664614638,0.981207286895954
SINGAPORE,ROTTERDAM,7,11113.87541183668,2.508647108478699,9.136860132577432,1.0385947303722054
ROTTERDAM,RICHARDS BAY,6,11383.595178112953,2.8199798277313066,10.401459877636555,0.518749553899884
SANTOS,RICHARDS BAY,11,9673.12263453929,2.250461876255358,11.020159567955732,1.2168742657658782
SANTOS,RICHARDS BAY,1,4626.350431382487,3.4985244928700086,10.956447550517558,0.4973091464134429
SINGAPORE,NEWCASTLE,1,1737.61800343528,3.3337021214560503,12.063451542847789,1.0565021502746892
ROTTERDAM,DALRYMPLE BAY,2,3710.9805227037773,4.026434820508104,11.183524581335575,0.8611075186705001
ROTTERDAM,SINGAPORE,2,11069.637491583428,4.191908916153548,11.101225832008716,0.8632486489982132
RICHARDS BAY,SANTOS,5,2243.2737469373315,1.9204258809566546,8.20770548085704,1.137173337928857
SINGAPORE,DALRYMPLE BAY,10,11080.886890137994,2.78198363854462,10.377314712036037,0.9104791862020478
ROTTERDAM,NEWCASTLE,1,5469.090073309155,4.076357642711996,11.340596498066917,1.416207050924995
ROTTERDAM,QINGDAO,4,5309.00982333677,1.9556557288055598,8.948082244652124,0.6278091598671648
RICHARDS BAY,SANTOS,4,11696.737587432292,2.634227412269937,11.949526951919776,0.7932080341226864
QINGDAO,SANTOS,5,4953.142362696838,2.0382542075570393,11.632871200664209,0.3402302922967181
NEWCASTLE,QINGDAO,2,11584.69887604534,4.093284419370506,13.658403612241539,1.6839794441282478
NEWCASTLE,ROTTERDAM,12,10371.742393500666,3.6675257274605406,10.495353957491684,0.9498420518799396
NEWCASTLE,RICHARDS BAY,4,6199.783515319561,2.104184782280463,8.886337576933332,0.7469940600358891
SINGAPORE,SANTOS,4,9803.739185716633,2.178863799012384,9.67676206419088,0.015863876484006
DALRYMPLE BAY,NEWCASTLE,2,6913.107330298522,3.7712517596207964,11.062115625187312,1.6846219563206803
RICHARDS BAY,SANTOS,8,11884.388291550518,2.3854580954633375,8.914292837427958,0.1491816028523582
ROTTERDAM,QINGDAO,7,8355.924303054748,1.769790000466203,8.016163804146997,0.5275269824572912
SANTOS,SINGAPORE,10,8662.5744193811,2.171522801227319,8.535207436383361,0.9388091668980751
ROTTERDAM,RICHARDS BAY,9,3159.0166806886127,1.5666445252692527,7.823544611816179,1.1944550534920115
SINGAPORE,RICHARDS BAY,5,6064.418208270814,2.254338426238011,7.942523996310183,0.4027348010141288
DALRYMPLE BAY,ROTTERDAM,12,1507.3895673357245,3.3441280550627455,10.615358505443359,0.7335851132107168
NEWCASTLE,DALRYMPLE BAY,9,10671.44274334901,2.0539785254793905,10.038590428627586,0.5928059299482851
RICHARDS BAY,DALRYMPLE BAY,11,6698.5547666008915,1.8046376996226838,8.226350634361385,0.4842798117299315
DALRYMPLE BAY,SINGAPORE,12,9335.470598898466,4.0891316113686695,11.402606130771986,1.1434281381669722
DALRYMPLE BAY,RICHARDS BAY,9,3338.083536356893,1.6061709207189971,5.912744789259774,0.8613707339166974
ROTTERDAM,RICHARDS BAY,11,2169.3141268228674,1.5863890914831023,8.04218804073226,0.0
NEWCASTLE,SANTOS,12,8204.1326539955,4.1174813630180465,14.046619912572044,1.4993357904760267
NEWCASTLE,QINGDAO,8,6274.509978988362,2.9050351122202622,10.647444508831143,0.38911277063240307
ROTTERDAM,SANTOS,5,8831.708898150764,2.483475116099127,8.616209191854404,0.5902440050704248
DALRYMPLE BAY,SANTOS,6,4653.772641078226,1.843244681891315,6.891325594117431,0.6452259221922583
RICHARDS BAY,SINGAPORE,12,4896.166337189093,3.44542861793358,11.53827840309643,1.240655566613002
ROTTERDAM,RICHARDS BAY,3,5646.45411590748,1.9073939020936337,8.193770062757336,0.29387047881879713
SANTOS,DALRYMPLE BAY,8,8391.831755246198,2.123283052418398,7.812967303101112,0.7872766323966573
SANTOS,ROTTERDAM,1,8732.991703586604,3.9365553350005937,14.342677466728373,1.1448579359555626
SANTOS,RICHARDS BAY,4,6380.910109989973,2.3224208991792312,9.069780484155055,0.10960510889644115
SANTOS,DALRYMPLE BAY,2,9879.72925903773,4.032278261929639,12.220576992689619,1.4171756120833423
SANTOS,RICHARDS BAY,6,9624.690660213106,2.613046055937797,9.383529022228227,0.45497581978722834
ROTTERDAM,DALRYMPLE BAY,2,3497.511986735377,2.9134992163515796,9.645024162413355,1.3006399970082363
QINGDAO,DALRYMPLE BAY,8,4873.0702665072895,2.1244456037743285,5.800462891258988,0.2891386464451111
QINGDAO,ROTTERDAM,9,2761.2380423894133,2.3525484023285776,9.324065943480857,0.23595646006163834
DALRYMPLE BAY,SINGAPORE,4,9913.122997301092,2.1610560392681095,8.052019230778317,0.1336114043940398
RICHARDS BAY,NEWCASTLE,2,7535.715668420131,3.666699020677989,11.513779661326438,1.1463830842784735
RICHARDS BAY,SINGAPORE,12,5617.159809154423,3.537466679229896,10.329984419956732,1.474814231675992
NEWCASTLE,RICHARDS BAY,5,6786.111406377582,1.971158455370231,6.982932069239265,0.8765539585693491
QINGDAO,NEWCASTLE,12,8123.318971143223,3.6475805810359225,10.666311600888557,0.861465179665605
NEWCASTLE,QINGDAO,1,11996.440711640429,4.189576989051797,12.504467819592364,0.6335682381179973
RICHARDS BAY,QINGDAO,9,7815.486685198905,1.7782117898545364,9.731269537137148,0.6253218028316185
QINGDAO,SANTOS,6,3248.5478588610804,1.635825773658696,6.7677927518330785,0.3250115853789087
SINGAPORE,NEWCASTLE,12,6199.60142096191,3.5164437311501735,11.88572392713859,1.0651964551516262
NEWCASTLE,SANTOS,1,4502.110608599789,3.468157705098947,10.307755776238972,0.9304223288897654
QINGDAO,NEWCASTLE,1,3611.767218739098,3.5193309651055023,12.667944965832802,0.6615213939010538
SANTOS,SINGAPORE,9,3623.1749495000486,1.458574585633257,6.1659148517934845,0.0
QINGDAO,NEWCASTLE,3,7376.2746138674875,2.3712140445064427,9.688828406462562,0.3973592820901263
RICHARDS BAY,SINGAPORE,1,4893.881674513339,3.6601276381570402,12.39062816054979,1.638697816841594
RICHARDS BAY,NEWCASTLE,1,10488.22900345724,3.664160031462668,11.319958207086978,1.1219748740295998
SINGAPORE,RICHARDS BAY,7,2506.0839210350928,1.4933486753320107,5.910095852410443,0.0
SANTOS,NEWCASTLE,9,1551.9820776562167,1.6030800196855268,6.492466567520374,0.0
RICHARDS BAY,SINGAPORE,8,5827.35312331965,2.0948155897052283,8.258054721704745,0.3307555486929665
QINGDAO,RICHARDS BAY,6,7323.075754645501,2.257053627240419,8.809690021258227,0.5837100838669798
SANTOS,ROTTERDAM,5,3267.586852375132,2.236553967776419,9.712796180061254,0.08022905037831063
RICHARDS BAY,NEWCASTLE,10,10711.280643717568,2.4327234161843547,9.914381994953818,0.12037410025976042
QINGDAO,DALRYMPLE BAY,9,2154.8226667121558,2.0526778105125487,9.459398508324387,0.4212289412087312
DALRYMPLE BAY,QINGDAO,7,4548.92891317249,2.2968884701357166,7.394850586330329,0.2277332677309455
RICHARDS BAY,QINGDAO,4,11443.841293344563,3.3705506686370805,11.343776634386991,0.503690939804292
SINGAPORE,QINGDAO,8,6588.663023350591,1.6175534692341798,7.193357230967003,0.7144869999139822
QINGDAO,RICHARDS BAY,1,3889.10629864232,3.364856038539369,10.515936516533916,0.9317892461363422
NEWCASTLE,DALRYMPLE BAY,5,8466.974443209892,2.3336545316411383,6.670287173327971,0.9589407801205221
DALRYMPLE BAY,RICHARDS BAY,6,9271.133804745026,2.080616879767358,8.080339385515169,0.8097800165698497
NEWCASTLE,QINGDAO,12,10622.209090011327,3.64877517782924,8.748173585257849,1.2501466678373858
QINGDAO,ROTTERDAM,5,11996.601805346747,2.7927185437499595,9.888892171689456,0.047685809100637244
RICHARDS BAY,NEWCASTLE,12,10014.091409565484,4.303340635833106,11.12647724462551,1.3310033665337155
ROTTERDAM,QINGDAO,9,7196.106026561033,2.248020046770982,8.184177553877719,0.11508627245944453
SANTOS,SINGAPORE,7,3112.4057177860013,1.6132126513893972,6.498793158500836,0.05687859960978969
SANTOS,ROTTERDAM,4,4413.162504353016,1.7327534404363067,8.903580067633168,0.0
DALRYMPLE BAY,NEWCASTLE,5,9115.495662618498,2.45256305745021,8.858308528040133,0.11637627302988185
SINGAPORE,DALRYMPLE BAY,5,2304.5694527007895,1.6785344877705461,7.3174136960094724,0.4350862343311594
NEWCASTLE,RICHARDS BAY,9,4575.401417174797,1.8600019668841752,7.703734270498552,0.32002692016823253
RICHARDS BAY,DALRYMPLE BAY,10,7125.820829725945,1.8100029114243443,6.439885881147576,0.39068962681192454
DALRYMPLE BAY,NEWCASTLE,8,2604.504355858249,2.0778464398046768,7.714242821176129,0.25732542987330753
ROTTERDAM,SANTOS,2,4644.003407697123,3.7269254062073154,9.944185955686677,1.220997838622925
SANTOS,DALRYMPLE BAY,3,9581.895772617472,2.324882797109388,8.078340420277373,0.8818036737128995
ROTTERDAM,NEWCASTLE,12,6003.52069003339,3.374272343062061,8.502298814475907,0.8706812182381958
SANTOS,NEWCASTLE,7,3070.6233424916127,2.123465662383409,7.6188780615719995,0.28768866488582406
NEWCASTLE,ROTTERDAM,10,2442.611584181039,1.791317066906409,7.758409383052862,0.5340923062614243
NEWCASTLE,QINGDAO,11,3940.941507398616,2.1253323336824055,6.4605844699074995,0.0
SINGAPORE,ROTTERDAM,4,6181.492434696473,2.3311979869493724,9.204065124968874,0.5028660638093257
ROTTERDAM,QINGDAO,7,6042.6078502182145,1.9796085716697656,8.62402576963634,0.347464771087799
QINGDAO,NEWCASTLE,7,10058.320789288442,2.277589111518008,8.261826035996524,0.004976347740657361
SINGAPORE,SANTOS,10,10458.826502562828,2.8940504486732186,8.756252053121669,0.45335184927977135
SINGAPORE,ROTTERDAM,11,4081.8500301037284,1.7534767619077771,7.475638517672656,0.2987142331133958
SANTOS,DALRYMPLE BAY,7,11281.310435835592,2.107105645330553,7.809663099209536,0.2507656391468315
QINGDAO,ROTTERDAM,12,1829.8543106856966,3.0873821410543285,10.453324270282463,0.7105226366836881
QINGDAO,SANTOS,1,4441.945938463118,3.2781702355532207,10.50641621725723,0.9377721157988907
RICHARDS BAY,SINGAPORE,12,2839.6455850469274,2.6432172334012844,9.437741006812303,0.8022078471708683
ROTTERDAM,SINGAPORE,6,5887.513823895513,2.3206873743172256,8.65067924601985,0.6734602639542744
DALRYMPLE BAY,RICHARDS BAY,5,6683.027463117389,2.1283336968688116,7.131271228319774,0.6172266213268295
DALRYMPLE BAY,QINGDAO,7,2755.2752002743246,1.6001473737297918,7.245163139287703,0.8050110101772163
QINGDAO,ROTTERDAM,12,6107.41654602694,3.805725727909814,10.841995989013624,1.2364612570664752
SANTOS,DALRYMPLE BAY,11,4828.163641774665,1.8093661046045872,7.398275990928075,0.08033437734587523
RICHARDS BAY,SANTOS,3,11602.234470858224,2.518110754115437,9.581943503487851,0.5137503828705957
SANTOS,ROTTERDAM,7,10733.868914056067,2.6148032054839576,10.18126297669278,0.5006675813801736
DALRYMPLE BAY,QINGDAO,7,4693.692332669468,1.667526651846827,5.736522577927731,0.03245108881352843
NEWCASTLE,ROTTERDAM,10,4560.560913952921,1.9316771687808036,7.236149923351498,0.2760890886639998
ROTTERDAM,DALRYMPLE BAY,6,5010.131902194918,2.164165248969646,9.38813737639149,0.5667072848947126
NEWCASTLE,QINGDAO,3,5951.395155195438,2.1340767913364154,8.31827611844138,0.5203515147722405
RICHARDS BAY,DALRYMPLE BAY,9,10743.870365130075,2.336478591713483,9.216913458230078,0.2980255358183577
DALRYMPLE BAY,SANTOS,3,10730.626346318277,2.4301529076812662,9.269205265841576,0.7610890914640437
ROTTERDAM,QINGDAO,4,7694.780168390262,2.1724480143330083,8.2347258173975,0.7371878074548746
SINGAPORE,SANTOS,2,2283.686334283261,3.160743813353119,10.214812022654229,0.5001535560817485
NEWCASTLE,ROTTERDAM,1,5966.981711555422,3.4087797009943084,9.97695027700143,1.0092431499899361
ROTTERDAM,SANTOS,8,11874.176068413604,3.0076778818737138,12.050031660885747,0.7998909761667439
NEWCASTLE,QINGDAO,6,4178.63301676591,2.0937111729990425,8.46789508484269,0.5496110773360707
ROTTERDAM,SANTOS,2,3028.8530997832836,3.136626979772329,10.271454832498081,0.2651269836978324
RICHARDS BAY,SANTOS,12,7073.8258883164435,3.777033974885623,10.769825410743463,1.000772566128257
SANTOS,DALRYMPLE BAY,6,11811.662711034358,2.6149486943705313,10.373792559313696,0.485449557034654
SANTOS,NEWCASTLE,2,11509.337987703424,4.23866729879405,13.715281299251343,1.8395376398731174
ROTTERDAM,NEWCASTLE,2,9977.602402816581,3.463807538137449,9.830222395379735,0.39498860442573436
RICHARDS BAY,ROTTERDAM,4,6681.028287781997,1.9539924767370425,7.833346201501086,0.2787051379377532
NEWCASTLE,SINGAPORE,10,9205.434843807505,2.350168554796606,8.894630213012734,0.4933065749865878
ROTTERDAM,SINGAPORE,11,6724.8798868760705,2.409336040359934,9.449572778067527,0.9083494219281285
RICHARDS BAY,NEWCASTLE,1,10066.626530804348,3.5824033102649424,11.661613189720457,0.24889630521778594
DALRYMPLE BAY,NEWCASTLE,1,5508.924176128927,3.758914183480884,11.234680997304197,0.6159002179184134
SINGAPORE,DALRYMPLE BAY,2,11999.81612864351,4.234779417858077,12.507685651203595,1.1141166735104824
SINGAPORE,RICHARDS BAY,7,7593.0868706602205,2.3989486152669857,8.088188438088777,0.36776721502142784
NEWCASTLE,SINGAPORE,3,4005.3283051750445,1.9602683805673142,7.67982013777663,0.5012855649523955
QINGDAO,NEWCASTLE,6,5380.390396517956,2.0991457459525056,8.167558698794137,0.17940373989664546
NEWCASTLE,SINGAPORE,7,10742.17815308422,2.630727222868865,9.654362217481424,0.819844231224179
SINGAPORE,DALRYMPLE BAY,1,11456.536020440712,3.95684857358179,10.836346189870131,1.4216973669805033
DALRYMPLE BAY,QINGDAO,10,7648.361785025097,1.6980531460483528,7.666764525948933,0.13400574966413478
QINGDAO,SANTOS,3,2095.1355529349917,1.6337463111557404,5.448232740934026,0.0
ROTTERDAM,DALRYMPLE BAY,1,11434.54564619731,3.531616600661717,10.498327090175433,1.0786041043501826
ROTTERDAM,SINGAPORE,11,8100.965540772086,2.4057071870435016,9.322654844516684,1.047765157546924
QINGDAO,NEWCASTLE,4,9258.110259938096,2.358132117490595,10.175678387370544,0.19814746296279978
SINGAPORE,SANTOS,2,4222.016792196519,3.8829253205864505,11.798657848628984,0.8958459736092935
NEWCASTLE,DALRYMPLE BAY,6,10024.483379666533,2.7080655947585788,7.3036411493793425,0.2743537295958316
ROTTERDAM,DALRYMPLE BAY,12,5869.213773134351,3.221215196016133,11.32808910517083,1.0036062549922498
SANTOS,RICHARDS BAY,5,7503.522040306505,2.6475305040048545,7.4214082266344965,0.7067589376744106
QINGDAO,NEWCASTLE,5,11305.801412087774,2.8088245551305575,8.894577603603457,0.400670090873382
RICHARDS BAY,ROTTERDAM,6,4474.830391339428,1.629510604542643,7.497895534030132,0.23306257347844447
SINGAPORE,QINGDAO,11,11177.39375092362,2.669063333722891,7.962762520378533,0.2907143516174437
DALRYMPLE BAY,SANTOS,2,9698.034645523343,4.257359084425422,11.701615415984625,1.363711275582596
ROTTERDAM,RICHARDS BAY,9,4472.848252412246,2.398714295840507,9.640349336957918,0.8681544601094299
NEWCASTLE,RICHARDS BAY,6,10669.26229864087,2.790397519751039,9.959167067756924,0.7731994786684662
DALRYMPLE BAY,SINGAPORE,1,8106.578243712834,3.6257084884940216,9.384303782016985,1.1078201045534746
SANTOS,NEWCASTLE,3,7554.574649376753,2.1598464844184337,9.141333152892031,0.0
NEWCASTLE,SINGAPORE,2,10623.625001811117,4.546403107052794,13.423211167678962,1.9090464775661384
ROTTERDAM,QINGDAO,6,10453.431274744584,2.7035795196132053,10.180045699514926,0.9656863355819023
RICHARDS BAY,SINGAPORE,9,10059.850313810868,1.7598623476130006,8.55414033181985,0.16667674517180622
SANTOS,DALRYMPLE BAY,6,3191.0502989320207,2.0332902778642388,10.25185231784386,0.05072151040984857
RICHARDS BAY,DALRYMPLE BAY,1,10029.630072538908,3.5885641704893847,11.627903446700428,1.1967653226343313
QINGDAO,NEWCASTLE,3,5725.060981650615,2.2184172297525206,9.037200697117033,0.7429308206237373
ROTTERDAM,QINGDAO,3,10423.120690272866,2.323531674439757,9.244026883805608,0.46883580910571376
SINGAPORE,SANTOS,2,10613.96553103054,4.133612640276994,11.788031390138382,1.058363704463411
SINGAPORE,NEWCASTLE,12,9828.305649043175,4.175918445652583,12.325914139225343,1.366168414817498
SINGAPORE,NEWCASTLE,12,6703.791832316434,3.4157318672630286,10.594901740977862,1.3654829890247702
ROTTERDAM,SANTOS,9,5017.666793615141,2.1714357128919817,8.730857010172778,0.3464542148362126
NEWCASTLE,RICHARDS BAY,4,11794.64345895341,2.5735076797564274,10.086999180179685,0.4263321834671542
DALRYMPLE BAY,SINGAPORE,10,6257.271499106212,2.27049354981409,8.362029857062225,0.5642886899303232
SINGAPORE,ROTTERDAM,10,10299.609458980942,2.6520242644535985,8.799259093324933,0.0
NEWCASTLE,RICHARDS BAY,7,5972.288082688908,2.203240715294653,6.997606295387742,0.6660065680337436
DALRYMPLE BAY,RICHARDS BAY,9,9696.789127328178,3.0704400063357244,11.936531211006603,0.7458946789233959
RICHARDS BAY,ROTTERDAM,4,2081.866012830799,2.0167407423278396,9.099149553686297,0.26921127896615993
NEWCASTLE,SANTOS,3,11899.68402084151,2.5892083216305224,8.95098799296375,0.8248495725528842
RICHARDS BAY,SINGAPORE,3,9052.711804119994,2.64178508846321,9.486415875305909,0.27212211162351924
SINGAPORE,QINGDAO,6,7484.242055094074,2.767411916106278,9.875485613972279,0.5944954724965745
NEWCASTLE,RICHARDS BAY,3,1756.5110975310547,1.86925072441011,6.712586413856307,0.39360499809074967
NEWCASTLE,SANTOS,6,4052.776223855367,1.9697983741527931,8.588971607693953,0.565806695935182
ROTTERDAM,DALRYMPLE BAY,8,3701.874845483983,1.8518886513163082,6.993216539942642,0.8490204483884181
ROTTERDAM,SINGAPORE,10,11316.55835761047,2.5669227804149846,9.737521042985577,0.48561481595752076
DALRYMPLE BAY,RICHARDS BAY,7,9294.123297629429,2.0506980282543745,6.531016018085842,0.4452736842299361
NEWCASTLE,DALRYMPLE BAY,8,6334.065274971972,2.6838333992348486,8.888748945637538,0.2707549326626876
QINGDAO,NEWCASTLE,1,11198.8035900133,3.7712976743112834,11.553427409101813,1.049493223463298
QINGDAO,ROTTERDAM,3,6338.6922698478,2.223664514031309,8.649229116319356,0.4224387714985362
SANTOS,ROTTERDAM,8,2915.5996839605727,1.865185338356264,6.6710401417843554,0.3288440757552922
DALRYMPLE BAY,SINGAPORE,4,10015.35777562267,2.3242377001339394,7.786803374530976,0.44086540096529303
SINGAPORE,NEWCASTLE,8,7142.279797622195,2.292288274234077,9.223106052728037,0.4523331320293224
ROTTERDAM,RICHARDS BAY,1,7331.540331287021,3.6468401456476256,12.329501359897018,0.8280756138138822
NEWCASTLE,DALRYMPLE BAY,6,5430.7331523430885,2.332212956002147,7.739451818766164,0.23871001372738546
SANTOS,DALRYMPLE BAY,7,7667.882035168962,2.1022333705472676,9.298123548990766,1.354056619660175
RICHARDS BAY,SINGAPORE,6,3629.902667620476,1.7349352648203447,7.865447795865931,0.28708629658744905
SANTOS,DALRYMPLE BAY,5,3588.7819765869317,2.0519689978398152,7.873617034454139,0.0
QINGDAO,SANTOS,10,11700.73983350687,2.5585783155363906,9.044383297186819,0.5169087197950413
ROTTERDAM,SINGAPORE,1,2128.613446756334,3.50509671912985,11.065934451017291,1.4254871256480632
RICHARDS BAY,ROTTERDAM,9,5910.140584120256,1.9849659153930412,8.84528757825615,0.7362467839480971
SANTOS,NEWCASTLE,9,11381.078067682207,2.324555818296956,8.5076558561928,0.9467350285600329
DALRYMPLE BAY,QINGDAO,5,2220.4030860630855,1.647813361928256,8.393655221015706,0.21289145545263405
SANTOS,SINGAPORE,12,8231.590297126628,3.9662113635196183,11.157719934860845,1.2234729648549136
NEWCASTLE,ROTTERDAM,2,6006.20493465951,3.6455144729997366,11.856540067653945,0.8579801823417811
DALRYMPLE BAY,NEWCASTLE,5,4908.013292688016,2.1638455217676382,9.34981931406155,0.4655547123328654
ROTTERDAM,NEWCASTLE,3,10075.452731252859,2.2626365156590786,9.35484264317305,0.28369045711849417
DALRYMPLE BAY,NEWCASTLE,10,8971.565981526259,2.4456658156322595,10.155356541236642,1.133587989070051
SINGAPORE,SANTOS,6,10723.005847406952,3.149942444073529,11.400151297443161,1.232742001344065
DALRYMPLE BAY,NEWCASTLE,9,6437.208297189723,1.8623405249557436,6.6033256325109315,1.1660734121673906
QINGDAO,NEWCASTLE,10,5898.60010322104,1.7961591867619708,6.860944474051942,0.39645162048488647
ROTTERDAM,SINGAPORE,12,10121.21771334037,3.89413639995212,11.197836162664128,1.4025593155877942
RICHARDS BAY,SINGAPORE,4,2315.7105574821285,2.0183454455769305,8.315935620318884,0.5256391202721179
NEWCASTLE,DALRYMPLE BAY,10,9777.550984386458,2.1639922562318175,7.743510779082969,0.7302905456987713
SANTOS,ROTTERDAM,8,10180.893675016918,3.112030284182192,8.903089912455492,0.964588003763228
DALRYMPLE BAY,ROTTERDAM,3,2373.80744942232,1.6161789395241086,6.741287666627191,0.21649464290239195
SINGAPORE,QINGDAO,12,2576.1963523585478,3.0232310506956606,10.484712093465165,1.1963450523711274
QINGDAO,RICHARDS BAY,12,4022.418348091339,3.4740708559833036,11.277592621073854,1.2376533527853029
NEWCASTLE,DALRYMPLE BAY,10,4638.112250911017,1.956373661970629,6.385353761808238,0.9827777365637114
NEWCASTLE,SINGAPORE,9,3020.2700914893026,1.9529332253149945,7.225979322477556,0.3562368925146549
SINGAPORE,DALRYMPLE BAY,3,5251.267921449122,1.8772815752297287,7.336256486756852,0.017612056428824963
DALRYMPLE BAY,ROTTERDAM,10,2948.5430186277486,1.4493457474391709,5.363055251861229,0.3527487073718551
SINGAPORE,DALRYMPLE BAY,3,4469.599587264938,2.0795710402369654,7.106389650625185,0.44745001388361183
SINGAPORE,RICHARDS BAY,1,1504.4927927863941,2.9054288020034047,11.303862690964968,0.6776148343676162
RICHARDS BAY,DALRYMPLE BAY,2,6983.884981674981,3.549948715510132,10.54888951163359,1.0741514087369828
QINGDAO,DALRYMPLE BAY,3,10349.445756969977,2.69126570007137,10.04328175257315,0.5871397316781418
SINGAPORE,ROTTERDAM,7,4614.212419341983,2.1467680850109763,8.071883764459896,0.6637695015701405
ROTTERDAM,DALRYMPLE BAY,9,1749.5106995723331,1.0183263414236463,5.065731384523838,0.0
NEWCASTLE,QINGDAO,1,2966.794466387304,3.8394659797042077,11.32560707195929,0.9119016317674508
RICHARDS BAY,SANTOS,10,4184.985105958867,2.22455555243612,9.730905144995615,0.9715038236397671
SINGAPORE,RICHARDS BAY,12,8400.148523032309,4.001718317125336,13.961810189976916,1.2151331003207255
NEWCASTLE,DALRYMPLE BAY,12,9474.347705359598,3.5830930118041513,11.296907456434264,1.1917204607189134
SANTOS,QINGDAO,9,3323.2584824190053,1.4208505207527558,6.438560739259918,0.5884340789423907
QINGDAO,SINGAPORE,10,11020.518704272898,2.879321325924254,9.770099893347469,1.0205480459895202
QINGDAO,SINGAPORE,7,2655.0802205193877,1.8315719382955673,4.914834529273321,0.7974341885353802
DALRYMPLE BAY,RICHARDS BAY,11,3831.467514535818,1.7100748126523622,6.867271521493036,0.22513266921127023
DALRYMPLE BAY,ROTTERDAM,7,11662.60924566801,2.8494415886219877,9.605788907078274,0.3731820214225343
SINGAPORE,QINGDAO,6,3894.0272805626923,1.1850093465576097,5.140922267587474,0.37802988844995405
ROTTERDAM,NEWCASTLE,10,8061.962653479732,1.9816627002722829,7.238942819778644,0.63542930892374
SINGAPORE,RICHARDS BAY,4,7304.069642898998,2.670571585796772,8.062473993668384,0.15294995538275008
NEWCASTLE,ROTTERDAM,8,10966.52219436985,2.8438369935942003,10.738532384103799,0.9626005178511021
SINGAPORE,SANTOS,9,3092.6276424647,1.433777295257965,6.239954414421728,0.35967831990869414
DALRYMPLE BAY,ROTTERDAM,2,7945.645966133691,3.5439126364465174,10.284970418299343,1.1316862095141
RICHARDS BAY,QINGDAO,6,2224.648790492346,1.7074850101444576,6.6901329298564365,0.5060909597160389
NEWCASTLE,QINGDAO,12,5807.691963375037,3.6727344867191514,11.254569976115695,1.282632655045679
RICHARDS BAY,ROTTERDAM,9,11504.495977092427,2.4525248494365015,9.81786007870024,0.6470147529232286
NEWCASTLE,DALRYMPLE BAY,4,3096.828740660493,1.612116965761667,5.858886266738184,0.22615054963723646
SANTOS,SINGAPORE,6,7044.214777195565,2.224242082897504,8.625818596054831,0.15735323633752224
SINGAPORE,ROTTERDAM,4,6043.948522504641,2.6067223350084783,7.574223993239042,0.19920417103356458
SANTOS,DALRYMPLE BAY,2,1919.3391365614605,3.0720263296215338,9.841974716760696,0.601561483075016
DALRYMPLE BAY,NEWCASTLE,10,10797.869645422936,2.940834332199357,10.174957525683066,0.8872234505271193
NEWCASTLE,SANTOS,6,4457.576086091283,2.1373968544774957,7.708242034727883,0.39529166658088793
QINGDAO,RICHARDS BAY,4,6166.374937866729,1.8207902144278831,6.652056052444198,0.9037745010728608
NEWCASTLE,QINGDAO,5,1531.9909061940182,1.8489415499409063,7.690681215647011,0.3197351371799508
ROTTERDAM,DALRYMPLE BAY,12,8257.556620540343,4.014799258292188,13.194561683994277,1.393158412201233
RICHARDS BAY,NEWCASTLE,2,7245.063459162487,3.673410129622285,11.971756649776175,0.7463454587213105
NEWCASTLE,SANTOS,7,5831.086166727206,2.1180941673638807,7.924765090563974,0.0
SANTOS,NEWCASTLE,3,2780.576666328017,2.1253943962819943,8.211517174104213,0.5154344533259675
SANTOS,RICHARDS BAY,1,9528.166443493856,3.5094827117749614,11.603102524605136,0.7470076683454931
DALRYMPLE BAY,QINGDAO,2,9196.756655952868,3.610327666751381,9.253891272177345,1.0185276055858796
NEWCASTLE,ROTTERDAM,3,5755.173105519456,2.0589009357386803,6.387902568683282,0.3618045330790282
DALRYMPLE BAY,NEWCASTLE,5,3179.3420454578627,1.7867085687294464,7.267682755326808,0.9087912250158597
NEWCASTLE,SANTOS,9,3634.0171846061958,1.9179860453636806,7.241430733289573,0.23710437494977918
SINGAPORE,QINGDAO,9,4356.836621877687,1.777443328141589,5.688075569668477,0.1983044940053913
RICHARDS BAY,QINGDAO,12,4485.632775259602,3.434314114567433,12.597320004044569,1.0283100528766909
NEWCASTLE,RICHARDS BAY,10,1837.6414587319064,1.5771943856783455,5.971209981136909,0.3023490167174193
SANTOS,ROTTERDAM,3,2859.146448829456,2.1303125556271354,7.358203879980337,0.09022582419704966
SANTOS,QINGDAO,6,5442.677566014602,2.558796459563513,9.37195818798396,0.8997744977899687
ROTTERDAM,SINGAPORE,3,2125.1236174989363,1.7608156443951406,7.213849470160015,0.09341336772978887
NEWCASTLE,DALRYMPLE BAY,7,5279.3354134799865,1.9386972834429934,7.7083285505732375,0.5974407204450005
NEWCASTLE,SINGAPORE,2,7341.349784380816,3.6967879225861564,11.439859404232454,1.0379043232311265
DALRYMPLE BAY,NEWCASTLE,7,3658.6666636697014,1.801314379949476,6.503039596485921,0.031038270744697394
NEWCASTLE,DALRYMPLE BAY,2,8886.115021658134,4.370532105739272,13.587751510055037,1.4302485689796571
NEWCASTLE,RICHARDS BAY,2,1630.579636721409,3.6850501040952803,10.164886091231825,1.3607798070588366
NEWCASTLE,SANTOS,11,4557.7601309065,2.477469075978846,8.012184538435724,0.5536797304614978
NEWCASTLE,QINGDAO,10,10414.43238614434,2.5308134541962786,7.579720185294727,0.5735375476267048
QINGDAO,ROTTERDAM,4,3170.177124128763,1.9468214753869497,6.875921523821694,0.3612405709063076
QINGDAO,ROTTERDAM,1,5053.489898754131,3.6430964756160487,10.207001842939825,0.952180581739059
NEWCASTLE,SINGAPORE,5,7029.230194913049,1.8715484178169537,8.371561717828154,0.2808708219140067
DALRYMPLE BAY,ROTTERDAM,9,4442.985212982838,2.3014347135438546,9.92416195763524,0.8313137459420533
NEWCASTLE,ROTTERDAM,7,2973.365438536476,2.185858515069077,7.799313600474216,0.7185482266946777
SANTOS,SINGAPORE,9,8656.054012544037,2.330665104344425,9.464040396388832,0.44394927391972805
ROTTERDAM,QINGDAO,2,3486.6369515430993,3.413833230693689,10.39426453576035,1.5294866544619143
ROTTERDAM,SANTOS,4,7992.8276941447775,2.550279447778157,7.880847917647264,0.6523766588213169
SINGAPORE,SANTOS,9,6568.898774233755,1.78670486254611,5.675023342255123,0.4541226969340877
QINGDAO,RICHARDS BAY,3,11326.428105907291,2.164378703576679,9.09870655652477,0.5019166537307816
SANTOS,DALRYMPLE BAY,12,4271.957327213724,3.318385920059828,10.81141766440003,0.9677037685065439
RICHARDS BAY,SANTOS,7,6189.9973275235625,1.8359422204796587,7.29240862234414,0.16445931069843653
DALRYMPLE BAY,ROTTERDAM,4,7409.8100949311565,2.092156410259661,9.087158811301252,0.2918617203224
QINGDAO,SANTOS,5,8452.358102979024,2.090028153986453,8.850783120840239,0.962541506131311
DALRYMPLE BAY,QINGDAO,6,6848.989788310608,2.268674395214267,7.883552130524791,0.291431972736582
SINGAPORE,DALRYMPLE BAY,1,11687.022961074383,4.751247762227874,13.557312012864926,1.0488098320039116
RICHARDS BAY,SANTOS,9,10806.325705779627,2.5154926429322098,10.130106322415298,0.31348738278788296
SANTOS,SINGAPORE,3,5725.559679126276,1.950575406517839,9.463912563279138,0.0
SANTOS,DALRYMPLE BAY,4,4578.286532822078,1.8501362541413875,7.978697578633146,0.164693136364554
DALRYMPLE BAY,QINGDAO,7,3408.6885358987633,2.1602404521120513,8.652196986085418,0.2605837355573951
ROTTERDAM,DALRYMPLE BAY,10,9033.61269810252,2.5303777550839133,9.437744780933516,0.13662386154533301
ROTTERDAM,SINGAPORE,1,6746.794492756463,3.7943611294075916,11.66131458305828,1.1837182562094923
SANTOS,QINGDAO,9,8576.181046884762,2.8716655714176706,9.413353678034992,0.5183526571413795
DALRYMPLE BAY,RICHARDS BAY,7,5182.226350548581,1.6957488655518405,7.289777853998721,0.19466112915989559
RICHARDS BAY,NEWCASTLE,3,5044.156687377324,2.0800956621357423,7.445114534686335,0.18607883067183226
NEWCASTLE,QINGDAO,9,8165.529511580014,2.1060716083719684,7.681293247302934,0.6167595595653863
SINGAPORE,SANTOS,4,2732.125355717073,2.162512593153193,9.369483060141109,0.8133739940690224
NEWCASTLE,SINGAPORE,3,2317.1282430921588,1.5580364095460393,5.984725173033443,0.7628167378433979
SANTOS,SINGAPORE,5,8134.321181556398,1.9298159034691322,9.025352064715987,0.0
SANTOS,SINGAPORE,2,3846.23384068721,3.164183010818214,11.672761842667585,0.9758803317874829
RICHARDS BAY,QINGDAO,9,7115.6435729081695,1.7873622403283966,8.52863277797637,0.49426037574044723
ROTTERDAM,QINGDAO,3,2526.1669266670947,1.953228678758299,8.200131836647444,0.33633325696088323
QINGDAO,SANTOS,7,8961.875166916285,2.302713988600991,9.207264319335646,0.5819619733375658
SINGAPORE,RICHARDS BAY,6,5038.822996583781,1.7544564046364681,7.4799785463878035,0.2055194571071168
RICHARDS BAY,QINGDAO,6,8652.171609781413,2.141646766061102,6.874279446065444,0.6695143821567141
SANTOS,SINGAPORE,10,10363.814376272438,2.04615483497274,8.475192622649022,0.022634577676242218
ROTTERDAM,DALRYMPLE BAY,2,2043.7699881780918,3.0142434979486237,9.998677533236316,0.5545152428008363
SANTOS,RICHARDS BAY,1,6173.601222480736,3.618246612418447,11.742794830605616,0.9882594348649908
SANTOS,QINGDAO,11,2517.5262647547133,1.8177598279590497,9.237065140303638,0.4974714608034094
ROTTERDAM,SINGAPORE,11,2110.6648013462445,1.6525400134562254,7.496569821280665,0.06823299689424173
RICHARDS BAY,SINGAPORE,8,5630.387904103724,2.6731795281660418,9.313523736140876,0.7890871722969175
NEWCASTLE,QINGDAO,4,2748.36169790442,1.3595398290655276,5.863342231089972,0.2776230095142077
RICHARDS BAY,QINGDAO,2,10153.137582672889,3.9117232736545833,10.678760062825134,1.0027058426961055
SINGAPORE,QINGDAO,4,9698.789832629847,1.8835821133741764,7.074900597907233,0.18996420872383257
DALRYMPLE BAY,RICHARDS BAY,12,4449.890247708475,3.552281448823431,11.849389232515385,0.7640190783475636
RICHARDS BAY,SANTOS,12,8199.245753711983,3.548729368060931,13.646240022727453,0.7429834791036074
RICHARDS BAY,NEWCASTLE,3,3578.5549547670303,2.610130484334571,9.293285194284154,0.0
DALRYMPLE BAY,ROTTERDAM,5,7652.1444911846165,2.6259927183471143,9.351945556517256,1.039756767841815
ROTTERDAM,DALRYMPLE BAY,11,3581.4987589153034,2.0160945960100367,8.092082668399543,0.5960473480790317
NEWCASTLE,QINGDAO,12,5227.329466869326,3.0757690784856293,10.638825623862719,1.3299988234440745
ROTTERDAM,QINGDAO,11,5406.965115993201,2.022562772646364,7.720170820073028,0.7936557539895468
RICHARDS BAY,SANTOS,10,3960.052102780418,1.7543649930071987,7.626399610717817,0.45851020993045855
DALRYMPLE BAY,NEWCASTLE,8,7925.184179143644,2.2672232447101117,8.79697600656832,0.6401743189860162
ROTTERDAM,RICHARDS BAY,7,1750.9432505942286,1.5480184535404067,5.749994114643353,0.6066539546966347
DALRYMPLE BAY,QINGDAO,6,11442.194125396778,2.7613658115216957,10.849194873168804,0.9104520345657855
SINGAPORE,NEWCASTLE,2,9131.861877463743,4.049038623014069,12.178412351267946,1.0564292006060063
SANTOS,NEWCASTLE,12,8772.606725690108,4.0490252596057585,14.489673265417204,1.1804787169462045
NEWCASTLE,RICHARDS BAY,2,9193.539543378398,4.160145266986928,9.37287746798618,1.204031091158045
QINGDAO,NEWCASTLE,8,6069.040575517747,2.0957549656374685,8.691874139128734,0.8666570550133872
RICHARDS BAY,DALRYMPLE BAY,1,6512.609993789929,3.5661982849521494,11.700558701823834,1.029072999172971
QINGDAO,ROTTERDAM,9,5286.386127851242,2.4331742310384668,7.832273864430549,0.5723965134035228
QINGDAO,RICHARDS BAY,7,8295.088109575228,2.2046535349273397,8.750244213453948,0.0
SINGAPORE,ROTTERDAM,2,10508.54195079957,4.190765072235724,12.09428907989668,1.8546161111536437
ROTTERDAM,SINGAPORE,4,6559.741440523057,2.4288788591607973,9.461696149002208,0.0
RICHARDS BAY,ROTTERDAM,9,3066.8821636906837,1.6701159334642506,6.693202078911546,0.4542720528148192
RICHARDS BAY,DALRYMPLE BAY,10,5788.299210307923,2.3010988696049255,7.874599406442381,0.6351919344654504
QINGDAO,DALRYMPLE BAY,4,4721.056605222642,1.8898456748774342,8.11561482199537,0.0
DALRYMPLE BAY,RICHARDS BAY,4,4620.967836559599,1.6628479988821767,6.70017436538602,0.25910686469276467
NEWCASTLE,RICHARDS BAY,4,10152.66904747422,2.7351386840359324,9.711052261212883,0.10022501253412186
SINGAPORE,SANTOS,9,4320.382537191817,1.248365367756881,5.552362946155991,0.35974049546527137
DALRYMPLE BAY,NEWCASTLE,7,8001.469247200193,2.9306787891743284,11.737395104173284,1.3904972129634097
SINGAPORE,SANTOS,10,8651.93721017445,2.034832749669597,7.785729005308531,0.17245490599413654
DALRYMPLE BAY,ROTTERDAM,7,1643.7462312632563,1.7796634941103011,6.542336360717127,0.6277958504276469
DALRYMPLE BAY,SINGAPORE,9,10244.622750995099,2.5477307925442765,9.035085738977978,0.5082022527731975
QINGDAO,ROTTERDAM,1,3150.4429024768924,3.157667125157084,10.800433558746526,0.6009249563931346
SINGAPORE,SANTOS,2,9473.409424663287,3.5359393348836363,12.728245641186417,1.2927849642997586
QINGDAO,ROTTERDAM,7,3150.3774315251203,1.6028610615818117,7.154354334161883,0.5009785471449067
SINGAPORE,ROTTERDAM,9,3682.4393227312517,1.6438248381038891,8.122309652284095,0.3209107352543643
SINGAPORE,ROTTERDAM,1,4168.587218023011,3.4541419032647585,9.542913642675261,0.49299932375648386
SANTOS,QINGDAO,2,10700.749083586794,3.951522011914898,12.20156578517854,1.554289190380444
NEWCASTLE,RICHARDS BAY,2,9569.760373565667,4.240267440725741,11.226492017123553,1.341601688305377
SINGAPORE,NEWCASTLE,11,2888.056165930552,1.4972485553481416,7.184142632359507,0.5349499831604199
QINGDAO,SINGAPORE,5,1894.9816576567528,1.6904050494153664,8.016711343675599,0.14092056861216187
NEWCASTLE,ROTTERDAM,10,11188.69228599193,2.785461469965779,10.090215795785927,0.8711199161565293
SINGAPORE,QINGDAO,3,6266.719130544024,1.5947931664171762,5.649425422574074,0.15625025703660717
SANTOS,DALRYMPLE BAY,9,8309.007845430693,2.009915197059349,8.31859767908953,0.5611981169848677
SANTOS,QINGDAO,9,10299.34416279728,2.491449954837332,9.305735345107255,0.6614095271531033
ROTTERDAM,RICHARDS BAY,6,8012.397559638097,2.186071354252485,8.661808020619349,0.5997485848503294
RICHARDS BAY,ROTTERDAM,7,9121.874904523078,2.043508751647048,7.88985883065121,0.8092336648949848
ROTTERDAM,SINGAPORE,5,9648.463646723956,2.181444011692931,10.091708804352251,0.12057267088184237
RICHARDS BAY,SINGAPORE,12,6758.3940981407495,3.4418756172352287,8.811734011981994,1.0031186429474728
RICHARDS BAY,SANTOS,1,11167.925509728479,3.7752445519547337,10.725036016311854,0.991671791323672
NEWCASTLE,SANTOS,12,4362.954099435552,3.302468273889989,11.004752434175668,1.0466837555403001
ROTTERDAM,NEWCASTLE,8,7833.053299117713,2.455826606639163,7.978067142576615,0.3620507529046404
NEWCASTLE,ROTTERDAM,12,3217.6365156930315,3.4634278104193186,9.478025848124187,0.9170723305918695
NEWCASTLE,RICHARDS BAY,11,6355.269220447784,1.9362461237661055,7.418750165256406,0.3412697756357044
NEWCASTLE,QINGDAO,8,3614.0468844467887,1.8796210673904081,6.558142037936724,0.4343362473430379
SINGAPORE,NEWCASTLE,6,7057.947923052356,1.7355791932956315,7.31840917274544,0.5126653547627739
RICHARDS BAY,SINGAPORE,6,2580.5444686228216,1.8758322385517752,6.236390997409487,0.5231693923707366
DALRYMPLE BAY,SANTOS,7,1561.0199691153105,1.4763714405193764,7.312335586582927,0.9197510413208274
SINGAPORE,DALRYMPLE BAY,1,8960.701807556861,3.8968768090794264,13.231372530498264,1.2208841004255246
DALRYMPLE BAY,QINGDAO,6,7774.1870437831385,2.197324800038022,9.119104077741493,0.3450143166123323
SANTOS,DALRYMPLE BAY,4,8041.966597054414,2.4589983349622972,8.828312403732747,0.5155916637870638
ROTTERDAM,NEWCASTLE,10,1757.8379881958215,2.2798885397287956,9.095476228759958,0.5564550581816476
QINGDAO,NEWCASTLE,6,8766.293093865697,2.8406857625795596,10.582748960568555,0.6715059074853111
DALRYMPLE BAY,SANTOS,2,5933.0779152865525,3.382077105268844,9.667562553873127,1.175787306251698
DALRYMPLE BAY,QINGDAO,3,5454.1378224442715,2.0389064442964853,10.454815594298546,0.7192454225310079
NEWCASTLE,ROTTERDAM,3,11845.48811227954,2.5487832537597503,7.050462740971289,0.7679140209401666
ROTTERDAM,SINGAPORE,2,6770.665257737725,4.039899233754701,12.05090706185478,0.950564067446616
ROTTERDAM,NEWCASTLE,3,7771.130572860047,2.155587506947842,8.715692702130445,0.32840516052787566
ROTTERDAM,NEWCASTLE,10,7085.880696328037,1.8676181221204557,8.107260485443279,0.6046471772459845
QINGDAO,RICHARDS BAY,4,7763.5189520748145,2.0034384136972525,7.772485606185434,0.7796494393952863
DALRYMPLE BAY,QINGDAO,3,10382.49059448675,2.525074981596913,10.343977806718208,1.007945337787076
DALRYMPLE BAY,QINGDAO,3,3152.810622897261,1.7148128256621464,7.623551107852318,0.616087653364299
NEWCASTLE,QINGDAO,11,5770.881469996469,2.1179556843456546,8.320960590888003,0.5437594307354605
QINGDAO,SANTOS,9,7626.635006964996,2.579980484541268,9.099829587913062,0.08116243126209133
QINGDAO,ROTTERDAM,8,3333.3049015318406,1.7169870258181947,6.5645903031811,0.4791751182404229
DALRYMPLE BAY,SANTOS,5,6473.98086016438,2.4096019119210985,9.499568745534651,0.6492229473728289
RICHARDS BAY,SANTOS,1,8893.991689436254,3.51967716286605,9.822837674932,1.1171371421605352
RICHARDS BAY,SINGAPORE,7,8568.417986350492,2.7417219411936307,10.225566564990771,0.663582039726043
NEWCASTLE,ROTTERDAM,6,3815.1677300757988,1.1911969832985625,6.893070109254378,0.7499434790331767
RICHARDS BAY,SANTOS,7,2955.1165226988687,1.5319868083161576,7.406092139990841,0.9797424973343583
NEWCASTLE,QINGDAO,8,7539.027019661267,1.8371921632288684,7.149402287541448,0.541410574284454
QINGDAO,NEWCASTLE,9,9544.648139964745,2.5591560718578945,9.820724303719302,0.42773606815172227
DALRYMPLE BAY,NEWCASTLE,10,6658.155521202223,2.0420360405824125,8.541434035521304,0.5624117157760523
QINGDAO,SINGAPORE,8,2167.8709383774844,1.5798489457600227,7.824798586741283,0.5274897926247608
DALRYMPLE BAY,ROTTERDAM,10,11445.592810132333,3.051916774575932,11.94098503547391,0.2169126345957778
RICHARDS BAY,DALRYMPLE BAY,2,7028.138454196898,3.825957035893258,12.686035825750348,0.9107439571212329
SINGAPORE,ROTTERDAM,6,6294.540573384822,1.9446775030425625,7.556978364252963,0.4563755243244121
DALRYMPLE BAY,ROTTERDAM,7,4955.279737648541,2.411655073951951,8.51132193224254,0.4781291427453486
SINGAPORE,SANTOS,6,3398.2812493285396,2.159255880125055,8.166410740100645,0.41422278970939086
DALRYMPLE BAY,RICHARDS BAY,8,3562.4744239875386,2.1496968617772665,9.563525629823193,0.6673192369399077
SANTOS,RICHARDS BAY,7,11641.870857192762,2.6367487390346795,9.989871064222147,0.6213977692014414
SANTOS,QINGDAO,5,8334.3079268855,2.465695434373149,7.748360909511074,0.601451182720317
ROTTERDAM,RICHARDS BAY,11,5111.550758992311,2.2771307442644795,7.089579875108319,0.46285477914265005
SANTOS,QINGDAO,10,1646.405003795299,1.1729180006308222,6.072869500888746,0.3590640722359918
NEWCASTLE,RICHARDS BAY,4,6283.939384675429,2.253568903617259,8.601212524776363,0.6801291853075206
RICHARDS BAY,NEWCASTLE,5,1989.8747783873225,1.89588955698742,8.73747272303483,0.0
QINGDAO,SANTOS,4,7795.042376756513,2.33604336573827,8.498599633677653,0.7081295714249752
NEWCASTLE,ROTTERDAM,8,4462.677175211237,1.944442399738385,5.801959849460371,0.4970089698817326
ROTTERDAM,SANTOS,4,5718.711069134336,1.6771122440046944,7.679941657196213,0.3950894880947202
SINGAPORE,QINGDAO,11,8069.815992760909,2.113733618667415,8.015206988331412,0.6365677801403584
SANTOS,RICHARDS BAY,9,11933.405770016083,2.9897535343414363,10.394307942328867,1.2868940012426042
NEWCASTLE,QINGDAO,12,5257.986217095877,3.9409421463662704,12.846508356947567,0.7118844342611276
DALRYMPLE BAY,ROTTERDAM,2,3107.9874257596894,3.4444181440878774,11.982245923300788,0.9248719903317121
NEWCASTLE,SINGAPORE,12,10953.271748886915,3.904615157227246,10.284649376058733,1.1571737666005495
DALRYMPLE BAY,NEWCASTLE,9,9466.676556847118,2.5912087244057775,10.21757383088801,1.2711234848130337
QINGDAO,RICHARDS BAY,5,3883.5576153617776,1.973494325082769,9.86566534807263,0.7897533612452377
RICHARDS BAY,NEWCASTLE,5,5904.7746100912345,2.1407799759893287,6.442741018515905,0.5202232124184182
SANTOS,ROTTERDAM,11,7050.461636215114,1.7044594129719464,6.503797633830274,0.18563083524814292
DALRYMPLE BAY,RICHARDS BAY,8,7647.639553495389,2.0708921379330345,8.993368130210326,0.8521369245895742
ROTTERDAM,SANTOS,9,1771.1419723138952,1.749369059661751,8.645532281433397,0.2479255143382441
NEWCASTLE,QINGDAO,12,7472.1081599251565,3.1977825228390104,10.032715825985324,1.207164887182039
ROTTERDAM,RICHARDS BAY,8,8770.557885255015,2.9390935090397825,9.238179821667249,0.18317099921746305
SANTOS,RICHARDS BAY,2,10460.12748681322,4.13520402246916,11.469487709041548,1.2967460690760957
SANTOS,QINGDAO,8,6367.9127485416375,1.9768298989067412,7.579827763653673,1.2804723365021766
NEWCASTLE,RICHARDS BAY,5,8395.161032167509,2.2906803267802336,10.432447317969334,0.6242937872232744
RICHARDS BAY,SANTOS,4,6150.965626451906,2.235098583664516,9.0856255825178,0.6443068676232655
RICHARDS BAY,SINGAPORE,6,4467.5795926145265,1.4358672830258086,6.003918249813524,0.3599538342675175
NEWCASTLE,SINGAPORE,12,9987.905102638746,3.7438090680180074,13.438973304671649,1.0646591829541685
SANTOS,ROTTERDAM,2,5786.287685355403,3.871095575648877,11.796516223625808,1.3551728680515815
ROTTERDAM,RICHARDS BAY,10,6786.564723651465,2.3292100249296785,9.477336649753948,0.7069418479196955
SANTOS,ROTTERDAM,5,8684.229519938946,2.972695489928746,9.170751546107672,0.9837127574440481
ROTTERDAM,DALRYMPLE BAY,4,4226.15994442856,1.4897849245843402,8.139272867575256,0.8328346833805549
QINGDAO,SINGAPORE,7,11142.489866092294,2.7695092302049367,8.285248577067215,0.262606965067443
SANTOS,SINGAPORE,7,3623.6820675029107,1.9941186066783312,6.532582095123449,0.3357624865524119
NEWCASTLE,SINGAPORE,6,8728.18338090985,1.6831894030572574,7.046138147363408,0.5192294489204113
RICHARDS BAY,SINGAPORE,1,5122.205004266794,3.2023715407731483,10.300249155363272,0.7173897756645047
QINGDAO,DALRYMPLE BAY,9,6960.5108409466575,2.1136100520322856,8.256876144772928,0.627862041278237
RICHARDS BAY,ROTTERDAM,4,4951.542608085572,1.8859596832117704,9.269875730002115,1.2025569635603066
DALRYMPLE BAY,RICHARDS BAY,9,5092.755339018594,2.21512272204342,8.748935897059898,0.9045415584032624
SINGAPORE,DALRYMPLE BAY,9,5488.567545473103,2.253482450990295,8.320298282602916,1.0010659134159656
SINGAPORE,ROTTERDAM,8,3146.839822716782,1.7610435386416263,7.506714576221072,0.11859157088120431
QINGDAO,ROTTERDAM,10,5970.345982636657,2.1127016297828463,8.232779271150598,0.9539546815547726
RICHARDS BAY,NEWCASTLE,5,5796.759603782868,2.723338748300198,8.678529227205079,0.0
QINGDAO,SINGAPORE,1,11661.627654637348,3.551283777279619,12.298519780640369,0.43993660459659645
QINGDAO,NEWCASTLE,11,4488.6846688134365,1.8094444479809235,8.031679881015028,0.6658395140983815
QINGDAO,SANTOS,3,7071.4750607931965,2.817627839423082,9.392682297289285,0.5548481960106785
DALRYMPLE BAY,QINGDAO,2,11959.731321458212,4.251984521089976,14.61330450548641,1.4765083946586761
RICHARDS BAY,NEWCASTLE,2,11450.056293206924,4.056632822636163,13.279337178103626,0.9255635008704517
QINGDAO,DALRYMPLE BAY,6,8540.63426794093,2.3088371149315163,9.48178398277589,0.7263705016234561
ROTTERDAM,NEWCASTLE,6,2185.207511838646,1.8011203518622132,9.74765899135043,0.20113635377344644
SANTOS,RICHARDS BAY,4,4530.089323848254,1.9356006086582203,7.094739805622216,0.3793854349535504
DALRYMPLE BAY,NEWCASTLE,8,2035.0902706248037,1.5524959513025773,8.803985104205866,0.013530992533615671
RICHARDS BAY,ROTTERDAM,11,8924.566352671314,2.2950496805009317,7.347325474881891,0.24484255510110012
SINGAPORE,NEWCASTLE,8,11193.335303765429,2.8822033023807117,9.865615492443963,1.1138212676218637
RICHARDS BAY,ROTTERDAM,3,7075.450873365138,2.3760774014850297,10.502449275588031,0.5366222505672161
RICHARDS BAY,SINGAPORE,6,7055.522210699216,1.657672603501639,7.576730132850258,0.7784641266427257
ROTTERDAM,DALRYMPLE BAY,5,6423.924000581953,2.4117925101346405,9.69378401458581,0.1587837961175066
RICHARDS BAY,NEWCASTLE,12,3993.736268635856,3.7301225591816976,12.759508560351962,0.5629389209992539
NEWCASTLE,DALRYMPLE BAY,8,3693.3459311469833,2.1316572665202553,7.959130550448452,0.7185754437253483
QINGDAO,SANTOS,8,10846.753844867335,3.254908047521183,9.617930342268119,0.939011970711113
DALRYMPLE BAY,SANTOS,2,10098.517380891251,3.84643981126582,13.433548805866465,1.285114512583893
RICHARDS BAY,QINGDAO,2,4479.761400594938,3.199914789541457,9.560388184545936,1.5360553207594128
SANTOS,RICHARDS BAY,12,11165.86123039616,4.1068618039683455,12.173754518785357,1.130343429521426
RICHARDS BAY,QINGDAO,9,3171.892136338173,2.485057608526088,10.30188038738954,1.1591441275959489
RICHARDS BAY,SINGAPORE,4,11029.088677198884,2.8187581533017014,10.122446860221878,0.1487168389888579
DALRYMPLE BAY,NEWCASTLE,7,11199.74606921051,2.6968377888424557,9.297332966493972,0.561286732508667
ROTTERDAM,SINGAPORE,11,9878.263022860707,2.847975308579089,9.968883444719276,0.5800863639874475
ROTTERDAM,DALRYMPLE BAY,7,10993.598709580923,2.5340895970039687,8.975812833082557,0.18946200638254757
DALRYMPLE BAY,SINGAPORE,11,8916.020954798936,2.2523920858216613,8.499145478902012,0.8781239072349731
QINGDAO,DALRYMPLE BAY,3,2860.2863109543227,1.8313669506914334,8.252514319396711,0.2330413286109434
RICHARDS BAY,ROTTERDAM,3,3801.0322647235057,2.1451168340725792,8.536879402973543,1.4450708478977483
RICHARDS BAY,SINGAPORE,1,11867.515437800686,4.215202853027078,12.440610558159815,1.6548782304171956
NEWCASTLE,DALRYMPLE BAY,10,2938.717711101813,1.6036062410417113,8.237344938738168,0.0
SINGAPORE,ROTTERDAM,11,8187.344180864282,2.20240254346162,8.296099118465476,0.8659229719065067
SANTOS,QINGDAO,2,9984.552303262933,4.413164194061604,13.371540171501213,1.3745211879296857
RICHARDS BAY,SANTOS,3,5925.237440213915,2.189310309568027,8.25142829697927,0.37718012345157265
NEWCASTLE,SINGAPORE,5,6660.030456409636,2.2478223657664076,9.846551166269881,0.6627255338416268
DALRYMPLE BAY,QINGDAO,7,9056.7409392308,2.5174251855084395,8.815971921940394,0.7287067737854263
SINGAPORE,NEWCASTLE,5,3330.486679703729,1.897162600196035,6.481862554768025,0.7308719857794875
ROTTERDAM,QINGDAO,8,1989.0532254043999,1.8473390436019343,6.891831496249925,0.46249785097278384
SINGAPORE,SANTOS,10,3051.849415861949,1.9007429140537828,7.244012029159035,0.06536224793501749
RICHARDS BAY,DALRYMPLE BAY,9,9967.949393370507,2.4282107619856417,8.054580811152611,0.34276182894147333
SINGAPORE,ROTTERDAM,9,7392.103145438813,1.9147761069402438,6.1568550205324355,0.37225339665966606
NEWCASTLE,ROTTERDAM,9,9327.170539452558,3.2690180707029763,11.423938643803458,0.9815074537975484
SANTOS,NEWCASTLE,1,5470.132577464993,3.32250705161456,9.667371976193698,1.272542965474032
DALRYMPLE BAY,ROTTERDAM,9,10802.638841871078,2.8736842906371898,9.167702219721102,0.6302685777527954
ROTTERDAM,DALRYMPLE BAY,2,5032.314182138708,4.140942628738522,12.268039863057687,1.3354283985412283
SINGAPORE,QINGDAO,5,10799.123361069387,2.7339833909519853,8.389632340795158,0.8388354903237338
SANTOS,RICHARDS BAY,1,4759.244888619072,3.8093505514765207,9.99327818684171,1.3997287465723556
SANTOS,SINGAPORE,9,3001.4983482004477,1.8895947791279857,8.510372886772979,0.10103675354761898
DALRYMPLE BAY,SINGAPORE,12,10196.332383836294,4.003725596316546,11.611499537758865,0.8974367704472999
DALRYMPLE BAY,ROTTERDAM,8,10320.29971106571,2.4022349217256522,9.15943979595468,0.49181142069822964
RICHARDS BAY,SANTOS,2,11480.828266710034,4.6458474496632105,12.738424988258442,1.3298511839064968
SINGAPORE,QINGDAO,10,8282.172132764405,2.34319990522866,5.155990709560778,0.4023579161482887
SANTOS,QINGDAO,3,2321.4261204647596,1.4877649169864904,7.2631405171543815,0.0
SANTOS,DALRYMPLE BAY,6,5718.898089922271,1.5001860652953134,8.02156162439178,0.24740330435570373
SANTOS,NEWCASTLE,12,5970.051001982833,3.7186945966764515,11.869507614570932,1.91054258769466
QINGDAO,RICHARDS BAY,6,7865.240098715454,2.1917996210911808,8.847888119629028,0.0
RICHARDS BAY,SANTOS,10,2856.0271882420957,1.7005906562555047,5.948563373266994,0.055875416935922406
SINGAPORE,RICHARDS BAY,7,10328.823355722438,2.7797370650831192,8.685954860822998,0.41752360278177325
NEWCASTLE,QINGDAO,5,4135.143034297951,1.725664575260671,5.691459803630611,0.07905521938489549
DALRYMPLE BAY,SINGAPORE,12,11937.592596893066,3.750055933512775,11.63449039054831,1.0629900498542055
SANTOS,NEWCASTLE,4,3548.186483401984,1.693245812801405,5.758925751133768,0.5296002719383418
ROTTERDAM,DALRYMPLE BAY,5,6353.985928275943,1.7446019070864434,8.923424993803977,0.16927985006488205
NEWCASTLE,QINGDAO,9,2206.600241311391,2.309248217015548,8.137365463343874,0.8303891252632296
QINGDAO,DALRYMPLE BAY,9,6158.336879589854,2.14597422613795,6.725199461632265,0.0
DALRYMPLE BAY,QINGDAO,12,2264.9927381848843,3.3317025201987254,10.869421474572523,1.711706454661289
SINGAPORE,SANTOS,4,5079.4477415605725,2.088866379364483,8.461301302189344,0.9429292424870356
DALRYMPLE BAY,SANTOS,3,10215.296026245676,2.6759221497823593,8.269501942758028,0.7265010058861388
SINGAPORE,SANTOS,6,7251.018692799857,2.603435769972185,12.102084103407252,0.6627559531493669
DALRYMPLE BAY,QINGDAO,10,10539.420356490458,2.7622114046662287,8.25187116720637,0.36271955683088
QINGDAO,RICHARDS BAY,4,7178.76618425499,2.2709511128181696,9.071143546583638,0.6305514160652839
RICHARDS BAY,NEWCASTLE,3,3716.1662295849796,1.8630124819281273,8.071295428616809,0.0
SANTOS,SINGAPORE,9,8910.595184516573,2.6064181649353224,9.400657978989996,0.4636304995784032
SINGAPORE,QINGDAO,11,1741.5945744988649,1.664236547947158,5.348101247658328,0.18365044125443636
DALRYMPLE BAY,SANTOS,1,11386.189588491607,4.360506868827993,12.976585877775333,1.251718479806339
QINGDAO,DALRYMPLE BAY,5,4496.901192969013,2.125121716635193,5.512315442396421,0.4068196178073619
RICHARDS BAY,SINGAPORE,5,3011.0867902011514,2.03198515540711,6.64887546269052,0.19920982359053732
QINGDAO,DALRYMPLE BAY,4,3908.1578698745543,1.8111565737534754,8.721305865155681,0.7429121669150254
RICHARDS BAY,NEWCASTLE,5,1533.0582125579863,1.6414100119612713,6.129065770182835,0.4772420860235598
DALRYMPLE BAY,QINGDAO,3,4275.269261546451,2.39836601689738,8.112404540728841,0.9902005642109774
DALRYMPLE BAY,SINGAPORE,9,4185.668150550086,1.7548665111781674,8.82905559475293,0.492567343163441
ROTTERDAM,SINGAPORE,1,4711.882931579592,3.741699063598935,11.680354875519166,1.1164783932222047
DALRYMPLE BAY,ROTTERDAM,10,7408.450432620326,2.3476368901713878,10.059849435566102,0.5514011845556583
ROTTERDAM,SANTOS,2,2227.0585179611758,2.391756578293329,8.279944225203032,0.8532910403521745
NEWCASTLE,QINGDAO,12,10264.496531697534,4.752190910277134,13.906472527764738,1.6187096012020408
SINGAPORE,NEWCASTLE,8,5553.9409838582,2.4135127295304972,9.089892732263833,1.0793900236791716
RICHARDS BAY,ROTTERDAM,9,9266.44426650733,2.891167196538696,7.99750225414379,0.7821226941659325
SANTOS,QINGDAO,8,11442.948289411886,2.5612831608355124,8.609305799207544,0.7056406202714314
ROTTERDAM,NEWCASTLE,3,1955.2785033931973,1.7779854015366778,7.131023158924733,0.0
RICHARDS BAY,SINGAPORE,12,7322.172365060724,3.9343766664176503,11.475373259245824,1.0113287181193615
DALRYMPLE BAY,RICHARDS BAY,10,4285.289475543557,2.2414124242331344,9.318460305357569,0.3478044145704219
QINGDAO,RICHARDS BAY,3,7419.957043636533,2.5094409476052495,8.96413480039252,0.42700027110308614
ROTTERDAM,NEWCASTLE,8,2385.205340946933,2.2013920389182706,8.578713756416855,0.8190025531943146
DALRYMPLE BAY,NEWCASTLE,1,1785.717617845475,3.496889114490906,11.468797882389737,0.3201147583535312
SANTOS,NEWCASTLE,6,10243.186612363439,2.192506455920833,6.446319648006873,0.11663779453649753
NEWCASTLE,ROTTERDAM,6,2607.9014945693084,1.7853366042779586,7.853315947686075,0.03414414193466442
DALRYMPLE BAY,QINGDAO,2,5198.963161919775,3.5570708703978005,11.837220743802746,0.9430318993128082
RICHARDS BAY,NEWCASTLE,7,1826.0747531395002,1.1824293654109623,5.572788074062182,0.13196699375212745
NEWCASTLE,DALRYMPLE BAY,5,5658.55789425281,2.0635494506079297,7.4563497940814845,0.10360814793390644
NEWCASTLE,SANTOS,10,6859.37550812954,2.4305261943562155,8.689986559783229,0.6900489067020273
RICHARDS BAY,NEWCASTLE,12,9188.721072390437,3.9554276274465385,12.119955349068055,0.9681545067879475
DALRYMPLE BAY,SINGAPORE,4,11519.53315152419,2.8121338573200187,9.60043168464769,0.523333590395324
RICHARDS BAY,NEWCASTLE,11,8595.804837733986,1.9597212109049726,8.626658589208901,0.17529762288314604
SINGAPORE,RICHARDS BAY,4,2756.0353082690913,1.9972519546398853,8.287957729342644,0.7814658706512307
RICHARDS BAY,DALRYMPLE BAY,9,7350.814823925422,2.296743600246408,9.22432082726211,0.6788266301421835
SINGAPORE,NEWCASTLE,4,2290.642709081633,1.9693537394801244,7.977404196510868,0.4090150978158952
SANTOS,RICHARDS BAY,4,8348.56586836165,1.8318505491064425,8.553689013082328,0.3700999839527619
ROTTERDAM,RICHARDS BAY,9,11688.641186258936,2.258617299114211,8.964150562604091,0.803308636302186
ROTTERDAM,SANTOS,1,3042.629647453188,3.377245076449526,12.766803102572492,1.0557080652100166
ROTTERDAM,SANTOS,8,11427.07126552165,2.7126361481595502,9.21853740962921,1.0375343808652973
QINGDAO,NEWCASTLE,8,5362.509920693354,2.326138525677173,8.54301871832197,0.8024707013629019
QINGDAO,NEWCASTLE,1,9771.052805741867,3.95659027381237,12.11116776180277,1.1959858551347486
RICHARDS BAY,SANTOS,6,3555.1153897346067,2.0139940348859153,7.738332503996145,0.5639406205726762
SANTOS,RICHARDS BAY,3,2691.045333267871,1.8548761682121662,8.382227515393422,0.531709545088031
SANTOS,NEWCASTLE,6,9543.63568178124,2.3542064327496695,9.265169595212567,1.0565297524236625
NEWCASTLE,SANTOS,2,3685.761716333934,3.5580559323207837,12.256007581125782,0.9553343610468363
QINGDAO,SINGAPORE,2,6741.225456849356,3.843249475178628,10.995532301238503,1.401775400020652
RICHARDS BAY,DALRYMPLE BAY,2,9412.353170750042,3.9804820760439696,11.62018519936308,1.2948980344485004
SANTOS,ROTTERDAM,8,5825.131133337737,2.127986605630211,7.977242932473917,0.4855337049507204
RICHARDS BAY,ROTTERDAM,4,8714.799175462718,2.2544336692127493,9.884367476935642,0.6608170242005449
ROTTERDAM,NEWCASTLE,10,10584.216437370871,2.6211138741771896,10.95178495644211,0.4265114586422343
SANTOS,QINGDAO,9,5832.836565550905,2.5155955804647405,8.341478386098,0.6866047434125881
SINGAPORE,NEWCASTLE,4,5940.737941543636,2.249245116310263,7.1722781666597335,0.15769318273686367
QINGDAO,ROTTERDAM,11,11198.297435123555,2.70763438309271,10.218201138701573,0.8043962678306734
RICHARDS BAY,DALRYMPLE BAY,7,5002.42700780625,2.1502575700821653,6.468836200439245,0.47918596338489505
RICHARDS BAY,SANTOS,2,3006.5262681236,3.2421303046109156,11.79356039161242,0.6074698351525896
NEWCASTLE,QINGDAO,5,4849.443972917998,1.3577660336554063,5.804160081774787,0.38506040078217707
QINGDAO,RICHARDS BAY,12,4688.367399306589,3.936620706119067,13.64466667535692,1.8670837535092761
SANTOS,RICHARDS BAY,1,11034.681245209938,3.8017777192425495,11.472159100719836,0.5013412501707193
QINGDAO,SINGAPORE,12,11548.775117903451,4.295136565578526,12.383500041390667,1.6510013454139956
SANTOS,RICHARDS BAY,10,11058.762227024607,2.7199611603797167,9.51881087943233,0.22615678521515703
QINGDAO,ROTTERDAM,1,1831.5844341049149,2.976861705124493,8.879132496240727,0.9116750979104469
QINGDAO,SINGAPORE,12,5783.7710193380535,2.991847869697215,10.569757132813313,1.3815354185227091
RICHARDS BAY,QINGDAO,1,5858.319653227361,3.2952139713388062,10.262926875851424,1.3790141223058692
NEWCASTLE,SINGAPORE,7,11356.301977194806,3.0610261084927184,10.430283926677365,0.6336838592494711
SINGAPORE,QINGDAO,7,7801.351134556546,2.3199806313920783,8.352857407352879,0.6927013717024495
NEWCASTLE,QINGDAO,1,2669.7069440613063,3.0188387895193265,10.340415555060634,0.8009474033437323
RICHARDS BAY,NEWCASTLE,10,8874.085260336195,2.324716569130625,9.895999547659207,0.4358522476158466
NEWCASTLE,QINGDAO,8,6028.690391789212,1.7636262449891023,7.062937095426663,0.43425707775241784
NEWCASTLE,RICHARDS BAY,5,10381.455689580707,2.504016123468988,8.60015203370213,0.66309544850825
SINGAPORE,SANTOS,7,11497.112485964075,2.9945058305132655,10.596403087824854,0.6428598241020571
ROTTERDAM,SANTOS,3,3858.693172346985,2.072694396753476,7.684531127608502,0.5856371986180495
NEWCASTLE,DALRYMPLE BAY,6,10142.555562705373,2.9736031128909937,9.106693936815242,1.2901023916315362
NEWCASTLE,QINGDAO,2,8165.518983036499,4.0597079576681185,11.299148026380568,1.444781751146424
SANTOS,RICHARDS BAY,8,11339.905072058606,2.4795272893801172,8.397436953359275,0.3272404816797556
QINGDAO,ROTTERDAM,2,6596.985801778308,4.029709117654427,13.14779705989932,1.2618362886953935
SINGAPORE,RICHARDS BAY,1,2349.183520694506,2.75039994733538,10.096495439870704,1.3201521815089183
SANTOS,NEWCASTLE,7,2914.336784234356,1.7164069038994247,10.039975440714114,0.4209247546894823
RICHARDS BAY,SINGAPORE,7,5646.190753769927,1.4640303552537126,6.777866085983899,0.5088295307846809
SANTOS,DALRYMPLE BAY,10,11460.174481786613,2.696636384546132,7.9996975057972115,0.19163682040984542
NEWCASTLE,DALRYMPLE BAY,7,7300.401086990372,2.656277566923109,9.223887717181986,0.70072555707951
NEWCASTLE,SINGAPORE,6,8222.103810783125,2.1860875212029915,7.473999893614274,0.5530793491806647
QINGDAO,ROTTERDAM,9,9335.797765743662,2.7062588858235044,7.672573662251446,0.5218099516415531
SINGAPORE,ROTTERDAM,6,5266.755797229518,1.9787000369575671,7.870681280832639,0.601632107483055
RICHARDS BAY,SANTOS,1,1940.0993389978848,3.395240856741996,11.635618057361992,1.0198664615860644
NEWCASTLE,SANTOS,2,4321.9346756867735,3.4300855006287323,11.16927284472915,0.6310872963058152
DALRYMPLE BAY,NEWCASTLE,9,3724.378793682574,1.9264522541596574,7.719779247377647,0.7548385542621068
RICHARDS BAY,SINGAPORE,2,3028.1455835218603,3.3480658094587383,10.862082124190955,0.7378780616421448
ROTTERDAM,RICHARDS BAY,1,3373.935984974841,3.661344272197388,9.140704858047915,1.0744462496774034
SINGAPORE,DALRYMPLE BAY,12,1501.4566440272436,2.8476568013882764,10.348034400327082,0.12109122729102273
QINGDAO,RICHARDS BAY,11,5779.966701836861,2.1526998824110644,7.9836617782099815,0.3327493738956326
ROTTERDAM,SANTOS,12,6373.916195336846,3.8261116580911416,11.655586316549101,1.4174678401279528
NEWCASTLE,SANTOS,4,3236.3158350606495,1.6304880242313353,7.711516456059436,0.0502892782670919
RICHARDS BAY,DALRYMPLE BAY,9,3801.6701529559987,1.7088405070183104,6.937380195139847,0.3893915502744426
RICHARDS BAY,SINGAPORE,5,7142.310714463493,1.876064060041351,8.307014843037088,0.4407409808924406
NEWCASTLE,QINGDAO,6,8684.115973031203,2.5091349319083047,8.903615902643427,0.967518685730623
SINGAPORE,DALRYMPLE BAY,8,2088.4061066154636,1.5864875233608409,7.427839931968468,0.0
NEWCASTLE,ROTTERDAM,9,4709.7596455773,1.9937351312857552,7.355517399639741,0.32249865934909
QINGDAO,SANTOS,3,9780.501577732965,2.5013993903213723,8.238824772179104,0.5423340075971163
SANTOS,RICHARDS BAY,4,10716.853585475388,2.930764625411414,8.758595592037574,0.6099163459169947
DALRYMPLE BAY,SANTOS,1,10698.155360778881,4.355355637030567,11.58714519179104,1.1292553050243785
DALRYMPLE BAY,SINGAPORE,10,10744.324624975006,2.4412621758564326,8.700027064952288,0.5943150943061022
RICHARDS BAY,ROTTERDAM,5,5803.414605069672,1.425382406871008,7.173266840908968,0.3609868261874678
SINGAPORE,DALRYMPLE BAY,5,11334.724104707006,2.4260728330704358,7.272061599681358,0.4828045429334844
RICHARDS BAY,ROTTERDAM,9,3834.9866458834836,1.9517845337132242,7.128408293922104,0.42507929714820875
RICHARDS BAY,SANTOS,9,10559.813431032559,2.548125221885977,8.869507691989462,1.0974039933228585
QINGDAO,SANTOS,1,7105.0479209534315,3.802788854808334,9.691201717115737,0.6523011607040547
QINGDAO,RICHARDS BAY,12,6792.557176375694,3.5037820343671937,10.961659208273847,0.6548284213761316
ROTTERDAM,SANTOS,10,1614.0876615709292,1.7457123371231291,7.809543180817409,0.12268577577227877
DALRYMPLE BAY,NEWCASTLE,3,6503.828760527345,2.212784829674989,9.6091295824258,0.9124314111726868
DALRYMPLE BAY,SINGAPORE,1,11604.932322142391,4.0273883132562505,13.265594522487204,0.9772169353012086
NEWCASTLE,QINGDAO,4,7656.488382988863,2.5374089561439606,9.9258722000131,0.4503449412779663
SINGAPORE,NEWCASTLE,12,6352.236616141482,3.8854118199483194,9.98397237221878,0.857627675006034
NEWCASTLE,RICHARDS BAY,8,8670.52731022594,2.793611718272493,9.339583939786042,0.5894625846458532
NEWCASTLE,ROTTERDAM,4,10364.121663877728,2.1723783598564537,8.495663676638927,0.08168307049937629
QINGDAO,ROTTERDAM,4,1871.7688497006066,1.561599035197506,6.726883466727804,0.16323320398610863
RICHARDS BAY,SINGAPORE,1,4229.692684749353,3.4452542117535065,10.621061198828329,1.507507374389972
SANTOS,SINGAPORE,5,10983.05570545059,2.6214047156565403,7.441921554281555,0.9216984727052441
QINGDAO,SINGAPORE,2,6261.228829337531,3.77378241511568,12.04933485600819,1.0810764542015463
RICHARDS BAY,SINGAPORE,6,7958.312390520649,1.9693691640862223,9.07025697460178,0.5956675512415227
QINGDAO,DALRYMPLE BAY,12,8195.133113467255,4.073378217293342,12.572613800173235,0.9686438424081667
SINGAPORE,ROTTERDAM,1,4339.295624396627,2.992727318513245,9.166260581033509,0.8738307511946617
DALRYMPLE BAY,RICHARDS BAY,10,4364.021435254201,1.896286299705183,8.323178609196168,0.5727146058590102
